USE DispensaryManagement;
SET FOREIGN_KEY_CHECKS=0;
-- Temporarily drop appointment date triggers for seed data
DROP TRIGGER IF EXISTS trg_check_appointment_date;
DROP TRIGGER IF EXISTS trg_update_appointment_date;



-- SuperAdmins
INSERT INTO SuperAdmin (Name, Email, Phone, Status) VALUES ('Shreyas D', 'sd1@admin.college.edu', '9043321819', 'Active');
INSERT INTO SuperAdmin (Name, Email, Phone, Status) VALUES ('Harsh Jain', 'hj1@admin.college.edu', '9013389083', 'Active');

-- Doctors
INSERT INTO Doctor (Name, Specialization, Email, Phone, LicenseNumber, AvailableFrom, AvailableTo, WorkingDays, Status) VALUES ('Dr Ekta Hegde', 'Hepatologist', 'ekta.hegde1@hospital.com', '9637940265', 'DOC100', '10:00:00', '15:00:00', 'Mon-Wed', 'On Leave');
INSERT INTO Doctor (Name, Specialization, Email, Phone, LicenseNumber, AvailableFrom, AvailableTo, WorkingDays, Status) VALUES ('Dr Sanya Joshi', 'Dermatologist', 'sanya.joshi1@hospital.com', '9615594078', 'DOC101', '08:00:00', '17:00:00', 'Mon-Fri', 'Active');
INSERT INTO Doctor (Name, Specialization, Email, Phone, LicenseNumber, AvailableFrom, AvailableTo, WorkingDays, Status) VALUES ('Dr Tarun Khanna', 'Gastroenterologist', 'tarun.khanna1@hospital.com', '9931034131', 'DOC102', '11:00:00', '16:00:00', 'Mon-Sat', 'Active');
INSERT INTO Doctor (Name, Specialization, Email, Phone, LicenseNumber, AvailableFrom, AvailableTo, WorkingDays, Status) VALUES ('Dr Sneha Iyer', 'Gastroenterologist', 'sneha.iyer1@hospital.com', '9534192832', 'DOC103', '11:00:00', '17:00:00', 'Tue-Thu', 'On Leave');
INSERT INTO Doctor (Name, Specialization, Email, Phone, LicenseNumber, AvailableFrom, AvailableTo, WorkingDays, Status) VALUES ('Dr Uma Kamath', 'Hepatologist', 'uma.kamath1@hospital.com', '9350305641', 'DOC104', '09:00:00', '18:00:00', 'Tue-Thu', 'Active');
INSERT INTO Doctor (Name, Specialization, Email, Phone, LicenseNumber, AvailableFrom, AvailableTo, WorkingDays, Status) VALUES ('Dr Chetan Tiwari', 'Urologist', 'chetan.tiwari1@hospital.com', '9242388496', 'DOC105', '12:00:00', '17:00:00', 'Tue-Thu', 'Active');
INSERT INTO Doctor (Name, Specialization, Email, Phone, LicenseNumber, AvailableFrom, AvailableTo, WorkingDays, Status) VALUES ('Dr Keerthi Kulkarni', 'Rheumatologist', 'keerthi.kulkarni1@hospital.com', '9101226916', 'DOC106', '11:00:00', '18:00:00', 'Mon-Sat', 'Active');
INSERT INTO Doctor (Name, Specialization, Email, Phone, LicenseNumber, AvailableFrom, AvailableTo, WorkingDays, Status) VALUES ('Dr Jayesh Arora', 'General Physician', 'jayesh.arora1@hospital.com', '9184514627', 'DOC107', '08:00:00', '16:00:00', 'Mon-Wed', 'Active');
INSERT INTO Doctor (Name, Specialization, Email, Phone, LicenseNumber, AvailableFrom, AvailableTo, WorkingDays, Status) VALUES ('Dr Jatin Arora', 'Psychiatrist', 'jatin.arora1@hospital.com', '9893252880', 'DOC108', '12:00:00', '16:00:00', 'Mon-Sat', 'Active');
INSERT INTO Doctor (Name, Specialization, Email, Phone, LicenseNumber, AvailableFrom, AvailableTo, WorkingDays, Status) VALUES ('Dr Sneha Randhawa', 'Psychiatrist', 'sneha.randhawa1@hospital.com', '9303911718', 'DOC109', '09:00:00', '15:00:00', 'Mon-Sat', 'On Leave');
INSERT INTO Doctor (Name, Specialization, Email, Phone, LicenseNumber, AvailableFrom, AvailableTo, WorkingDays, Status) VALUES ('Dr Meera Malhotra', 'Nephrologist', 'meera.malhotra1@hospital.com', '9963834657', 'DOC110', '12:00:00', '17:00:00', 'Mon-Fri', 'Active');
INSERT INTO Doctor (Name, Specialization, Email, Phone, LicenseNumber, AvailableFrom, AvailableTo, WorkingDays, Status) VALUES ('Dr Deepak Das', 'General Physician', 'deepak.das1@hospital.com', '9983930103', 'DOC111', '08:00:00', '14:00:00', 'Tue-Thu', 'Active');
INSERT INTO Doctor (Name, Specialization, Email, Phone, LicenseNumber, AvailableFrom, AvailableTo, WorkingDays, Status) VALUES ('Dr Pooja Kapoor', 'Rheumatologist', 'pooja.kapoor1@hospital.com', '9382997376', 'DOC112', '09:00:00', '14:00:00', 'Mon-Fri', 'Active');
INSERT INTO Doctor (Name, Specialization, Email, Phone, LicenseNumber, AvailableFrom, AvailableTo, WorkingDays, Status) VALUES ('Dr Shubham Srivastava', 'Oncologist', 'shubham.srivastava1@hospital.com', '9701065133', 'DOC113', '09:00:00', '18:00:00', 'Mon-Sat', 'Active');
INSERT INTO Doctor (Name, Specialization, Email, Phone, LicenseNumber, AvailableFrom, AvailableTo, WorkingDays, Status) VALUES ('Dr Mohan Kapoor', 'Urologist', 'mohan.kapoor1@hospital.com', '9317810801', 'DOC114', '09:00:00', '15:00:00', 'Mon-Sat', 'Active');
INSERT INTO Doctor (Name, Specialization, Email, Phone, LicenseNumber, AvailableFrom, AvailableTo, WorkingDays, Status) VALUES ('Dr Nikita Arora', 'Endocrinologist', 'nikita.arora1@hospital.com', '9026064746', 'DOC115', '12:00:00', '17:00:00', 'Mon-Wed', 'Active');
INSERT INTO Doctor (Name, Specialization, Email, Phone, LicenseNumber, AvailableFrom, AvailableTo, WorkingDays, Status) VALUES ('Dr Nikita Singh', 'Hematologist', 'nikita.singh1@hospital.com', '9805009788', 'DOC116', '09:00:00', '14:00:00', 'Mon-Fri', 'Active');
INSERT INTO Doctor (Name, Specialization, Email, Phone, LicenseNumber, AvailableFrom, AvailableTo, WorkingDays, Status) VALUES ('Dr Deepak Bajaj', 'Dermatologist', 'deepak.bajaj1@hospital.com', '9361939909', 'DOC117', '08:00:00', '17:00:00', 'Tue-Thu', 'On Leave');
INSERT INTO Doctor (Name, Specialization, Email, Phone, LicenseNumber, AvailableFrom, AvailableTo, WorkingDays, Status) VALUES ('Dr Nikhil Gowda', 'Pulmonologist', 'nikhil.gowda1@hospital.com', '9346247510', 'DOC118', '11:00:00', '18:00:00', 'Mon-Fri', 'Active');
INSERT INTO Doctor (Name, Specialization, Email, Phone, LicenseNumber, AvailableFrom, AvailableTo, WorkingDays, Status) VALUES ('Dr Nikita Kulkarni', 'Ophthalmologist', 'nikita.kulkarni1@hospital.com', '9251354278', 'DOC119', '10:00:00', '18:00:00', 'Mon-Fri', 'Active');
INSERT INTO Doctor (Name, Specialization, Email, Phone, LicenseNumber, AvailableFrom, AvailableTo, WorkingDays, Status) VALUES ('Dr Jayesh Bose', 'Orthopedic', 'jayesh.bose1@hospital.com', '9241182449', 'DOC120', '09:00:00', '16:00:00', 'Mon-Wed', 'Active');
INSERT INTO Doctor (Name, Specialization, Email, Phone, LicenseNumber, AvailableFrom, AvailableTo, WorkingDays, Status) VALUES ('Dr Rahul Kulkarni', 'Rheumatologist', 'rahul.kulkarni1@hospital.com', '9401640052', 'DOC121', '10:00:00', '15:00:00', 'Mon-Sat', 'Active');
INSERT INTO Doctor (Name, Specialization, Email, Phone, LicenseNumber, AvailableFrom, AvailableTo, WorkingDays, Status) VALUES ('Dr Vikram Agarwal', 'General Physician', 'vikram.agarwal1@hospital.com', '9112805982', 'DOC122', '11:00:00', '15:00:00', 'Mon-Fri', 'Active');
INSERT INTO Doctor (Name, Specialization, Email, Phone, LicenseNumber, AvailableFrom, AvailableTo, WorkingDays, Status) VALUES ('Dr Anjali Banerjee', 'Gynecologist', 'anjali.banerjee1@hospital.com', '9315869232', 'DOC123', '09:00:00', '17:00:00', 'Mon-Fri', 'Active');
INSERT INTO Doctor (Name, Specialization, Email, Phone, LicenseNumber, AvailableFrom, AvailableTo, WorkingDays, Status) VALUES ('Dr Sanjay Dhaliwal', 'Oncologist', 'sanjay.dhaliwal1@hospital.com', '9342160733', 'DOC124', '11:00:00', '16:00:00', 'Tue-Thu', 'Active');
INSERT INTO Doctor (Name, Specialization, Email, Phone, LicenseNumber, AvailableFrom, AvailableTo, WorkingDays, Status) VALUES ('Dr Pankaj Menon', 'General Physician', 'pankaj.menon1@hospital.com', '9365414586', 'DOC125', '12:00:00', '16:00:00', 'Mon-Fri', 'Active');
INSERT INTO Doctor (Name, Specialization, Email, Phone, LicenseNumber, AvailableFrom, AvailableTo, WorkingDays, Status) VALUES ('Dr Rahul Reddy', 'Hematologist', 'rahul.reddy1@hospital.com', '9401965569', 'DOC126', '12:00:00', '14:00:00', 'Mon-Sat', 'Active');
INSERT INTO Doctor (Name, Specialization, Email, Phone, LicenseNumber, AvailableFrom, AvailableTo, WorkingDays, Status) VALUES ('Dr Naman Malhotra', 'Cardiologist', 'naman.malhotra1@hospital.com', '9608835615', 'DOC127', '12:00:00', '16:00:00', 'Mon-Fri', 'Active');
INSERT INTO Doctor (Name, Specialization, Email, Phone, LicenseNumber, AvailableFrom, AvailableTo, WorkingDays, Status) VALUES ('Dr Rohit Kulkarni', 'Psychiatrist', 'rohit.kulkarni1@hospital.com', '9656482366', 'DOC128', '09:00:00', '18:00:00', 'Tue-Thu', 'Active');
INSERT INTO Doctor (Name, Specialization, Email, Phone, LicenseNumber, AvailableFrom, AvailableTo, WorkingDays, Status) VALUES ('Dr Aarav Bose', 'Psychiatrist', 'aarav.bose1@hospital.com', '9369957773', 'DOC129', '12:00:00', '17:00:00', 'Mon-Wed', 'Active');
INSERT INTO Doctor (Name, Specialization, Email, Phone, LicenseNumber, AvailableFrom, AvailableTo, WorkingDays, Status) VALUES ('Dr Rakesh Kulkarni', 'Allergist', 'rakesh.kulkarni1@hospital.com', '9513433200', 'DOC130', '09:00:00', '17:00:00', 'Mon-Fri', 'Active');
INSERT INTO Doctor (Name, Specialization, Email, Phone, LicenseNumber, AvailableFrom, AvailableTo, WorkingDays, Status) VALUES ('Dr Tarun Saxena', 'Gynecologist', 'tarun.saxena1@hospital.com', '9676320163', 'DOC131', '09:00:00', '18:00:00', 'Mon-Sat', 'Active');
INSERT INTO Doctor (Name, Specialization, Email, Phone, LicenseNumber, AvailableFrom, AvailableTo, WorkingDays, Status) VALUES ('Dr Pradeep Bhatia', 'Orthopedic', 'pradeep.bhatia1@hospital.com', '9727889579', 'DOC132', '12:00:00', '17:00:00', 'Mon-Sat', 'Active');
INSERT INTO Doctor (Name, Specialization, Email, Phone, LicenseNumber, AvailableFrom, AvailableTo, WorkingDays, Status) VALUES ('Dr Indira Arora', 'Rheumatologist', 'indira.arora1@hospital.com', '9743487347', 'DOC133', '08:00:00', '16:00:00', 'Mon-Wed', 'Active');
INSERT INTO Doctor (Name, Specialization, Email, Phone, LicenseNumber, AvailableFrom, AvailableTo, WorkingDays, Status) VALUES ('Dr Sahil Jain', 'Dermatologist', 'sahil.jain1@hospital.com', '9223623166', 'DOC134', '10:00:00', '18:00:00', 'Mon-Sat', 'Active');
INSERT INTO Doctor (Name, Specialization, Email, Phone, LicenseNumber, AvailableFrom, AvailableTo, WorkingDays, Status) VALUES ('Dr Nikhil Randhawa', 'Oncologist', 'nikhil.randhawa1@hospital.com', '9690967054', 'DOC135', '11:00:00', '17:00:00', 'Mon-Wed', 'Active');
INSERT INTO Doctor (Name, Specialization, Email, Phone, LicenseNumber, AvailableFrom, AvailableTo, WorkingDays, Status) VALUES ('Dr Rajan Srivastava', 'Rheumatologist', 'rajan.srivastava1@hospital.com', '9065627298', 'DOC136', '08:00:00', '17:00:00', 'Mon-Fri', 'Active');
INSERT INTO Doctor (Name, Specialization, Email, Phone, LicenseNumber, AvailableFrom, AvailableTo, WorkingDays, Status) VALUES ('Dr Vikram Mehta', 'Urologist', 'vikram.mehta1@hospital.com', '9204653755', 'DOC137', '11:00:00', '16:00:00', 'Mon-Sat', 'Active');
INSERT INTO Doctor (Name, Specialization, Email, Phone, LicenseNumber, AvailableFrom, AvailableTo, WorkingDays, Status) VALUES ('Dr Divya Yadav', 'General Physician', 'divya.yadav1@hospital.com', '9805310033', 'DOC138', '08:00:00', '18:00:00', 'Mon-Wed', 'Active');
INSERT INTO Doctor (Name, Specialization, Email, Phone, LicenseNumber, AvailableFrom, AvailableTo, WorkingDays, Status) VALUES ('Dr Abhishek Gowda', 'Orthopedic', 'abhishek.gowda1@hospital.com', '9937452991', 'DOC139', '09:00:00', '16:00:00', 'Mon-Fri', 'Active');
INSERT INTO Doctor (Name, Specialization, Email, Phone, LicenseNumber, AvailableFrom, AvailableTo, WorkingDays, Status) VALUES ('Dr Sachin Saxena', 'Endocrinologist', 'sachin.saxena1@hospital.com', '9631931491', 'DOC140', '12:00:00', '14:00:00', 'Tue-Thu', 'Active');
INSERT INTO Doctor (Name, Specialization, Email, Phone, LicenseNumber, AvailableFrom, AvailableTo, WorkingDays, Status) VALUES ('Dr Xenia Mukherjee', 'Dermatologist', 'xenia.mukherjee1@hospital.com', '9850671657', 'DOC141', '09:00:00', '17:00:00', 'Mon-Wed', 'Active');
INSERT INTO Doctor (Name, Specialization, Email, Phone, LicenseNumber, AvailableFrom, AvailableTo, WorkingDays, Status) VALUES ('Dr Wasim Kapoor', 'Allergist', 'wasim.kapoor1@hospital.com', '9877694531', 'DOC142', '10:00:00', '17:00:00', 'Mon-Wed', 'Active');
INSERT INTO Doctor (Name, Specialization, Email, Phone, LicenseNumber, AvailableFrom, AvailableTo, WorkingDays, Status) VALUES ('Dr Lavanya Khanna', 'Endocrinologist', 'lavanya.khanna1@hospital.com', '9507527354', 'DOC143', '10:00:00', '16:00:00', 'Tue-Thu', 'Active');
INSERT INTO Doctor (Name, Specialization, Email, Phone, LicenseNumber, AvailableFrom, AvailableTo, WorkingDays, Status) VALUES ('Dr Farhan Rao', 'Dermatologist', 'farhan.rao1@hospital.com', '9367837770', 'DOC144', '08:00:00', '16:00:00', 'Mon-Wed', 'Active');
INSERT INTO Doctor (Name, Specialization, Email, Phone, LicenseNumber, AvailableFrom, AvailableTo, WorkingDays, Status) VALUES ('Dr Pradeep Bose', 'Hematologist', 'pradeep.bose1@hospital.com', '9578856855', 'DOC145', '11:00:00', '16:00:00', 'Tue-Thu', 'Active');
INSERT INTO Doctor (Name, Specialization, Email, Phone, LicenseNumber, AvailableFrom, AvailableTo, WorkingDays, Status) VALUES ('Dr Karan D\'Souza', 'Gynecologist', 'karan.d\'souza1@hospital.com', '9518233749', 'DOC146', '12:00:00', '18:00:00', 'Tue-Thu', 'On Leave');
INSERT INTO Doctor (Name, Specialization, Email, Phone, LicenseNumber, AvailableFrom, AvailableTo, WorkingDays, Status) VALUES ('Dr Naman Chopra', 'ENT Specialist', 'naman.chopra1@hospital.com', '9524082400', 'DOC147', '12:00:00', '16:00:00', 'Mon-Wed', 'Active');
INSERT INTO Doctor (Name, Specialization, Email, Phone, LicenseNumber, AvailableFrom, AvailableTo, WorkingDays, Status) VALUES ('Dr Bhavna Joshi', 'General Physician', 'bhavna.joshi1@hospital.com', '9947775204', 'DOC148', '11:00:00', '14:00:00', 'Mon-Fri', 'Active');
INSERT INTO Doctor (Name, Specialization, Email, Phone, LicenseNumber, AvailableFrom, AvailableTo, WorkingDays, Status) VALUES ('Dr Deepika Saxena', 'Cardiologist', 'deepika.saxena1@hospital.com', '9229413186', 'DOC149', '12:00:00', '18:00:00', 'Mon-Wed', 'Active');

-- Staff Employees
INSERT INTO StaffEmployee (Name, Role, Email, Phone, ShiftTiming, HireDate, LicenseNumber, Status) VALUES ('Anjali Ghosh', 'Admin', 'anjali.ghosh1@college.edu', '9766270289', 'General', '2022-11-17', NULL, 'Active');
INSERT INTO StaffEmployee (Name, Role, Email, Phone, ShiftTiming, HireDate, LicenseNumber, Status) VALUES ('Ishaan Arora', 'Nurse', 'ishaan.arora1@college.edu', '9718702621', 'Night', '2022-05-20', 'NUR337', 'Active');
INSERT INTO StaffEmployee (Name, Role, Email, Phone, ShiftTiming, HireDate, LicenseNumber, Status) VALUES ('Rahul Das', 'Nurse', 'rahul.das1@college.edu', '9961586578', 'Morning', '2021-06-18', 'NUR238', 'Active');
INSERT INTO StaffEmployee (Name, Role, Email, Phone, ShiftTiming, HireDate, LicenseNumber, Status) VALUES ('Deepak Desai', 'Nurse', 'deepak.desai1@college.edu', '9431611724', 'Morning', '2018-04-05', 'NUR217', 'Active');
INSERT INTO StaffEmployee (Name, Role, Email, Phone, ShiftTiming, HireDate, LicenseNumber, Status) VALUES ('Sandeep Dhaliwal', 'Nurse', 'sandeep.dhaliwal1@college.edu', '9045562386', 'Evening', '2018-12-15', 'NUR339', 'Active');
INSERT INTO StaffEmployee (Name, Role, Email, Phone, ShiftTiming, HireDate, LicenseNumber, Status) VALUES ('Mihir Gupta', 'Nurse', 'mihir.gupta1@college.edu', '9969379237', 'General', '2020-07-30', 'NUR346', 'Active');
INSERT INTO StaffEmployee (Name, Role, Email, Phone, ShiftTiming, HireDate, LicenseNumber, Status) VALUES ('Priya Gowda', 'Nurse', 'priya.gowda1@college.edu', '9074821759', 'General', '2021-08-01', 'NUR223', 'Active');
INSERT INTO StaffEmployee (Name, Role, Email, Phone, ShiftTiming, HireDate, LicenseNumber, Status) VALUES ('Vikram Kamath', 'Technician', 'vikram.kamath1@college.edu', '9474367136', 'General', '2021-03-23', 'TECH100', 'Active');
INSERT INTO StaffEmployee (Name, Role, Email, Phone, ShiftTiming, HireDate, LicenseNumber, Status) VALUES ('Ravi Kamath', 'Nurse', 'ravi.kamath1@college.edu', '9406409097', 'General', '2022-05-08', 'NUR228', 'Active');
INSERT INTO StaffEmployee (Name, Role, Email, Phone, ShiftTiming, HireDate, LicenseNumber, Status) VALUES ('Pankaj Bajaj', 'Nurse', 'pankaj.bajaj1@college.edu', '9533942104', 'Night', '2018-03-10', 'NUR313', 'Active');
INSERT INTO StaffEmployee (Name, Role, Email, Phone, ShiftTiming, HireDate, LicenseNumber, Status) VALUES ('Naina Mukherjee', 'Support Staff', 'naina.mukherjee1@college.edu', '9214562328', 'General', '2020-12-23', NULL, 'Active');
INSERT INTO StaffEmployee (Name, Role, Email, Phone, ShiftTiming, HireDate, LicenseNumber, Status) VALUES ('Dhruv Kapoor', 'Nurse', 'dhruv.kapoor1@college.edu', '9247451712', 'Evening', '2022-10-28', 'NUR302', 'Active');
INSERT INTO StaffEmployee (Name, Role, Email, Phone, ShiftTiming, HireDate, LicenseNumber, Status) VALUES ('Zubin D\'Souza', 'Nurse', 'zubin.d\'souza1@college.edu', '9685160481', 'Night', '2020-01-25', 'NUR232', 'Active');
INSERT INTO StaffEmployee (Name, Role, Email, Phone, ShiftTiming, HireDate, LicenseNumber, Status) VALUES ('Zubin Pereira', 'Nurse', 'zubin.pereira1@college.edu', '9496513709', 'General', '2023-02-18', 'NUR222', 'Active');
INSERT INTO StaffEmployee (Name, Role, Email, Phone, ShiftTiming, HireDate, LicenseNumber, Status) VALUES ('Ritesh Menon', 'Support Staff', 'ritesh.menon1@college.edu', '9174612004', 'Night', '2018-08-26', NULL, 'Active');
INSERT INTO StaffEmployee (Name, Role, Email, Phone, ShiftTiming, HireDate, LicenseNumber, Status) VALUES ('Ishaan Desai', 'Nurse', 'ishaan.desai1@college.edu', '9826758692', 'Night', '2021-09-03', 'NUR289', 'Active');
INSERT INTO StaffEmployee (Name, Role, Email, Phone, ShiftTiming, HireDate, LicenseNumber, Status) VALUES ('Ishaan Randhawa', 'Technician', 'ishaan.randhawa1@college.edu', '9796405377', 'Evening', '2022-10-18', 'TECH116', 'Active');
INSERT INTO StaffEmployee (Name, Role, Email, Phone, ShiftTiming, HireDate, LicenseNumber, Status) VALUES ('Sneha Joshi', 'Nurse', 'sneha.joshi1@college.edu', '9585064317', 'Morning', '2021-09-19', 'NUR281', 'Active');
INSERT INTO StaffEmployee (Name, Role, Email, Phone, ShiftTiming, HireDate, LicenseNumber, Status) VALUES ('Nikita Hegde', 'Nurse', 'nikita.hegde1@college.edu', '9900532931', 'Evening', '2021-04-15', 'NUR341', 'Active');
INSERT INTO StaffEmployee (Name, Role, Email, Phone, ShiftTiming, HireDate, LicenseNumber, Status) VALUES ('Nikita Sidhu', 'Nurse', 'nikita.sidhu1@college.edu', '9352904228', 'General', '2022-06-24', 'NUR300', 'Active');
INSERT INTO StaffEmployee (Name, Role, Email, Phone, ShiftTiming, HireDate, LicenseNumber, Status) VALUES ('Mihir Shah', 'Nurse', 'mihir.shah1@college.edu', '9020539502', 'General', '2018-04-18', 'NUR284', 'Active');
INSERT INTO StaffEmployee (Name, Role, Email, Phone, ShiftTiming, HireDate, LicenseNumber, Status) VALUES ('Kavita Pereira', 'Nurse', 'kavita.pereira1@college.edu', '9681177589', 'Morning', '2020-07-14', 'NUR244', 'Active');
INSERT INTO StaffEmployee (Name, Role, Email, Phone, ShiftTiming, HireDate, LicenseNumber, Status) VALUES ('Dhruv Menon', 'Pharmacist', 'dhruv.menon1@college.edu', '9908470076', 'Night', '2021-11-06', 'PHR102', 'Active');
INSERT INTO StaffEmployee (Name, Role, Email, Phone, ShiftTiming, HireDate, LicenseNumber, Status) VALUES ('Jatin Maurya', 'Technician', 'jatin.maurya1@college.edu', '9711592124', 'General', '2020-02-20', 'TECH109', 'Active');
INSERT INTO StaffEmployee (Name, Role, Email, Phone, ShiftTiming, HireDate, LicenseNumber, Status) VALUES ('Pallavi Patil', 'Nurse', 'pallavi.patil1@college.edu', '9478961183', 'Night', '2020-07-13', 'NUR329', 'Active');
INSERT INTO StaffEmployee (Name, Role, Email, Phone, ShiftTiming, HireDate, LicenseNumber, Status) VALUES ('Pankaj Mishra', 'Nurse', 'pankaj.mishra1@college.edu', '9576615654', 'General', '2023-05-07', 'NUR282', 'Active');
INSERT INTO StaffEmployee (Name, Role, Email, Phone, ShiftTiming, HireDate, LicenseNumber, Status) VALUES ('Lakshmi Shetty', 'Nurse', 'lakshmi.shetty1@college.edu', '9711116152', 'Morning', '2021-04-16', 'NUR266', 'Active');
INSERT INTO StaffEmployee (Name, Role, Email, Phone, ShiftTiming, HireDate, LicenseNumber, Status) VALUES ('Khushi Agarwal', 'Nurse', 'khushi.agarwal1@college.edu', '9516560494', 'General', '2018-08-01', 'NUR288', 'Active');
INSERT INTO StaffEmployee (Name, Role, Email, Phone, ShiftTiming, HireDate, LicenseNumber, Status) VALUES ('Madhur Kulkarni', 'Support Staff', 'madhur.kulkarni1@college.edu', '9327315851', 'General', '2021-03-21', NULL, 'Active');
INSERT INTO StaffEmployee (Name, Role, Email, Phone, ShiftTiming, HireDate, LicenseNumber, Status) VALUES ('Omkar Sandhu', 'Support Staff', 'omkar.sandhu1@college.edu', '9689980940', 'Evening', '2019-07-14', NULL, 'Active');
INSERT INTO StaffEmployee (Name, Role, Email, Phone, ShiftTiming, HireDate, LicenseNumber, Status) VALUES ('Chetna Lal', 'Support Staff', 'chetna.lal1@college.edu', '9455022961', 'Evening', '2022-02-26', NULL, 'Active');
INSERT INTO StaffEmployee (Name, Role, Email, Phone, ShiftTiming, HireDate, LicenseNumber, Status) VALUES ('Uma Patel', 'Nurse', 'uma.patel1@college.edu', '9183667525', 'General', '2022-01-17', 'NUR216', 'Active');
INSERT INTO StaffEmployee (Name, Role, Email, Phone, ShiftTiming, HireDate, LicenseNumber, Status) VALUES ('Sandeep Gill', 'Nurse', 'sandeep.gill1@college.edu', '9991022901', 'General', '2020-06-26', 'NUR242', 'Active');
INSERT INTO StaffEmployee (Name, Role, Email, Phone, ShiftTiming, HireDate, LicenseNumber, Status) VALUES ('Xenia Srivastava', 'Nurse', 'xenia.srivastava1@college.edu', '9797643815', 'Night', '2018-08-16', 'NUR274', 'Active');
INSERT INTO StaffEmployee (Name, Role, Email, Phone, ShiftTiming, HireDate, LicenseNumber, Status) VALUES ('Rakesh Shetty', 'Nurse', 'rakesh.shetty1@college.edu', '9978403690', 'Morning', '2019-02-23', 'NUR291', 'Active');
INSERT INTO StaffEmployee (Name, Role, Email, Phone, ShiftTiming, HireDate, LicenseNumber, Status) VALUES ('Rohit Pillai', 'Technician', 'rohit.pillai1@college.edu', '9244510762', 'Evening', '2020-02-18', 'TECH107', 'Active');
INSERT INTO StaffEmployee (Name, Role, Email, Phone, ShiftTiming, HireDate, LicenseNumber, Status) VALUES ('Harish Fernandes', 'Nurse', 'harish.fernandes1@college.edu', '9388516060', 'Night', '2023-03-02', 'NUR243', 'Active');
INSERT INTO StaffEmployee (Name, Role, Email, Phone, ShiftTiming, HireDate, LicenseNumber, Status) VALUES ('Deepika Arora', 'Nurse', 'deepika.arora1@college.edu', '9596966416', 'Morning', '2023-06-02', 'NUR207', 'Active');
INSERT INTO StaffEmployee (Name, Role, Email, Phone, ShiftTiming, HireDate, LicenseNumber, Status) VALUES ('Sandeep Iyer', 'Nurse', 'sandeep.iyer1@college.edu', '9975161369', 'Night', '2020-12-09', 'NUR317', 'Active');
INSERT INTO StaffEmployee (Name, Role, Email, Phone, ShiftTiming, HireDate, LicenseNumber, Status) VALUES ('Divya Tiwari', 'Nurse', 'divya.tiwari1@college.edu', '9453521818', 'Evening', '2023-01-30', 'NUR319', 'Active');
INSERT INTO StaffEmployee (Name, Role, Email, Phone, ShiftTiming, HireDate, LicenseNumber, Status) VALUES ('Shreya Banerjee', 'Pharmacist', 'shreya.banerjee1@college.edu', '9231243292', 'Morning', '2018-12-29', 'PHR106', 'Active');
INSERT INTO StaffEmployee (Name, Role, Email, Phone, ShiftTiming, HireDate, LicenseNumber, Status) VALUES ('Tarun Maurya', 'Nurse', 'tarun.maurya1@college.edu', '9799799552', 'Night', '2018-05-20', 'NUR344', 'Active');
INSERT INTO StaffEmployee (Name, Role, Email, Phone, ShiftTiming, HireDate, LicenseNumber, Status) VALUES ('Abhishek Dubey', 'Nurse', 'abhishek.dubey1@college.edu', '9449058147', 'Night', '2018-03-19', 'NUR324', 'Active');
INSERT INTO StaffEmployee (Name, Role, Email, Phone, ShiftTiming, HireDate, LicenseNumber, Status) VALUES ('Aryan Mukherjee', 'Pharmacist', 'aryan.mukherjee1@college.edu', '9411998679', 'Morning', '2020-07-10', 'PHR104', 'Active');
INSERT INTO StaffEmployee (Name, Role, Email, Phone, ShiftTiming, HireDate, LicenseNumber, Status) VALUES ('Madhur Hegde', 'Nurse', 'madhur.hegde1@college.edu', '9359782071', 'General', '2022-01-02', 'NUR275', 'Active');
INSERT INTO StaffEmployee (Name, Role, Email, Phone, ShiftTiming, HireDate, LicenseNumber, Status) VALUES ('Divya Kulkarni', 'Technician', 'divya.kulkarni1@college.edu', '9203778892', 'General', '2020-02-03', 'TECH119', 'Active');
INSERT INTO StaffEmployee (Name, Role, Email, Phone, ShiftTiming, HireDate, LicenseNumber, Status) VALUES ('Rakesh Pandey', 'Nurse', 'rakesh.pandey1@college.edu', '9659051518', 'Night', '2019-08-05', 'NUR212', 'Active');
INSERT INTO StaffEmployee (Name, Role, Email, Phone, ShiftTiming, HireDate, LicenseNumber, Status) VALUES ('Priya D\'Souza', 'Pharmacist', 'priya.d\'souza1@college.edu', '9925192546', 'Evening', '2021-05-03', 'PHR107', 'Active');
INSERT INTO StaffEmployee (Name, Role, Email, Phone, ShiftTiming, HireDate, LicenseNumber, Status) VALUES ('Disha Gupta', 'Nurse', 'disha.gupta1@college.edu', '9486528168', 'General', '2018-02-07', 'NUR287', 'Active');
INSERT INTO StaffEmployee (Name, Role, Email, Phone, ShiftTiming, HireDate, LicenseNumber, Status) VALUES ('Sneha Bose', 'Nurse', 'sneha.bose1@college.edu', '9235733221', 'General', '2022-09-26', 'NUR349', 'Active');
INSERT INTO StaffEmployee (Name, Role, Email, Phone, ShiftTiming, HireDate, LicenseNumber, Status) VALUES ('Ishaan Kulkarni', 'Nurse', 'ishaan.kulkarni1@college.edu', '9880592962', 'Evening', '2019-01-06', 'NUR240', 'Active');
INSERT INTO StaffEmployee (Name, Role, Email, Phone, ShiftTiming, HireDate, LicenseNumber, Status) VALUES ('Brijesh Gill', 'Nurse', 'brijesh.gill1@college.edu', '9927065379', 'General', '2022-03-21', 'NUR342', 'Active');
INSERT INTO StaffEmployee (Name, Role, Email, Phone, ShiftTiming, HireDate, LicenseNumber, Status) VALUES ('Indira Dhaliwal', 'Nurse', 'indira.dhaliwal1@college.edu', '9738347359', 'Night', '2020-08-03', 'NUR204', 'Active');
INSERT INTO StaffEmployee (Name, Role, Email, Phone, ShiftTiming, HireDate, LicenseNumber, Status) VALUES ('Rakesh Gill', 'Nurse', 'rakesh.gill1@college.edu', '9688623924', 'Morning', '2021-08-06', 'NUR290', 'Active');
INSERT INTO StaffEmployee (Name, Role, Email, Phone, ShiftTiming, HireDate, LicenseNumber, Status) VALUES ('Aditi Arora', 'Nurse', 'aditi.arora1@college.edu', '9581814124', 'Night', '2023-01-29', 'NUR286', 'Active');
INSERT INTO StaffEmployee (Name, Role, Email, Phone, ShiftTiming, HireDate, LicenseNumber, Status) VALUES ('Esha Nair', 'Support Staff', 'esha.nair1@college.edu', '9613750606', 'General', '2019-04-28', NULL, 'Active');
INSERT INTO StaffEmployee (Name, Role, Email, Phone, ShiftTiming, HireDate, LicenseNumber, Status) VALUES ('Tanvi Gupta', 'Pharmacist', 'tanvi.gupta1@college.edu', '9530515220', 'General', '2023-02-22', 'PHR109', 'Active');
INSERT INTO StaffEmployee (Name, Role, Email, Phone, ShiftTiming, HireDate, LicenseNumber, Status) VALUES ('Abhishek Kamath', 'Nurse', 'abhishek.kamath1@college.edu', '9277901043', 'Evening', '2021-01-28', 'NUR202', 'Active');
INSERT INTO StaffEmployee (Name, Role, Email, Phone, ShiftTiming, HireDate, LicenseNumber, Status) VALUES ('Girish Bajaj', 'Support Staff', 'girish.bajaj1@college.edu', '9861434103', 'Night', '2021-08-01', NULL, 'Active');
INSERT INTO StaffEmployee (Name, Role, Email, Phone, ShiftTiming, HireDate, LicenseNumber, Status) VALUES ('Sumit Chauhan', 'Nurse', 'sumit.chauhan1@college.edu', '9117980893', 'Evening', '2019-08-20', 'NUR285', 'Active');
INSERT INTO StaffEmployee (Name, Role, Email, Phone, ShiftTiming, HireDate, LicenseNumber, Status) VALUES ('Vikram Sharma', 'Nurse', 'vikram.sharma1@college.edu', '9953962185', 'Morning', '2023-05-07', 'NUR325', 'Active');
INSERT INTO StaffEmployee (Name, Role, Email, Phone, ShiftTiming, HireDate, LicenseNumber, Status) VALUES ('Geeta Jain', 'Nurse', 'geeta.jain1@college.edu', '9888067065', 'General', '2022-03-11', 'NUR270', 'Active');
INSERT INTO StaffEmployee (Name, Role, Email, Phone, ShiftTiming, HireDate, LicenseNumber, Status) VALUES ('Akash Banerjee', 'Nurse', 'akash.banerjee1@college.edu', '9153195205', 'General', '2022-07-25', 'NUR316', 'Active');
INSERT INTO StaffEmployee (Name, Role, Email, Phone, ShiftTiming, HireDate, LicenseNumber, Status) VALUES ('Vinay Reddy', 'Admin', 'vinay.reddy1@college.edu', '9772217043', 'Morning', '2022-06-09', NULL, 'Active');
INSERT INTO StaffEmployee (Name, Role, Email, Phone, ShiftTiming, HireDate, LicenseNumber, Status) VALUES ('Neha Kumar', 'Nurse', 'neha.kumar1@college.edu', '9548687403', 'General', '2020-01-02', 'NUR234', 'Active');
INSERT INTO StaffEmployee (Name, Role, Email, Phone, ShiftTiming, HireDate, LicenseNumber, Status) VALUES ('Arjun Arora', 'Nurse', 'arjun.arora1@college.edu', '9541566765', 'Evening', '2020-10-13', 'NUR301', 'Active');
INSERT INTO StaffEmployee (Name, Role, Email, Phone, ShiftTiming, HireDate, LicenseNumber, Status) VALUES ('Brijesh Maurya', 'Nurse', 'brijesh.maurya1@college.edu', '9584161692', 'General', '2019-10-20', 'NUR225', 'Active');
INSERT INTO StaffEmployee (Name, Role, Email, Phone, ShiftTiming, HireDate, LicenseNumber, Status) VALUES ('Jatin Gupta', 'Admin', 'jatin.gupta1@college.edu', '9544796275', 'Night', '2018-03-28', NULL, 'Active');
INSERT INTO StaffEmployee (Name, Role, Email, Phone, ShiftTiming, HireDate, LicenseNumber, Status) VALUES ('Girish Arora', 'Nurse', 'girish.arora1@college.edu', '9596401658', 'Evening', '2023-05-06', 'NUR348', 'Active');
INSERT INTO StaffEmployee (Name, Role, Email, Phone, ShiftTiming, HireDate, LicenseNumber, Status) VALUES ('Amit Nair', 'Technician', 'amit.nair1@college.edu', '9970213556', 'Morning', '2021-05-24', 'TECH112', 'Active');
INSERT INTO StaffEmployee (Name, Role, Email, Phone, ShiftTiming, HireDate, LicenseNumber, Status) VALUES ('Lakshmi Shetty', 'Pharmacist', 'lakshmi.shetty2@college.edu', '9755719285', 'Night', '2019-10-06', 'PHR108', 'Active');
INSERT INTO StaffEmployee (Name, Role, Email, Phone, ShiftTiming, HireDate, LicenseNumber, Status) VALUES ('Wasim Kapoor', 'Nurse', 'wasim.kapoor1@college.edu', '9310278681', 'General', '2022-05-07', 'NUR296', 'Active');
INSERT INTO StaffEmployee (Name, Role, Email, Phone, ShiftTiming, HireDate, LicenseNumber, Status) VALUES ('Rahul Fernandes', 'Nurse', 'rahul.fernandes1@college.edu', '9739473121', 'Night', '2018-12-20', 'NUR211', 'Active');
INSERT INTO StaffEmployee (Name, Role, Email, Phone, ShiftTiming, HireDate, LicenseNumber, Status) VALUES ('Ekta Dubey', 'Nurse', 'ekta.dubey1@college.edu', '9155188442', 'Evening', '2022-06-14', 'NUR293', 'Active');
INSERT INTO StaffEmployee (Name, Role, Email, Phone, ShiftTiming, HireDate, LicenseNumber, Status) VALUES ('Sneha Kulkarni', 'Nurse', 'sneha.kulkarni1@college.edu', '9313237058', 'General', '2020-08-15', 'NUR229', 'Active');
INSERT INTO StaffEmployee (Name, Role, Email, Phone, ShiftTiming, HireDate, LicenseNumber, Status) VALUES ('Jayesh Mehta', 'Nurse', 'jayesh.mehta1@college.edu', '9911467866', 'Morning', '2018-09-14', 'NUR221', 'Active');
INSERT INTO StaffEmployee (Name, Role, Email, Phone, ShiftTiming, HireDate, LicenseNumber, Status) VALUES ('Sahil Hegde', 'Nurse', 'sahil.hegde1@college.edu', '9177852892', 'Evening', '2020-06-05', 'NUR330', 'Active');
INSERT INTO StaffEmployee (Name, Role, Email, Phone, ShiftTiming, HireDate, LicenseNumber, Status) VALUES ('Dhruv Arora', 'Nurse', 'dhruv.arora1@college.edu', '9018242253', 'General', '2023-04-25', 'NUR318', 'Active');
INSERT INTO StaffEmployee (Name, Role, Email, Phone, ShiftTiming, HireDate, LicenseNumber, Status) VALUES ('Farhan Chopra', 'Nurse', 'farhan.chopra1@college.edu', '9143842498', 'Morning', '2020-10-26', 'NUR297', 'Active');
INSERT INTO StaffEmployee (Name, Role, Email, Phone, ShiftTiming, HireDate, LicenseNumber, Status) VALUES ('Vinay Iyer', 'Nurse', 'vinay.iyer1@college.edu', '9992299590', 'Morning', '2018-06-16', 'NUR241', 'Active');
INSERT INTO StaffEmployee (Name, Role, Email, Phone, ShiftTiming, HireDate, LicenseNumber, Status) VALUES ('Anjali Hegde', 'Nurse', 'anjali.hegde1@college.edu', '9943969078', 'General', '2021-08-07', 'NUR320', 'Active');
INSERT INTO StaffEmployee (Name, Role, Email, Phone, ShiftTiming, HireDate, LicenseNumber, Status) VALUES ('Rohit Yadav', 'Nurse', 'rohit.yadav1@college.edu', '9364710276', 'Night', '2020-08-09', 'NUR219', 'Active');
INSERT INTO StaffEmployee (Name, Role, Email, Phone, ShiftTiming, HireDate, LicenseNumber, Status) VALUES ('Nikhil Das', 'Nurse', 'nikhil.das1@college.edu', '9925556258', 'Morning', '2019-10-16', 'NUR328', 'Active');
INSERT INTO StaffEmployee (Name, Role, Email, Phone, ShiftTiming, HireDate, LicenseNumber, Status) VALUES ('Pooja Chauhan', 'Technician', 'pooja.chauhan1@college.edu', '9147321046', 'Night', '2019-05-24', 'TECH103', 'Active');
INSERT INTO StaffEmployee (Name, Role, Email, Phone, ShiftTiming, HireDate, LicenseNumber, Status) VALUES ('Manish Sidhu', 'Technician', 'manish.sidhu1@college.edu', '9595327877', 'General', '2020-10-15', 'TECH101', 'Active');
INSERT INTO StaffEmployee (Name, Role, Email, Phone, ShiftTiming, HireDate, LicenseNumber, Status) VALUES ('Akash Gupta', 'Nurse', 'akash.gupta1@college.edu', '9687339500', 'General', '2020-10-10', 'NUR338', 'Active');
INSERT INTO StaffEmployee (Name, Role, Email, Phone, ShiftTiming, HireDate, LicenseNumber, Status) VALUES ('Pallavi Randhawa', 'Nurse', 'pallavi.randhawa1@college.edu', '9748016245', 'Night', '2020-01-20', 'NUR295', 'Active');
INSERT INTO StaffEmployee (Name, Role, Email, Phone, ShiftTiming, HireDate, LicenseNumber, Status) VALUES ('Anjali Tiwari', 'Technician', 'anjali.tiwari1@college.edu', '9098358416', 'Night', '2022-04-15', 'TECH114', 'Active');
INSERT INTO StaffEmployee (Name, Role, Email, Phone, ShiftTiming, HireDate, LicenseNumber, Status) VALUES ('Jayesh Kapoor', 'Nurse', 'jayesh.kapoor1@college.edu', '9991216558', 'General', '2022-03-27', 'NUR260', 'Active');
INSERT INTO StaffEmployee (Name, Role, Email, Phone, ShiftTiming, HireDate, LicenseNumber, Status) VALUES ('Kunal Rao', 'Nurse', 'kunal.rao1@college.edu', '9986800025', 'Night', '2020-11-29', 'NUR294', 'Active');
INSERT INTO StaffEmployee (Name, Role, Email, Phone, ShiftTiming, HireDate, LicenseNumber, Status) VALUES ('Yogesh Nair', 'Nurse', 'yogesh.nair1@college.edu', '9982595269', 'General', '2021-04-30', 'NUR209', 'Active');
INSERT INTO StaffEmployee (Name, Role, Email, Phone, ShiftTiming, HireDate, LicenseNumber, Status) VALUES ('Sanya Kulkarni', 'Support Staff', 'sanya.kulkarni1@college.edu', '9887947055', 'Morning', '2020-05-03', NULL, 'Active');
INSERT INTO StaffEmployee (Name, Role, Email, Phone, ShiftTiming, HireDate, LicenseNumber, Status) VALUES ('Naina Bose', 'Nurse', 'naina.bose1@college.edu', '9097499309', 'Night', '2018-12-16', 'NUR227', 'Active');
INSERT INTO StaffEmployee (Name, Role, Email, Phone, ShiftTiming, HireDate, LicenseNumber, Status) VALUES ('Geeta Naik', 'Technician', 'geeta.naik1@college.edu', '9962309130', 'Night', '2019-10-05', 'TECH115', 'Active');
INSERT INTO StaffEmployee (Name, Role, Email, Phone, ShiftTiming, HireDate, LicenseNumber, Status) VALUES ('Vikas Nair', 'Nurse', 'vikas.nair1@college.edu', '9636897028', 'Evening', '2021-02-22', 'NUR309', 'Active');
INSERT INTO StaffEmployee (Name, Role, Email, Phone, ShiftTiming, HireDate, LicenseNumber, Status) VALUES ('Sandeep Gowda', 'Nurse', 'sandeep.gowda1@college.edu', '9786527858', 'General', '2021-10-16', 'NUR326', 'Active');
INSERT INTO StaffEmployee (Name, Role, Email, Phone, ShiftTiming, HireDate, LicenseNumber, Status) VALUES ('Farida Shetty', 'Admin', 'farida.shetty1@college.edu', '9497334843', 'General', '2022-04-29', NULL, 'Active');
INSERT INTO StaffEmployee (Name, Role, Email, Phone, ShiftTiming, HireDate, LicenseNumber, Status) VALUES ('Rakesh Fernandes', 'Nurse', 'rakesh.fernandes1@college.edu', '9375758441', 'Night', '2023-01-09', 'NUR265', 'Active');
INSERT INTO StaffEmployee (Name, Role, Email, Phone, ShiftTiming, HireDate, LicenseNumber, Status) VALUES ('Tanya Sidhu', 'Support Staff', 'tanya.sidhu1@college.edu', '9524041574', 'Night', '2019-03-15', NULL, 'Active');
INSERT INTO StaffEmployee (Name, Role, Email, Phone, ShiftTiming, HireDate, LicenseNumber, Status) VALUES ('Neha Sidhu', 'Nurse', 'neha.sidhu1@college.edu', '9848421993', 'Evening', '2018-04-14', 'NUR246', 'Active');
INSERT INTO StaffEmployee (Name, Role, Email, Phone, ShiftTiming, HireDate, LicenseNumber, Status) VALUES ('Yamini Patil', 'Nurse', 'yamini.patil1@college.edu', '9330165712', 'Morning', '2023-05-30', 'NUR279', 'Active');
INSERT INTO StaffEmployee (Name, Role, Email, Phone, ShiftTiming, HireDate, LicenseNumber, Status) VALUES ('Jayesh Iyer', 'Pharmacist', 'jayesh.iyer1@college.edu', '9677345401', 'Evening', '2020-12-31', 'PHR100', 'Active');
INSERT INTO StaffEmployee (Name, Role, Email, Phone, ShiftTiming, HireDate, LicenseNumber, Status) VALUES ('Hemant D\'Souza', 'Nurse', 'hemant.d\'souza1@college.edu', '9026206724', 'Morning', '2018-01-19', 'NUR258', 'Active');
INSERT INTO StaffEmployee (Name, Role, Email, Phone, ShiftTiming, HireDate, LicenseNumber, Status) VALUES ('Rohit Saxena', 'Nurse', 'rohit.saxena1@college.edu', '9915478872', 'Night', '2019-07-13', 'NUR283', 'Active');
INSERT INTO StaffEmployee (Name, Role, Email, Phone, ShiftTiming, HireDate, LicenseNumber, Status) VALUES ('Naman Sandhu', 'Nurse', 'naman.sandhu1@college.edu', '9152742054', 'Evening', '2018-12-26', 'NUR306', 'Active');
INSERT INTO StaffEmployee (Name, Role, Email, Phone, ShiftTiming, HireDate, LicenseNumber, Status) VALUES ('Ritesh Bhatia', 'Nurse', 'ritesh.bhatia1@college.edu', '9668516122', 'Night', '2019-10-25', 'NUR331', 'Active');
INSERT INTO StaffEmployee (Name, Role, Email, Phone, ShiftTiming, HireDate, LicenseNumber, Status) VALUES ('Pradeep Sharma', 'Technician', 'pradeep.sharma1@college.edu', '9463745499', 'Morning', '2019-06-20', 'TECH117', 'Active');
INSERT INTO StaffEmployee (Name, Role, Email, Phone, ShiftTiming, HireDate, LicenseNumber, Status) VALUES ('Wasim Mukherjee', 'Nurse', 'wasim.mukherjee1@college.edu', '9301742684', 'Morning', '2021-08-01', 'NUR208', 'Active');
INSERT INTO StaffEmployee (Name, Role, Email, Phone, ShiftTiming, HireDate, LicenseNumber, Status) VALUES ('Ravi Mukherjee', 'Nurse', 'ravi.mukherjee1@college.edu', '9933272795', 'Night', '2021-12-08', 'NUR280', 'Active');
INSERT INTO StaffEmployee (Name, Role, Email, Phone, ShiftTiming, HireDate, LicenseNumber, Status) VALUES ('Jayesh Yadav', 'Nurse', 'jayesh.yadav1@college.edu', '9833918785', 'Morning', '2023-02-22', 'NUR236', 'Active');
INSERT INTO StaffEmployee (Name, Role, Email, Phone, ShiftTiming, HireDate, LicenseNumber, Status) VALUES ('Lavanya Shah', 'Technician', 'lavanya.shah1@college.edu', '9088398225', 'Night', '2018-08-27', 'TECH110', 'Active');
INSERT INTO StaffEmployee (Name, Role, Email, Phone, ShiftTiming, HireDate, LicenseNumber, Status) VALUES ('Ankita Pillai', 'Nurse', 'ankita.pillai1@college.edu', '9971870728', 'Night', '2020-07-24', 'NUR247', 'Active');
INSERT INTO StaffEmployee (Name, Role, Email, Phone, ShiftTiming, HireDate, LicenseNumber, Status) VALUES ('Lavanya Singh', 'Nurse', 'lavanya.singh1@college.edu', '9874064039', 'Morning', '2018-04-03', 'NUR322', 'Active');
INSERT INTO StaffEmployee (Name, Role, Email, Phone, ShiftTiming, HireDate, LicenseNumber, Status) VALUES ('Vikram Banerjee', 'Nurse', 'vikram.banerjee1@college.edu', '9180170462', 'Evening', '2022-04-18', 'NUR335', 'Active');
INSERT INTO StaffEmployee (Name, Role, Email, Phone, ShiftTiming, HireDate, LicenseNumber, Status) VALUES ('Vinay D\'Souza', 'Nurse', 'vinay.d\'souza1@college.edu', '9656766182', 'General', '2018-08-31', 'NUR206', 'Active');
INSERT INTO StaffEmployee (Name, Role, Email, Phone, ShiftTiming, HireDate, LicenseNumber, Status) VALUES ('Mihir Jain', 'Nurse', 'mihir.jain1@college.edu', '9682300478', 'Night', '2020-12-25', 'NUR257', 'Active');
INSERT INTO StaffEmployee (Name, Role, Email, Phone, ShiftTiming, HireDate, LicenseNumber, Status) VALUES ('Suresh Sidhu', 'Technician', 'suresh.sidhu1@college.edu', '9337524310', 'Night', '2021-06-13', 'TECH113', 'Active');
INSERT INTO StaffEmployee (Name, Role, Email, Phone, ShiftTiming, HireDate, LicenseNumber, Status) VALUES ('Akash Desai', 'Nurse', 'akash.desai1@college.edu', '9311907903', 'Morning', '2020-04-03', 'NUR276', 'Active');
INSERT INTO StaffEmployee (Name, Role, Email, Phone, ShiftTiming, HireDate, LicenseNumber, Status) VALUES ('Vivek Menon', 'Nurse', 'vivek.menon1@college.edu', '9830284395', 'General', '2019-05-01', 'NUR250', 'Active');
INSERT INTO StaffEmployee (Name, Role, Email, Phone, ShiftTiming, HireDate, LicenseNumber, Status) VALUES ('Rohit Nair', 'Technician', 'rohit.nair1@college.edu', '9836440892', 'Night', '2021-02-12', 'TECH108', 'Active');
INSERT INTO StaffEmployee (Name, Role, Email, Phone, ShiftTiming, HireDate, LicenseNumber, Status) VALUES ('Chetan Singh', 'Nurse', 'chetan.singh1@college.edu', '9568566246', 'Evening', '2022-03-26', 'NUR327', 'Active');
INSERT INTO StaffEmployee (Name, Role, Email, Phone, ShiftTiming, HireDate, LicenseNumber, Status) VALUES ('Harish Yadav', 'Nurse', 'harish.yadav1@college.edu', '9334270866', 'Evening', '2020-03-06', 'NUR230', 'Active');
INSERT INTO StaffEmployee (Name, Role, Email, Phone, ShiftTiming, HireDate, LicenseNumber, Status) VALUES ('Pradeep Malhotra', 'Nurse', 'pradeep.malhotra1@college.edu', '9351751830', 'General', '2020-02-12', 'NUR312', 'Active');
INSERT INTO StaffEmployee (Name, Role, Email, Phone, ShiftTiming, HireDate, LicenseNumber, Status) VALUES ('Zubin Bajaj', 'Nurse', 'zubin.bajaj1@college.edu', '9901398373', 'General', '2019-09-13', 'NUR251', 'Active');
INSERT INTO StaffEmployee (Name, Role, Email, Phone, ShiftTiming, HireDate, LicenseNumber, Status) VALUES ('Aditya Pillai', 'Nurse', 'aditya.pillai1@college.edu', '9317393638', 'General', '2022-05-08', 'NUR278', 'Active');
INSERT INTO StaffEmployee (Name, Role, Email, Phone, ShiftTiming, HireDate, LicenseNumber, Status) VALUES ('Rakesh Pandey', 'Nurse', 'rakesh.pandey2@college.edu', '9785445877', 'Morning', '2022-07-03', 'NUR261', 'Active');
INSERT INTO StaffEmployee (Name, Role, Email, Phone, ShiftTiming, HireDate, LicenseNumber, Status) VALUES ('Farida Yadav', 'Nurse', 'farida.yadav1@college.edu', '9535560932', 'Morning', '2019-06-19', 'NUR255', 'Active');
INSERT INTO StaffEmployee (Name, Role, Email, Phone, ShiftTiming, HireDate, LicenseNumber, Status) VALUES ('Jayesh Rastogi', 'Technician', 'jayesh.rastogi1@college.edu', '9964235369', 'Evening', '2020-10-19', 'TECH118', 'Active');
INSERT INTO StaffEmployee (Name, Role, Email, Phone, ShiftTiming, HireDate, LicenseNumber, Status) VALUES ('Jayesh Hegde', 'Nurse', 'jayesh.hegde1@college.edu', '9547772522', 'Night', '2019-01-12', 'NUR332', 'Active');
INSERT INTO StaffEmployee (Name, Role, Email, Phone, ShiftTiming, HireDate, LicenseNumber, Status) VALUES ('Isha Hegde', 'Support Staff', 'isha.hegde1@college.edu', '9080100623', 'Morning', '2021-12-19', NULL, 'Active');
INSERT INTO StaffEmployee (Name, Role, Email, Phone, ShiftTiming, HireDate, LicenseNumber, Status) VALUES ('Lakshmi Sharma', 'Nurse', 'lakshmi.sharma1@college.edu', '9387509977', 'Morning', '2018-01-14', 'NUR200', 'Active');
INSERT INTO StaffEmployee (Name, Role, Email, Phone, ShiftTiming, HireDate, LicenseNumber, Status) VALUES ('Harish Agarwal', 'Nurse', 'harish.agarwal1@college.edu', '9600848408', 'Night', '2022-07-10', 'NUR253', 'Active');
INSERT INTO StaffEmployee (Name, Role, Email, Phone, ShiftTiming, HireDate, LicenseNumber, Status) VALUES ('Mihir Joshi', 'Nurse', 'mihir.joshi1@college.edu', '9182339845', 'General', '2022-06-17', 'NUR218', 'Active');
INSERT INTO StaffEmployee (Name, Role, Email, Phone, ShiftTiming, HireDate, LicenseNumber, Status) VALUES ('Tanya Gupta', 'Nurse', 'tanya.gupta1@college.edu', '9567933410', 'Morning', '2020-04-10', 'NUR201', 'Active');
INSERT INTO StaffEmployee (Name, Role, Email, Phone, ShiftTiming, HireDate, LicenseNumber, Status) VALUES ('Suresh Pandey', 'Nurse', 'suresh.pandey1@college.edu', '9870021765', 'Morning', '2023-01-07', 'NUR259', 'Active');
INSERT INTO StaffEmployee (Name, Role, Email, Phone, ShiftTiming, HireDate, LicenseNumber, Status) VALUES ('Geeta Kumar', 'Nurse', 'geeta.kumar1@college.edu', '9339740148', 'Morning', '2019-01-03', 'NUR277', 'Active');
INSERT INTO StaffEmployee (Name, Role, Email, Phone, ShiftTiming, HireDate, LicenseNumber, Status) VALUES ('Sahil Patel', 'Nurse', 'sahil.patel1@college.edu', '9392614293', 'Night', '2021-10-18', 'NUR305', 'Active');
INSERT INTO StaffEmployee (Name, Role, Email, Phone, ShiftTiming, HireDate, LicenseNumber, Status) VALUES ('Isha Das', 'Nurse', 'isha.das1@college.edu', '9621850163', 'Morning', '2019-11-29', 'NUR205', 'Active');
INSERT INTO StaffEmployee (Name, Role, Email, Phone, ShiftTiming, HireDate, LicenseNumber, Status) VALUES ('Qasim Gill', 'Support Staff', 'qasim.gill1@college.edu', '9996504773', 'General', '2021-02-06', NULL, 'Active');
INSERT INTO StaffEmployee (Name, Role, Email, Phone, ShiftTiming, HireDate, LicenseNumber, Status) VALUES ('Suresh Srivastava', 'Nurse', 'suresh.srivastava1@college.edu', '9296194311', 'General', '2018-11-12', 'NUR343', 'Active');
INSERT INTO StaffEmployee (Name, Role, Email, Phone, ShiftTiming, HireDate, LicenseNumber, Status) VALUES ('Suresh Fernandes', 'Nurse', 'suresh.fernandes1@college.edu', '9265511047', 'General', '2022-04-09', 'NUR321', 'Active');
INSERT INTO StaffEmployee (Name, Role, Email, Phone, ShiftTiming, HireDate, LicenseNumber, Status) VALUES ('Rajan Joshi', 'Nurse', 'rajan.joshi1@college.edu', '9212678886', 'Morning', '2018-02-23', 'NUR333', 'Active');
INSERT INTO StaffEmployee (Name, Role, Email, Phone, ShiftTiming, HireDate, LicenseNumber, Status) VALUES ('Gaurav Banerjee', 'Nurse', 'gaurav.banerjee1@college.edu', '9819956046', 'Night', '2022-05-15', 'NUR323', 'Active');
INSERT INTO StaffEmployee (Name, Role, Email, Phone, ShiftTiming, HireDate, LicenseNumber, Status) VALUES ('Divya D\'Souza', 'Nurse', 'divya.d\'souza1@college.edu', '9839826224', 'General', '2019-07-04', 'NUR264', 'Active');
INSERT INTO StaffEmployee (Name, Role, Email, Phone, ShiftTiming, HireDate, LicenseNumber, Status) VALUES ('Chetan Nair', 'Nurse', 'chetan.nair1@college.edu', '9126464715', 'General', '2023-04-18', 'NUR298', 'Active');
INSERT INTO StaffEmployee (Name, Role, Email, Phone, ShiftTiming, HireDate, LicenseNumber, Status) VALUES ('Pradeep D\'Souza', 'Nurse', 'pradeep.d\'souza1@college.edu', '9799371240', 'Night', '2019-11-12', 'NUR272', 'Active');
INSERT INTO StaffEmployee (Name, Role, Email, Phone, ShiftTiming, HireDate, LicenseNumber, Status) VALUES ('Sumit Pandey', 'Nurse', 'sumit.pandey1@college.edu', '9575692459', 'Evening', '2020-09-08', 'NUR314', 'Active');
INSERT INTO StaffEmployee (Name, Role, Email, Phone, ShiftTiming, HireDate, LicenseNumber, Status) VALUES ('Sahil Reddy', 'Nurse', 'sahil.reddy1@college.edu', '9654793564', 'Night', '2020-01-18', 'NUR226', 'Active');
INSERT INTO StaffEmployee (Name, Role, Email, Phone, ShiftTiming, HireDate, LicenseNumber, Status) VALUES ('Kajal Saxena', 'Nurse', 'kajal.saxena1@college.edu', '9398280737', 'General', '2022-08-30', 'NUR307', 'Active');
INSERT INTO StaffEmployee (Name, Role, Email, Phone, ShiftTiming, HireDate, LicenseNumber, Status) VALUES ('Brijesh Verma', 'Technician', 'brijesh.verma1@college.edu', '9672434266', 'Morning', '2020-07-08', 'TECH105', 'Active');
INSERT INTO StaffEmployee (Name, Role, Email, Phone, ShiftTiming, HireDate, LicenseNumber, Status) VALUES ('Pallavi Yadav', 'Support Staff', 'pallavi.yadav1@college.edu', '9968868058', 'Morning', '2018-08-12', NULL, 'Active');
INSERT INTO StaffEmployee (Name, Role, Email, Phone, ShiftTiming, HireDate, LicenseNumber, Status) VALUES ('Pradeep Gowda', 'Support Staff', 'pradeep.gowda1@college.edu', '9529096561', 'Morning', '2018-07-21', NULL, 'Active');
INSERT INTO StaffEmployee (Name, Role, Email, Phone, ShiftTiming, HireDate, LicenseNumber, Status) VALUES ('Rahul Menon', 'Nurse', 'rahul.menon1@college.edu', '9888993756', 'Night', '2022-05-01', 'NUR237', 'Active');
INSERT INTO StaffEmployee (Name, Role, Email, Phone, ShiftTiming, HireDate, LicenseNumber, Status) VALUES ('Zubin Rastogi', 'Support Staff', 'zubin.rastogi1@college.edu', '9825071461', 'Morning', '2022-08-30', NULL, 'Active');
INSERT INTO StaffEmployee (Name, Role, Email, Phone, ShiftTiming, HireDate, LicenseNumber, Status) VALUES ('Girish Nair', 'Technician', 'girish.nair1@college.edu', '9545738757', 'Morning', '2020-06-16', 'TECH102', 'Active');
INSERT INTO StaffEmployee (Name, Role, Email, Phone, ShiftTiming, HireDate, LicenseNumber, Status) VALUES ('Farida Kamath', 'Nurse', 'farida.kamath1@college.edu', '9751401051', 'Evening', '2023-03-20', 'NUR231', 'Active');
INSERT INTO StaffEmployee (Name, Role, Email, Phone, ShiftTiming, HireDate, LicenseNumber, Status) VALUES ('Hemant Desai', 'Nurse', 'hemant.desai1@college.edu', '9828258673', 'Night', '2021-07-13', 'NUR263', 'Active');
INSERT INTO StaffEmployee (Name, Role, Email, Phone, ShiftTiming, HireDate, LicenseNumber, Status) VALUES ('Mohan Reddy', 'Nurse', 'mohan.reddy1@college.edu', '9660937966', 'Morning', '2021-12-14', 'NUR233', 'Active');
INSERT INTO StaffEmployee (Name, Role, Email, Phone, ShiftTiming, HireDate, LicenseNumber, Status) VALUES ('Nikita Pillai', 'Nurse', 'nikita.pillai1@college.edu', '9419182553', 'Night', '2018-08-22', 'NUR252', 'Active');
INSERT INTO StaffEmployee (Name, Role, Email, Phone, ShiftTiming, HireDate, LicenseNumber, Status) VALUES ('Rahul Gowda', 'Nurse', 'rahul.gowda1@college.edu', '9785969691', 'General', '2019-12-22', 'NUR334', 'Active');
INSERT INTO StaffEmployee (Name, Role, Email, Phone, ShiftTiming, HireDate, LicenseNumber, Status) VALUES ('Yogesh Khanna', 'Nurse', 'yogesh.khanna1@college.edu', '9249912513', 'General', '2018-08-28', 'NUR224', 'Active');
INSERT INTO StaffEmployee (Name, Role, Email, Phone, ShiftTiming, HireDate, LicenseNumber, Status) VALUES ('Mohan Mukherjee', 'Nurse', 'mohan.mukherjee1@college.edu', '9286692966', 'Evening', '2020-09-23', 'NUR303', 'Active');
INSERT INTO StaffEmployee (Name, Role, Email, Phone, ShiftTiming, HireDate, LicenseNumber, Status) VALUES ('Uma Jain', 'Nurse', 'uma.jain1@college.edu', '9282742257', 'Morning', '2022-11-08', 'NUR245', 'Active');
INSERT INTO StaffEmployee (Name, Role, Email, Phone, ShiftTiming, HireDate, LicenseNumber, Status) VALUES ('Shubham Sharma', 'Support Staff', 'shubham.sharma1@college.edu', '9723688767', 'Night', '2021-12-25', NULL, 'Active');
INSERT INTO StaffEmployee (Name, Role, Email, Phone, ShiftTiming, HireDate, LicenseNumber, Status) VALUES ('Vivek Maurya', 'Support Staff', 'vivek.maurya1@college.edu', '9219034043', 'General', '2018-12-11', NULL, 'Active');
INSERT INTO StaffEmployee (Name, Role, Email, Phone, ShiftTiming, HireDate, LicenseNumber, Status) VALUES ('Yogesh Saxena', 'Support Staff', 'yogesh.saxena1@college.edu', '9788191485', 'Morning', '2022-04-06', NULL, 'Active');
INSERT INTO StaffEmployee (Name, Role, Email, Phone, ShiftTiming, HireDate, LicenseNumber, Status) VALUES ('Farida Dubey', 'Technician', 'farida.dubey1@college.edu', '9836134074', 'General', '2022-11-01', 'TECH106', 'Active');
INSERT INTO StaffEmployee (Name, Role, Email, Phone, ShiftTiming, HireDate, LicenseNumber, Status) VALUES ('Gaurav Dubey', 'Nurse', 'gaurav.dubey1@college.edu', '9133959629', 'Evening', '2022-05-27', 'NUR213', 'Active');
INSERT INTO StaffEmployee (Name, Role, Email, Phone, ShiftTiming, HireDate, LicenseNumber, Status) VALUES ('Nikhil Sidhu', 'Nurse', 'nikhil.sidhu1@college.edu', '9309584982', 'General', '2021-12-12', 'NUR311', 'Active');
INSERT INTO StaffEmployee (Name, Role, Email, Phone, ShiftTiming, HireDate, LicenseNumber, Status) VALUES ('Ravi Chopra', 'Nurse', 'ravi.chopra1@college.edu', '9948126042', 'Evening', '2019-05-27', 'NUR267', 'Active');
INSERT INTO StaffEmployee (Name, Role, Email, Phone, ShiftTiming, HireDate, LicenseNumber, Status) VALUES ('Kunal Fernandes', 'Nurse', 'kunal.fernandes1@college.edu', '9536729466', 'Night', '2018-06-04', 'NUR268', 'Active');
INSERT INTO StaffEmployee (Name, Role, Email, Phone, ShiftTiming, HireDate, LicenseNumber, Status) VALUES ('Uma Dhaliwal', 'Nurse', 'uma.dhaliwal1@college.edu', '9168457759', 'Morning', '2022-11-15', 'NUR254', 'Active');
INSERT INTO StaffEmployee (Name, Role, Email, Phone, ShiftTiming, HireDate, LicenseNumber, Status) VALUES ('Girish Gupta', 'Nurse', 'girish.gupta1@college.edu', '9751863637', 'General', '2019-10-24', 'NUR203', 'Active');
INSERT INTO StaffEmployee (Name, Role, Email, Phone, ShiftTiming, HireDate, LicenseNumber, Status) VALUES ('Rakesh Das', 'Nurse', 'rakesh.das1@college.edu', '9892975001', 'Night', '2018-02-03', 'NUR269', 'Active');
INSERT INTO StaffEmployee (Name, Role, Email, Phone, ShiftTiming, HireDate, LicenseNumber, Status) VALUES ('Karan Bhatia', 'Nurse', 'karan.bhatia1@college.edu', '9277063242', 'General', '2018-07-11', 'NUR315', 'Active');
INSERT INTO StaffEmployee (Name, Role, Email, Phone, ShiftTiming, HireDate, LicenseNumber, Status) VALUES ('Wasim Mukherjee', 'Nurse', 'wasim.mukherjee2@college.edu', '9415206436', 'Morning', '2021-12-12', 'NUR347', 'Active');
INSERT INTO StaffEmployee (Name, Role, Email, Phone, ShiftTiming, HireDate, LicenseNumber, Status) VALUES ('Ishaan Sharma', 'Technician', 'ishaan.sharma1@college.edu', '9371293870', 'Morning', '2021-11-25', 'TECH111', 'Active');
INSERT INTO StaffEmployee (Name, Role, Email, Phone, ShiftTiming, HireDate, LicenseNumber, Status) VALUES ('Sanya Sidhu', 'Support Staff', 'sanya.sidhu1@college.edu', '9162713611', 'Morning', '2019-10-04', NULL, 'Active');
INSERT INTO StaffEmployee (Name, Role, Email, Phone, ShiftTiming, HireDate, LicenseNumber, Status) VALUES ('Sonam Bose', 'Nurse', 'sonam.bose1@college.edu', '9262218909', 'Evening', '2020-06-20', 'NUR299', 'Active');
INSERT INTO StaffEmployee (Name, Role, Email, Phone, ShiftTiming, HireDate, LicenseNumber, Status) VALUES ('Shreya D\'Souza', 'Admin', 'shreya.d\'souza1@college.edu', '9326973112', 'Morning', '2021-04-22', NULL, 'Active');
INSERT INTO StaffEmployee (Name, Role, Email, Phone, ShiftTiming, HireDate, LicenseNumber, Status) VALUES ('Girish Pandey', 'Support Staff', 'girish.pandey1@college.edu', '9565234138', 'General', '2022-05-15', NULL, 'Active');
INSERT INTO StaffEmployee (Name, Role, Email, Phone, ShiftTiming, HireDate, LicenseNumber, Status) VALUES ('Brijesh Patel', 'Nurse', 'brijesh.patel1@college.edu', '9438983640', 'Evening', '2020-10-10', 'NUR214', 'Active');
INSERT INTO StaffEmployee (Name, Role, Email, Phone, ShiftTiming, HireDate, LicenseNumber, Status) VALUES ('Tanvi Shah', 'Nurse', 'tanvi.shah1@college.edu', '9379180552', 'Night', '2022-10-29', 'NUR336', 'Active');
INSERT INTO StaffEmployee (Name, Role, Email, Phone, ShiftTiming, HireDate, LicenseNumber, Status) VALUES ('Lavanya Mishra', 'Nurse', 'lavanya.mishra1@college.edu', '9582710910', 'General', '2019-03-18', 'NUR239', 'Active');
INSERT INTO StaffEmployee (Name, Role, Email, Phone, ShiftTiming, HireDate, LicenseNumber, Status) VALUES ('Anjali Singh', 'Nurse', 'anjali.singh1@college.edu', '9684866618', 'Evening', '2019-07-23', 'NUR256', 'Active');
INSERT INTO StaffEmployee (Name, Role, Email, Phone, ShiftTiming, HireDate, LicenseNumber, Status) VALUES ('Divya Bose', 'Nurse', 'divya.bose1@college.edu', '9183285691', 'General', '2021-12-01', 'NUR235', 'Active');
INSERT INTO StaffEmployee (Name, Role, Email, Phone, ShiftTiming, HireDate, LicenseNumber, Status) VALUES ('Vipul D\'Souza', 'Nurse', 'vipul.d\'souza1@college.edu', '9303161799', 'Morning', '2019-09-26', 'NUR215', 'Active');
INSERT INTO StaffEmployee (Name, Role, Email, Phone, ShiftTiming, HireDate, LicenseNumber, Status) VALUES ('Yamini Pereira', 'Technician', 'yamini.pereira1@college.edu', '9210202758', 'General', '2018-12-08', 'TECH104', 'Active');
INSERT INTO StaffEmployee (Name, Role, Email, Phone, ShiftTiming, HireDate, LicenseNumber, Status) VALUES ('Sonam Mehta', 'Nurse', 'sonam.mehta1@college.edu', '9410564814', 'Morning', '2020-10-13', 'NUR262', 'Active');
INSERT INTO StaffEmployee (Name, Role, Email, Phone, ShiftTiming, HireDate, LicenseNumber, Status) VALUES ('Yogesh Kulkarni', 'Nurse', 'yogesh.kulkarni1@college.edu', '9507925241', 'Morning', '2019-04-13', 'NUR249', 'Active');
INSERT INTO StaffEmployee (Name, Role, Email, Phone, ShiftTiming, HireDate, LicenseNumber, Status) VALUES ('Hemant Kulkarni', 'Pharmacist', 'hemant.kulkarni1@college.edu', '9000307562', 'Evening', '2023-03-23', 'PHR105', 'Active');
INSERT INTO StaffEmployee (Name, Role, Email, Phone, ShiftTiming, HireDate, LicenseNumber, Status) VALUES ('Ananya Agarwal', 'Nurse', 'ananya.agarwal1@college.edu', '9635365419', 'General', '2018-09-02', 'NUR248', 'Active');
INSERT INTO StaffEmployee (Name, Role, Email, Phone, ShiftTiming, HireDate, LicenseNumber, Status) VALUES ('Dhruv Shetty', 'Nurse', 'dhruv.shetty1@college.edu', '9023806174', 'General', '2019-11-02', 'NUR220', 'Active');
INSERT INTO StaffEmployee (Name, Role, Email, Phone, ShiftTiming, HireDate, LicenseNumber, Status) VALUES ('Gaurav Agarwal', 'Support Staff', 'gaurav.agarwal1@college.edu', '9705349493', 'Night', '2020-01-25', NULL, 'Active');
INSERT INTO StaffEmployee (Name, Role, Email, Phone, ShiftTiming, HireDate, LicenseNumber, Status) VALUES ('Omkar Maurya', 'Pharmacist', 'omkar.maurya1@college.edu', '9383206038', 'General', '2021-07-26', 'PHR101', 'Active');
INSERT INTO StaffEmployee (Name, Role, Email, Phone, ShiftTiming, HireDate, LicenseNumber, Status) VALUES ('Brijesh Sharma', 'Nurse', 'brijesh.sharma1@college.edu', '9506413836', 'Night', '2023-05-23', 'NUR210', 'Active');
INSERT INTO StaffEmployee (Name, Role, Email, Phone, ShiftTiming, HireDate, LicenseNumber, Status) VALUES ('Aryan Nair', 'Pharmacist', 'aryan.nair1@college.edu', '9410386571', 'Morning', '2020-11-01', 'PHR103', 'Active');
INSERT INTO StaffEmployee (Name, Role, Email, Phone, ShiftTiming, HireDate, LicenseNumber, Status) VALUES ('Keerthi Naik', 'Nurse', 'keerthi.naik1@college.edu', '9619906234', 'General', '2022-10-09', 'NUR340', 'Active');
INSERT INTO StaffEmployee (Name, Role, Email, Phone, ShiftTiming, HireDate, LicenseNumber, Status) VALUES ('Sahil Sandhu', 'Nurse', 'sahil.sandhu1@college.edu', '9655743132', 'Morning', '2018-11-15', 'NUR273', 'Active');
INSERT INTO StaffEmployee (Name, Role, Email, Phone, ShiftTiming, HireDate, LicenseNumber, Status) VALUES ('Jatin Iyer', 'Nurse', 'jatin.iyer1@college.edu', '9775618537', 'General', '2020-08-06', 'NUR304', 'Active');
INSERT INTO StaffEmployee (Name, Role, Email, Phone, ShiftTiming, HireDate, LicenseNumber, Status) VALUES ('Rahul Bhatia', 'Nurse', 'rahul.bhatia1@college.edu', '9112490352', 'Morning', '2021-12-27', 'NUR345', 'Active');
INSERT INTO StaffEmployee (Name, Role, Email, Phone, ShiftTiming, HireDate, LicenseNumber, Status) VALUES ('Pradeep Banerjee', 'Nurse', 'pradeep.banerjee1@college.edu', '9680442067', 'Evening', '2018-07-13', 'NUR271', 'Active');
INSERT INTO StaffEmployee (Name, Role, Email, Phone, ShiftTiming, HireDate, LicenseNumber, Status) VALUES ('Zara Joshi', 'Nurse', 'zara.joshi1@college.edu', '9210032365', 'Morning', '2021-04-07', 'NUR308', 'Active');
INSERT INTO StaffEmployee (Name, Role, Email, Phone, ShiftTiming, HireDate, LicenseNumber, Status) VALUES ('Omkar Malhotra', 'Nurse', 'omkar.malhotra1@college.edu', '9101372151', 'Morning', '2023-04-14', 'NUR310', 'Active');
INSERT INTO StaffEmployee (Name, Role, Email, Phone, ShiftTiming, HireDate, LicenseNumber, Status) VALUES ('Zara Singh', 'Nurse', 'zara.singh1@college.edu', '9296670662', 'General', '2019-03-16', 'NUR292', 'Active');

-- Members
INSERT INTO Member (Name, Age, Email, ContactNumber, RollNumberOrEmployeeCode, Department, BloodGroup, EmergencyContact, Address, RegistrationDate, MemberType, Status) VALUES ('Lakshmi Singh', 40, 'lakshmi.singh1@college.edu', '9061497310', 'EL20237349', 'Electrical', 'B+', '9417146774', 'Bangalore', '2022-08-11', 'Student', 'Active');
INSERT INTO Member (Name, Age, Email, ContactNumber, RollNumberOrEmployeeCode, Department, BloodGroup, EmergencyContact, Address, RegistrationDate, MemberType, Status) VALUES ('Mohan Mukherjee', 41, 'mohan.mukherjee2@college.edu', '9527047743', 'PH20237858', 'Physics', 'A+', '9211586938', 'Delhi', '2024-01-15', 'Student', 'Active');
INSERT INTO Member (Name, Age, Email, ContactNumber, RollNumberOrEmployeeCode, Department, BloodGroup, EmergencyContact, Address, RegistrationDate, MemberType, Status) VALUES ('Harish Shetty', 47, 'harish.shetty1@college.edu', '9937416089', 'MA20224308', 'Marine', 'B+', '9172233206', 'Bangalore', '2022-05-18', 'Student', 'Active');
INSERT INTO Member (Name, Age, Email, ContactNumber, RollNumberOrEmployeeCode, Department, BloodGroup, EmergencyContact, Address, RegistrationDate, MemberType, Status) VALUES ('Tarun Nair', 44, 'tarun.nair1@college.edu', '9511686854', 'FAC2641', 'Marine', 'O-', '9099861622', 'Agra', '2022-11-29', 'Faculty', 'Active');
INSERT INTO Member (Name, Age, Email, ContactNumber, RollNumberOrEmployeeCode, Department, BloodGroup, EmergencyContact, Address, RegistrationDate, MemberType, Status) VALUES ('Jatin Saxena', 34, 'jatin.saxena1@college.edu', '9485646799', 'EMP4892', 'Aeronautical', 'A+', '9246299606', 'Lucknow', '2022-05-03', 'Staff', 'Active');
INSERT INTO Member (Name, Age, Email, ContactNumber, RollNumberOrEmployeeCode, Department, BloodGroup, EmergencyContact, Address, RegistrationDate, MemberType, Status) VALUES ('Arjun Pereira', 58, 'arjun.pereira1@college.edu', '9450544471', 'EMP8937', 'Information Technology', 'B+', '9475469137', 'Pune', '2023-12-05', 'Staff', 'Active');
INSERT INTO Member (Name, Age, Email, ContactNumber, RollNumberOrEmployeeCode, Department, BloodGroup, EmergencyContact, Address, RegistrationDate, MemberType, Status) VALUES ('Farhan Arora', 51, 'farhan.arora1@college.edu', '9082148628', 'FAC7035', 'Food Technology', 'A+', '9233030705', 'Pune', '2024-09-02', 'Faculty', 'Active');
INSERT INTO Member (Name, Age, Email, ContactNumber, RollNumberOrEmployeeCode, Department, BloodGroup, EmergencyContact, Address, RegistrationDate, MemberType, Status) VALUES ('Zara Kulkarni', 42, 'zara.kulkarni1@college.edu', '9103579727', 'FO20204688', 'Food Technology', 'AB-', '9524140602', 'Agra', '2025-01-03', 'Student', 'Active');
INSERT INTO Member (Name, Age, Email, ContactNumber, RollNumberOrEmployeeCode, Department, BloodGroup, EmergencyContact, Address, RegistrationDate, MemberType, Status) VALUES ('Zubin Pillai', 34, 'zubin.pillai1@college.edu', '9680072290', 'IN20249530', 'Information Technology', 'AB+', '9944665743', 'Bhopal', '2024-07-07', 'Student', 'Active');
INSERT INTO Member (Name, Age, Email, ContactNumber, RollNumberOrEmployeeCode, Department, BloodGroup, EmergencyContact, Address, RegistrationDate, MemberType, Status) VALUES ('Sumit Tiwari', 54, 'sumit.tiwari1@college.edu', '9108589944', 'CI20197620', 'Civil', 'O-', '9154544432', 'Vadodara', '2024-11-10', 'Student', 'Active');
INSERT INTO Member (Name, Age, Email, ContactNumber, RollNumberOrEmployeeCode, Department, BloodGroup, EmergencyContact, Address, RegistrationDate, MemberType, Status) VALUES ('Xenia Ghosh', 25, 'xenia.ghosh1@college.edu', '9074466609', 'FO20198713', 'Food Technology', 'B-', '9538758428', 'Kolkata', '2024-07-24', 'Student', 'Active');
INSERT INTO Member (Name, Age, Email, ContactNumber, RollNumberOrEmployeeCode, Department, BloodGroup, EmergencyContact, Address, RegistrationDate, MemberType, Status) VALUES ('Kavita Pereira', 44, 'kavita.pereira2@college.edu', '9825135346', 'EMP8736', 'Chemistry', 'AB-', '9494717099', 'Visakhapatnam', '2025-10-23', 'Staff', 'Active');
INSERT INTO Member (Name, Age, Email, ContactNumber, RollNumberOrEmployeeCode, Department, BloodGroup, EmergencyContact, Address, RegistrationDate, MemberType, Status) VALUES ('Naman Kulkarni', 24, 'naman.kulkarni1@college.edu', '9684602235', 'PH20214430', 'Pharmacy', 'O-', '9252175250', 'Mumbai', '2023-09-04', 'Student', 'Active');
INSERT INTO Member (Name, Age, Email, ContactNumber, RollNumberOrEmployeeCode, Department, BloodGroup, EmergencyContact, Address, RegistrationDate, MemberType, Status) VALUES ('Meera Saxena', 27, 'meera.saxena1@college.edu', '9712966667', 'AR20245076', 'Architecture', 'A+', '9083505830', 'Mumbai', '2022-09-11', 'Student', 'Active');
INSERT INTO Member (Name, Age, Email, ContactNumber, RollNumberOrEmployeeCode, Department, BloodGroup, EmergencyContact, Address, RegistrationDate, MemberType, Status) VALUES ('Omkar Kamath', 39, 'omkar.kamath1@college.edu', '9421689421', 'EL20203701', 'Electronics', 'AB+', '9478985625', 'Patna', '2024-03-12', 'Student', 'Active');
INSERT INTO Member (Name, Age, Email, ContactNumber, RollNumberOrEmployeeCode, Department, BloodGroup, EmergencyContact, Address, RegistrationDate, MemberType, Status) VALUES ('Uday Patel', 31, 'uday.patel1@college.edu', '9323098215', 'EL20227230', 'Electronics', 'O+', '9489090100', 'Hyderabad', '2023-11-15', 'Student', 'Active');
INSERT INTO Member (Name, Age, Email, ContactNumber, RollNumberOrEmployeeCode, Department, BloodGroup, EmergencyContact, Address, RegistrationDate, MemberType, Status) VALUES ('Karan Agarwal', 44, 'karan.agarwal1@college.edu', '9723046184', 'EMP4272', 'MBA', 'B+', '9618914117', 'Pune', '2022-10-17', 'Staff', 'Active');
INSERT INTO Member (Name, Age, Email, ContactNumber, RollNumberOrEmployeeCode, Department, BloodGroup, EmergencyContact, Address, RegistrationDate, MemberType, Status) VALUES ('Rahul Randhawa', 50, 'rahul.randhawa1@college.edu', '9356420873', 'AE20242659', 'Aeronautical', 'AB-', '9300119721', 'Vadodara', '2025-10-15', 'Student', 'Active');
INSERT INTO Member (Name, Age, Email, ContactNumber, RollNumberOrEmployeeCode, Department, BloodGroup, EmergencyContact, Address, RegistrationDate, MemberType, Status) VALUES ('Priya Hegde', 31, 'priya.hegde1@college.edu', '9744701204', 'MA20212522', 'Management', 'AB-', '9611002255', 'Bhopal', '2022-09-21', 'Student', 'Active');
INSERT INTO Member (Name, Age, Email, ContactNumber, RollNumberOrEmployeeCode, Department, BloodGroup, EmergencyContact, Address, RegistrationDate, MemberType, Status) VALUES ('Sonam Sidhu', 38, 'sonam.sidhu1@college.edu', '9216674676', 'BI20226875', 'Biotechnology', 'A-', '9202169797', 'Kolkata', '2022-10-13', 'Student', 'Active');
INSERT INTO Member (Name, Age, Email, ContactNumber, RollNumberOrEmployeeCode, Department, BloodGroup, EmergencyContact, Address, RegistrationDate, MemberType, Status) VALUES ('Ritesh Patel', 25, 'ritesh.patel1@college.edu', '9771670145', 'CO20231894', 'Computer Science', 'B-', '9588916375', 'Nagpur', '2025-05-17', 'Student', 'Active');
INSERT INTO Member (Name, Age, Email, ContactNumber, RollNumberOrEmployeeCode, Department, BloodGroup, EmergencyContact, Address, RegistrationDate, MemberType, Status) VALUES ('Aditya Hegde', 38, 'aditya.hegde1@college.edu', '9877217535', 'EMP2442', 'Physics', 'A+', '9838663177', 'Agra', '2023-09-12', 'Staff', 'Active');
INSERT INTO Member (Name, Age, Email, ContactNumber, RollNumberOrEmployeeCode, Department, BloodGroup, EmergencyContact, Address, RegistrationDate, MemberType, Status) VALUES ('Chetan Dubey', 37, 'chetan.dubey1@college.edu', '9170166088', 'CO20226439', 'Computer Science', 'A-', '9994883755', 'Delhi', '2024-12-16', 'Student', 'Active');
INSERT INTO Member (Name, Age, Email, ContactNumber, RollNumberOrEmployeeCode, Department, BloodGroup, EmergencyContact, Address, RegistrationDate, MemberType, Status) VALUES ('Khushi Gill', 55, 'khushi.gill1@college.edu', '9757113055', 'MA20197437', 'Mathematics', 'AB-', '9102726149', 'Pune', '2025-02-26', 'Student', 'Active');
INSERT INTO Member (Name, Age, Email, ContactNumber, RollNumberOrEmployeeCode, Department, BloodGroup, EmergencyContact, Address, RegistrationDate, MemberType, Status) VALUES ('Nikita Chauhan', 29, 'nikita.chauhan1@college.edu', '9516091779', 'MA20233845', 'Marine', 'B+', '9708086978', 'Kolkata', '2022-05-01', 'Student', 'Active');
INSERT INTO Member (Name, Age, Email, ContactNumber, RollNumberOrEmployeeCode, Department, BloodGroup, EmergencyContact, Address, RegistrationDate, MemberType, Status) VALUES ('Girish Sidhu', 25, 'girish.sidhu1@college.edu', '9169958669', 'IN20236143', 'Information Technology', 'AB+', '9654722698', 'Surat', '2022-04-11', 'Student', 'Active');
INSERT INTO Member (Name, Age, Email, ContactNumber, RollNumberOrEmployeeCode, Department, BloodGroup, EmergencyContact, Address, RegistrationDate, MemberType, Status) VALUES ('Ekta Pereira', 52, 'ekta.pereira1@college.edu', '9333945228', 'TE20232744', 'Textile', 'AB-', '9158799684', 'Indore', '2026-02-19', 'Student', 'Active');
INSERT INTO Member (Name, Age, Email, ContactNumber, RollNumberOrEmployeeCode, Department, BloodGroup, EmergencyContact, Address, RegistrationDate, MemberType, Status) VALUES ('Amit Pandey', 26, 'amit.pandey1@college.edu', '9003424420', 'MA20235712', 'Mathematics', 'B-', '9805719838', 'Nagpur', '2024-11-16', 'Student', 'Active');
INSERT INTO Member (Name, Age, Email, ContactNumber, RollNumberOrEmployeeCode, Department, BloodGroup, EmergencyContact, Address, RegistrationDate, MemberType, Status) VALUES ('Brijesh Gowda', 20, 'brijesh.gowda1@college.edu', '9666580043', 'MB20194063', 'MBA', 'O-', '9359893347', 'Kolkata', '2022-05-19', 'Student', 'Active');
INSERT INTO Member (Name, Age, Email, ContactNumber, RollNumberOrEmployeeCode, Department, BloodGroup, EmergencyContact, Address, RegistrationDate, MemberType, Status) VALUES ('Mihir Pereira', 49, 'mihir.pereira1@college.edu', '9160648422', 'FO20219037', 'Food Technology', 'AB+', '9057202590', 'Visakhapatnam', '2022-07-01', 'Student', 'Active');
INSERT INTO Member (Name, Age, Email, ContactNumber, RollNumberOrEmployeeCode, Department, BloodGroup, EmergencyContact, Address, RegistrationDate, MemberType, Status) VALUES ('Madhur Agarwal', 50, 'madhur.agarwal1@college.edu', '9158328182', 'EMP8780', 'Pharmacy', 'O+', '9153355543', 'Visakhapatnam', '2023-03-27', 'Staff', 'Active');
INSERT INTO Member (Name, Age, Email, ContactNumber, RollNumberOrEmployeeCode, Department, BloodGroup, EmergencyContact, Address, RegistrationDate, MemberType, Status) VALUES ('Khushi Sidhu', 28, 'khushi.sidhu1@college.edu', '9157399305', 'FAC1718', 'Architecture', 'A-', '9648408588', 'Bhopal', '2023-06-25', 'Faculty', 'Active');
INSERT INTO Member (Name, Age, Email, ContactNumber, RollNumberOrEmployeeCode, Department, BloodGroup, EmergencyContact, Address, RegistrationDate, MemberType, Status) VALUES ('Ravi Hegde', 29, 'ravi.hegde1@college.edu', '9581128801', 'EL20192200', 'Electrical', 'B-', '9613861207', 'Lucknow', '2025-12-30', 'Student', 'Active');
INSERT INTO Member (Name, Age, Email, ContactNumber, RollNumberOrEmployeeCode, Department, BloodGroup, EmergencyContact, Address, RegistrationDate, MemberType, Status) VALUES ('Arjun Reddy', 44, 'arjun.reddy1@college.edu', '9819346676', 'EMP9238', 'Pharmacy', 'AB-', '9061809190', 'Bangalore', '2024-03-15', 'Staff', 'Active');
INSERT INTO Member (Name, Age, Email, ContactNumber, RollNumberOrEmployeeCode, Department, BloodGroup, EmergencyContact, Address, RegistrationDate, MemberType, Status) VALUES ('Jatin Chopra', 36, 'jatin.chopra1@college.edu', '9914766072', 'TE20191684', 'Textile', 'B-', '9268424508', 'Coimbatore', '2025-06-01', 'Student', 'Active');
INSERT INTO Member (Name, Age, Email, ContactNumber, RollNumberOrEmployeeCode, Department, BloodGroup, EmergencyContact, Address, RegistrationDate, MemberType, Status) VALUES ('Aarav Saxena', 55, 'aarav.saxena1@college.edu', '9688143536', 'MA20222198', 'Marine', 'B+', '9223943129', 'Delhi', '2023-02-17', 'Student', 'Active');
INSERT INTO Member (Name, Age, Email, ContactNumber, RollNumberOrEmployeeCode, Department, BloodGroup, EmergencyContact, Address, RegistrationDate, MemberType, Status) VALUES ('Ravi Gowda', 21, 'ravi.gowda1@college.edu', '9413975523', 'CI20236971', 'Civil', 'AB+', '9913577594', 'Agra', '2025-05-09', 'Student', 'Active');
INSERT INTO Member (Name, Age, Email, ContactNumber, RollNumberOrEmployeeCode, Department, BloodGroup, EmergencyContact, Address, RegistrationDate, MemberType, Status) VALUES ('Sahil Srivastava', 38, 'sahil.srivastava1@college.edu', '9053364525', 'EMP9824', 'Aeronautical', 'O-', '9754781291', 'Jaipur', '2025-06-04', 'Staff', 'Active');
INSERT INTO Member (Name, Age, Email, ContactNumber, RollNumberOrEmployeeCode, Department, BloodGroup, EmergencyContact, Address, RegistrationDate, MemberType, Status) VALUES ('Neha Malhotra', 32, 'neha.malhotra1@college.edu', '9108099693', 'EMP9210', 'Electronics', 'AB+', '9887256394', 'Chennai', '2023-08-09', 'Staff', 'Active');
INSERT INTO Member (Name, Age, Email, ContactNumber, RollNumberOrEmployeeCode, Department, BloodGroup, EmergencyContact, Address, RegistrationDate, MemberType, Status) VALUES ('Esha Gupta', 42, 'esha.gupta1@college.edu', '9580392827', 'BI20214834', 'Biotechnology', 'B+', '9992750373', 'Bangalore', '2024-09-22', 'Student', 'Active');
INSERT INTO Member (Name, Age, Email, ContactNumber, RollNumberOrEmployeeCode, Department, BloodGroup, EmergencyContact, Address, RegistrationDate, MemberType, Status) VALUES ('Anjali Gowda', 30, 'anjali.gowda1@college.edu', '9856770051', 'MA20217165', 'Marine', 'AB+', '9498926659', 'Bangalore', '2023-04-24', 'Student', 'Active');
INSERT INTO Member (Name, Age, Email, ContactNumber, RollNumberOrEmployeeCode, Department, BloodGroup, EmergencyContact, Address, RegistrationDate, MemberType, Status) VALUES ('Omkar Patil', 42, 'omkar.patil1@college.edu', '9557790827', 'BI20207793', 'Biotechnology', 'B-', '9184322259', 'Hyderabad', '2022-07-03', 'Student', 'Active');
INSERT INTO Member (Name, Age, Email, ContactNumber, RollNumberOrEmployeeCode, Department, BloodGroup, EmergencyContact, Address, RegistrationDate, MemberType, Status) VALUES ('Sanjay D\'Souza', 24, 'sanjay.d\'souza1@college.edu', '9777392603', 'EL20209464', 'Electronics', 'B+', '9992280920', 'Kolkata', '2024-10-05', 'Student', 'Active');
INSERT INTO Member (Name, Age, Email, ContactNumber, RollNumberOrEmployeeCode, Department, BloodGroup, EmergencyContact, Address, RegistrationDate, MemberType, Status) VALUES ('Uday Bajaj', 53, 'uday.bajaj1@college.edu', '9041379772', 'IN20232127', 'Information Technology', 'O+', '9929298425', 'Bhopal', '2022-11-12', 'Student', 'Active');
INSERT INTO Member (Name, Age, Email, ContactNumber, RollNumberOrEmployeeCode, Department, BloodGroup, EmergencyContact, Address, RegistrationDate, MemberType, Status) VALUES ('Pankaj Pandey', 41, 'pankaj.pandey1@college.edu', '9210388629', 'CI20231019', 'Civil', 'B+', '9799088117', 'Chennai', '2022-10-29', 'Student', 'Active');
INSERT INTO Member (Name, Age, Email, ContactNumber, RollNumberOrEmployeeCode, Department, BloodGroup, EmergencyContact, Address, RegistrationDate, MemberType, Status) VALUES ('Zubin Hegde', 44, 'zubin.hegde1@college.edu', '9865086376', 'MA20201089', 'Management', 'A-', '9624731498', 'Indore', '2024-10-06', 'Student', 'Active');
INSERT INTO Member (Name, Age, Email, ContactNumber, RollNumberOrEmployeeCode, Department, BloodGroup, EmergencyContact, Address, RegistrationDate, MemberType, Status) VALUES ('Disha Pereira', 17, 'disha.pereira1@college.edu', '9981806356', 'MA20247511', 'Management', 'A-', '9269448695', 'Visakhapatnam', '2024-08-30', 'Student', 'Active');
INSERT INTO Member (Name, Age, Email, ContactNumber, RollNumberOrEmployeeCode, Department, BloodGroup, EmergencyContact, Address, RegistrationDate, MemberType, Status) VALUES ('Nikhil Mishra', 52, 'nikhil.mishra1@college.edu', '9872588744', 'FO20231852', 'Food Technology', 'AB-', '9621372138', 'Nagpur', '2024-04-23', 'Student', 'Active');
INSERT INTO Member (Name, Age, Email, ContactNumber, RollNumberOrEmployeeCode, Department, BloodGroup, EmergencyContact, Address, RegistrationDate, MemberType, Status) VALUES ('Manish Pandey', 17, 'manish.pandey1@college.edu', '9127961143', 'MA20228192', 'Management', 'A-', '9906698490', 'Kolkata', '2022-08-14', 'Student', 'Active');
INSERT INTO Member (Name, Age, Email, ContactNumber, RollNumberOrEmployeeCode, Department, BloodGroup, EmergencyContact, Address, RegistrationDate, MemberType, Status) VALUES ('Aditya Rao', 46, 'aditya.rao1@college.edu', '9309883920', 'FAC1251', 'Management', 'B-', '9021465669', 'Pune', '2023-04-22', 'Faculty', 'Active');
INSERT INTO Member (Name, Age, Email, ContactNumber, RollNumberOrEmployeeCode, Department, BloodGroup, EmergencyContact, Address, RegistrationDate, MemberType, Status) VALUES ('Hemant Fernandes', 21, 'hemant.fernandes1@college.edu', '9184895543', 'MB20235821', 'MBA', 'B-', '9769042681', 'Coimbatore', '2025-10-20', 'Student', 'Active');
INSERT INTO Member (Name, Age, Email, ContactNumber, RollNumberOrEmployeeCode, Department, BloodGroup, EmergencyContact, Address, RegistrationDate, MemberType, Status) VALUES ('Sanya Shah', 60, 'sanya.shah1@college.edu', '9489476973', 'EMP7757', 'Chemistry', 'O-', '9790714163', 'Ahmedabad', '2024-06-09', 'Staff', 'Active');
INSERT INTO Member (Name, Age, Email, ContactNumber, RollNumberOrEmployeeCode, Department, BloodGroup, EmergencyContact, Address, RegistrationDate, MemberType, Status) VALUES ('Shubham Patil', 28, 'shubham.patil1@college.edu', '9434165182', 'EMP4387', 'Aeronautical', 'AB-', '9539423733', 'Ahmedabad', '2024-09-20', 'Staff', 'Active');
INSERT INTO Member (Name, Age, Email, ContactNumber, RollNumberOrEmployeeCode, Department, BloodGroup, EmergencyContact, Address, RegistrationDate, MemberType, Status) VALUES ('Pankaj Rao', 43, 'pankaj.rao1@college.edu', '9952111790', 'FAC7518', 'Textile', 'A+', '9759579472', 'Vadodara', '2024-08-21', 'Faculty', 'Active');
INSERT INTO Member (Name, Age, Email, ContactNumber, RollNumberOrEmployeeCode, Department, BloodGroup, EmergencyContact, Address, RegistrationDate, MemberType, Status) VALUES ('Omkar Lal', 36, 'omkar.lal1@college.edu', '9086780856', 'FAC6924', 'Biotechnology', 'O-', '9187500369', 'Hyderabad', '2024-05-20', 'Faculty', 'Active');
INSERT INTO Member (Name, Age, Email, ContactNumber, RollNumberOrEmployeeCode, Department, BloodGroup, EmergencyContact, Address, RegistrationDate, MemberType, Status) VALUES ('Ritesh Arora', 33, 'ritesh.arora1@college.edu', '9284347955', 'BI20234744', 'Biotechnology', 'O-', '9636556472', 'Agra', '2025-06-22', 'Student', 'Active');
INSERT INTO Member (Name, Age, Email, ContactNumber, RollNumberOrEmployeeCode, Department, BloodGroup, EmergencyContact, Address, RegistrationDate, MemberType, Status) VALUES ('Ishaan D\'Souza', 45, 'ishaan.d\'souza1@college.edu', '9386632270', 'FAC7527', 'Biotechnology', 'O+', '9728857448', 'Agra', '2025-12-10', 'Faculty', 'Active');
INSERT INTO Member (Name, Age, Email, ContactNumber, RollNumberOrEmployeeCode, Department, BloodGroup, EmergencyContact, Address, RegistrationDate, MemberType, Status) VALUES ('Ishaan Kamath', 27, 'ishaan.kamath1@college.edu', '9034717545', 'MA20216818', 'Management', 'AB+', '9506159399', 'Coimbatore', '2025-03-25', 'Student', 'Active');
INSERT INTO Member (Name, Age, Email, ContactNumber, RollNumberOrEmployeeCode, Department, BloodGroup, EmergencyContact, Address, RegistrationDate, MemberType, Status) VALUES ('Sandeep Shetty', 60, 'sandeep.shetty1@college.edu', '9771694722', 'FAC5773', 'Chemistry', 'O+', '9996112535', 'Lucknow', '2022-07-19', 'Faculty', 'Active');
INSERT INTO Member (Name, Age, Email, ContactNumber, RollNumberOrEmployeeCode, Department, BloodGroup, EmergencyContact, Address, RegistrationDate, MemberType, Status) VALUES ('Disha Kapoor', 53, 'disha.kapoor1@college.edu', '9475987622', 'FAC1881', 'Computer Science', 'B+', '9341326111', 'Patna', '2023-02-18', 'Faculty', 'Active');
INSERT INTO Member (Name, Age, Email, ContactNumber, RollNumberOrEmployeeCode, Department, BloodGroup, EmergencyContact, Address, RegistrationDate, MemberType, Status) VALUES ('Amit Gill', 42, 'amit.gill1@college.edu', '9811492164', 'IN20229856', 'Information Technology', 'B-', '9472282005', 'Lucknow', '2023-07-16', 'Student', 'Active');
INSERT INTO Member (Name, Age, Email, ContactNumber, RollNumberOrEmployeeCode, Department, BloodGroup, EmergencyContact, Address, RegistrationDate, MemberType, Status) VALUES ('Rajan Agarwal', 45, 'rajan.agarwal1@college.edu', '9282997968', 'TE20211172', 'Textile', 'AB+', '9578317456', 'Jaipur', '2025-05-03', 'Student', 'Active');
INSERT INTO Member (Name, Age, Email, ContactNumber, RollNumberOrEmployeeCode, Department, BloodGroup, EmergencyContact, Address, RegistrationDate, MemberType, Status) VALUES ('Aarav Patil', 25, 'aarav.patil1@college.edu', '9547807740', 'PH20207385', 'Pharmacy', 'AB+', '9930853686', 'Nagpur', '2024-10-22', 'Student', 'Active');
INSERT INTO Member (Name, Age, Email, ContactNumber, RollNumberOrEmployeeCode, Department, BloodGroup, EmergencyContact, Address, RegistrationDate, MemberType, Status) VALUES ('Suresh Menon', 33, 'suresh.menon1@college.edu', '9163894484', 'PH20206253', 'Pharmacy', 'B-', '9122417974', 'Visakhapatnam', '2023-06-14', 'Student', 'Active');
INSERT INTO Member (Name, Age, Email, ContactNumber, RollNumberOrEmployeeCode, Department, BloodGroup, EmergencyContact, Address, RegistrationDate, MemberType, Status) VALUES ('Akash Nair', 20, 'akash.nair1@college.edu', '9802144270', 'IN20196410', 'Information Technology', 'A-', '9207356475', 'Bhopal', '2022-04-20', 'Student', 'Active');
INSERT INTO Member (Name, Age, Email, ContactNumber, RollNumberOrEmployeeCode, Department, BloodGroup, EmergencyContact, Address, RegistrationDate, MemberType, Status) VALUES ('Divya Randhawa', 26, 'divya.randhawa1@college.edu', '9046187234', 'AR20208746', 'Architecture', 'A+', '9136730371', 'Vadodara', '2022-06-23', 'Student', 'Active');
INSERT INTO Member (Name, Age, Email, ContactNumber, RollNumberOrEmployeeCode, Department, BloodGroup, EmergencyContact, Address, RegistrationDate, MemberType, Status) VALUES ('Tanvi Shetty', 36, 'tanvi.shetty1@college.edu', '9520881474', 'EL20224982', 'Electrical', 'AB-', '9031365024', 'Agra', '2025-07-15', 'Student', 'Active');
INSERT INTO Member (Name, Age, Email, ContactNumber, RollNumberOrEmployeeCode, Department, BloodGroup, EmergencyContact, Address, RegistrationDate, MemberType, Status) VALUES ('Aditya Kumar', 58, 'aditya.kumar1@college.edu', '9925132719', 'EMP6690', 'Chemistry', 'A+', '9052812735', 'Coimbatore', '2022-08-05', 'Staff', 'Active');
INSERT INTO Member (Name, Age, Email, ContactNumber, RollNumberOrEmployeeCode, Department, BloodGroup, EmergencyContact, Address, RegistrationDate, MemberType, Status) VALUES ('Vivek D\'Souza', 29, 'vivek.d\'souza1@college.edu', '9065240778', 'MA20199702', 'Mathematics', 'O-', '9392855749', 'Coimbatore', '2025-04-23', 'Student', 'Active');
INSERT INTO Member (Name, Age, Email, ContactNumber, RollNumberOrEmployeeCode, Department, BloodGroup, EmergencyContact, Address, RegistrationDate, MemberType, Status) VALUES ('Lakshmi Dubey', 35, 'lakshmi.dubey1@college.edu', '9485708620', 'MB20235638', 'MBA', 'AB-', '9935186387', 'Coimbatore', '2025-05-06', 'Student', 'Active');
INSERT INTO Member (Name, Age, Email, ContactNumber, RollNumberOrEmployeeCode, Department, BloodGroup, EmergencyContact, Address, RegistrationDate, MemberType, Status) VALUES ('Sandeep Mishra', 37, 'sandeep.mishra1@college.edu', '9118102203', 'CI20214616', 'Civil', 'O-', '9310967899', 'Jaipur', '2025-12-07', 'Student', 'Active');
INSERT INTO Member (Name, Age, Email, ContactNumber, RollNumberOrEmployeeCode, Department, BloodGroup, EmergencyContact, Address, RegistrationDate, MemberType, Status) VALUES ('Qasim Fernandes', 21, 'qasim.fernandes1@college.edu', '9037170586', 'MA20244784', 'Management', 'A+', '9948014138', 'Hyderabad', '2025-08-22', 'Student', 'Active');
INSERT INTO Member (Name, Age, Email, ContactNumber, RollNumberOrEmployeeCode, Department, BloodGroup, EmergencyContact, Address, RegistrationDate, MemberType, Status) VALUES ('Harish Pandey', 29, 'harish.pandey1@college.edu', '9383928861', 'FO20238258', 'Food Technology', 'AB-', '9761228685', 'Kolkata', '2023-03-20', 'Student', 'Active');
INSERT INTO Member (Name, Age, Email, ContactNumber, RollNumberOrEmployeeCode, Department, BloodGroup, EmergencyContact, Address, RegistrationDate, MemberType, Status) VALUES ('Shubham Ghosh', 52, 'shubham.ghosh1@college.edu', '9556659398', 'EL20233213', 'Electrical', 'O+', '9845776004', 'Visakhapatnam', '2026-02-12', 'Student', 'Active');
INSERT INTO Member (Name, Age, Email, ContactNumber, RollNumberOrEmployeeCode, Department, BloodGroup, EmergencyContact, Address, RegistrationDate, MemberType, Status) VALUES ('Rohit Sharma', 36, 'rohit.sharma1@college.edu', '9335048889', 'FO20215920', 'Food Technology', 'B+', '9107522459', 'Ahmedabad', '2024-11-25', 'Student', 'Active');
INSERT INTO Member (Name, Age, Email, ContactNumber, RollNumberOrEmployeeCode, Department, BloodGroup, EmergencyContact, Address, RegistrationDate, MemberType, Status) VALUES ('Gaurav Saxena', 42, 'gaurav.saxena1@college.edu', '9931572791', 'MB20241187', 'MBA', 'AB+', '9096105566', 'Hyderabad', '2024-12-08', 'Student', 'Active');
INSERT INTO Member (Name, Age, Email, ContactNumber, RollNumberOrEmployeeCode, Department, BloodGroup, EmergencyContact, Address, RegistrationDate, MemberType, Status) VALUES ('Uma Gill', 41, 'uma.gill1@college.edu', '9048058925', 'MA20223425', 'Marine', 'B-', '9206799813', 'Indore', '2024-08-01', 'Student', 'Active');
INSERT INTO Member (Name, Age, Email, ContactNumber, RollNumberOrEmployeeCode, Department, BloodGroup, EmergencyContact, Address, RegistrationDate, MemberType, Status) VALUES ('Kavita Das', 33, 'kavita.das1@college.edu', '9790864168', 'EMP5034', 'Pharmacy', 'B+', '9278376938', 'Visakhapatnam', '2023-04-09', 'Staff', 'Active');
INSERT INTO Member (Name, Age, Email, ContactNumber, RollNumberOrEmployeeCode, Department, BloodGroup, EmergencyContact, Address, RegistrationDate, MemberType, Status) VALUES ('Pradeep Verma', 34, 'pradeep.verma1@college.edu', '9659116655', 'EL20194825', 'Electrical', 'AB-', '9590425979', 'Chennai', '2023-09-27', 'Student', 'Active');
INSERT INTO Member (Name, Age, Email, ContactNumber, RollNumberOrEmployeeCode, Department, BloodGroup, EmergencyContact, Address, RegistrationDate, MemberType, Status) VALUES ('Neha Shetty', 40, 'neha.shetty1@college.edu', '9211039240', 'CH20219991', 'Chemistry', 'A-', '9477053833', 'Coimbatore', '2023-04-11', 'Student', 'Active');
INSERT INTO Member (Name, Age, Email, ContactNumber, RollNumberOrEmployeeCode, Department, BloodGroup, EmergencyContact, Address, RegistrationDate, MemberType, Status) VALUES ('Aditi Khanna', 26, 'aditi.khanna1@college.edu', '9069804204', 'EL20224787', 'Electrical', 'AB+', '9070164510', 'Surat', '2022-07-27', 'Student', 'Active');
INSERT INTO Member (Name, Age, Email, ContactNumber, RollNumberOrEmployeeCode, Department, BloodGroup, EmergencyContact, Address, RegistrationDate, MemberType, Status) VALUES ('Suresh Kulkarni', 34, 'suresh.kulkarni1@college.edu', '9579812387', 'FAC6765', 'Textile', 'A+', '9038457620', 'Kanpur', '2022-05-16', 'Faculty', 'Active');
INSERT INTO Member (Name, Age, Email, ContactNumber, RollNumberOrEmployeeCode, Department, BloodGroup, EmergencyContact, Address, RegistrationDate, MemberType, Status) VALUES ('Shubham Naik', 47, 'shubham.naik1@college.edu', '9384046084', 'FAC3502', 'Information Technology', 'B+', '9562168936', 'Ahmedabad', '2022-12-30', 'Faculty', 'Active');
INSERT INTO Member (Name, Age, Email, ContactNumber, RollNumberOrEmployeeCode, Department, BloodGroup, EmergencyContact, Address, RegistrationDate, MemberType, Status) VALUES ('Vikram Bose', 55, 'vikram.bose1@college.edu', '9578232983', 'CH20206203', 'Chemical', 'AB+', '9826292518', 'Coimbatore', '2025-07-18', 'Student', 'Active');
INSERT INTO Member (Name, Age, Email, ContactNumber, RollNumberOrEmployeeCode, Department, BloodGroup, EmergencyContact, Address, RegistrationDate, MemberType, Status) VALUES ('Kunal D\'Souza', 18, 'kunal.d\'souza1@college.edu', '9566474231', 'CH20241427', 'Chemical', 'B+', '9099499939', 'Ahmedabad', '2024-11-30', 'Student', 'Active');
INSERT INTO Member (Name, Age, Email, ContactNumber, RollNumberOrEmployeeCode, Department, BloodGroup, EmergencyContact, Address, RegistrationDate, MemberType, Status) VALUES ('Shubham Gupta', 58, 'shubham.gupta1@college.edu', '9289752677', 'FAC3901', 'Chemical', 'B+', '9330604633', 'Pune', '2025-11-02', 'Faculty', 'Active');
INSERT INTO Member (Name, Age, Email, ContactNumber, RollNumberOrEmployeeCode, Department, BloodGroup, EmergencyContact, Address, RegistrationDate, MemberType, Status) VALUES ('Vivek Arora', 48, 'vivek.arora1@college.edu', '9573660965', 'AR20229456', 'Architecture', 'A+', '9817703886', 'Delhi', '2023-01-30', 'Student', 'Active');
INSERT INTO Member (Name, Age, Email, ContactNumber, RollNumberOrEmployeeCode, Department, BloodGroup, EmergencyContact, Address, RegistrationDate, MemberType, Status) VALUES ('Tarun Singh', 29, 'tarun.singh1@college.edu', '9476447264', 'MB20227775', 'MBA', 'A+', '9827718129', 'Coimbatore', '2025-06-13', 'Student', 'Active');
INSERT INTO Member (Name, Age, Email, ContactNumber, RollNumberOrEmployeeCode, Department, BloodGroup, EmergencyContact, Address, RegistrationDate, MemberType, Status) VALUES ('Sandeep Dubey', 18, 'sandeep.dubey1@college.edu', '9279371452', 'CI20221719', 'Civil', 'A-', '9175186892', 'Nagpur', '2023-02-14', 'Student', 'Active');
INSERT INTO Member (Name, Age, Email, ContactNumber, RollNumberOrEmployeeCode, Department, BloodGroup, EmergencyContact, Address, RegistrationDate, MemberType, Status) VALUES ('Meera Das', 53, 'meera.das1@college.edu', '9222206447', 'MA20199084', 'Mathematics', 'B+', '9123094077', 'Patna', '2023-02-28', 'Student', 'Active');
INSERT INTO Member (Name, Age, Email, ContactNumber, RollNumberOrEmployeeCode, Department, BloodGroup, EmergencyContact, Address, RegistrationDate, MemberType, Status) VALUES ('Pooja Pillai', 54, 'pooja.pillai1@college.edu', '9776719903', 'TE20245889', 'Textile', 'AB+', '9983022050', 'Chennai', '2026-01-10', 'Student', 'Active');
INSERT INTO Member (Name, Age, Email, ContactNumber, RollNumberOrEmployeeCode, Department, BloodGroup, EmergencyContact, Address, RegistrationDate, MemberType, Status) VALUES ('Sanjay Gupta', 31, 'sanjay.gupta1@college.edu', '9162249998', 'FAC2063', 'Biotechnology', 'O-', '9950145561', 'Indore', '2023-02-14', 'Faculty', 'Active');
INSERT INTO Member (Name, Age, Email, ContactNumber, RollNumberOrEmployeeCode, Department, BloodGroup, EmergencyContact, Address, RegistrationDate, MemberType, Status) VALUES ('Ravi Yadav', 25, 'ravi.yadav1@college.edu', '9145868339', 'EL20236797', 'Electronics', 'A-', '9981794695', 'Jaipur', '2023-04-06', 'Student', 'Active');
INSERT INTO Member (Name, Age, Email, ContactNumber, RollNumberOrEmployeeCode, Department, BloodGroup, EmergencyContact, Address, RegistrationDate, MemberType, Status) VALUES ('Kavita Khanna', 53, 'kavita.khanna1@college.edu', '9787729343', 'CO20244478', 'Computer Science', 'A-', '9071396605', 'Kanpur', '2023-01-25', 'Student', 'Active');
INSERT INTO Member (Name, Age, Email, ContactNumber, RollNumberOrEmployeeCode, Department, BloodGroup, EmergencyContact, Address, RegistrationDate, MemberType, Status) VALUES ('Aditya Naik', 29, 'aditya.naik1@college.edu', '9441448850', 'CI20193224', 'Civil', 'AB-', '9569902355', 'Patna', '2023-07-20', 'Student', 'Active');
INSERT INTO Member (Name, Age, Email, ContactNumber, RollNumberOrEmployeeCode, Department, BloodGroup, EmergencyContact, Address, RegistrationDate, MemberType, Status) VALUES ('Aditi Nair', 46, 'aditi.nair1@college.edu', '9857608495', 'TE20233719', 'Textile', 'A+', '9395512405', 'Nagpur', '2022-09-11', 'Student', 'Active');
INSERT INTO Member (Name, Age, Email, ContactNumber, RollNumberOrEmployeeCode, Department, BloodGroup, EmergencyContact, Address, RegistrationDate, MemberType, Status) VALUES ('Madhur Bajaj', 41, 'madhur.bajaj1@college.edu', '9291450461', 'AE20198270', 'Aeronautical', 'B-', '9574384215', 'Delhi', '2025-01-28', 'Student', 'Active');
INSERT INTO Member (Name, Age, Email, ContactNumber, RollNumberOrEmployeeCode, Department, BloodGroup, EmergencyContact, Address, RegistrationDate, MemberType, Status) VALUES ('Dhruv Patel', 47, 'dhruv.patel1@college.edu', '9823578452', 'CI20218649', 'Civil', 'B+', '9307681040', 'Visakhapatnam', '2025-09-20', 'Student', 'Active');
INSERT INTO Member (Name, Age, Email, ContactNumber, RollNumberOrEmployeeCode, Department, BloodGroup, EmergencyContact, Address, RegistrationDate, MemberType, Status) VALUES ('Anjali Joshi', 47, 'anjali.joshi1@college.edu', '9094353344', 'EMP2677', 'Textile', 'AB-', '9714224109', 'Coimbatore', '2023-04-30', 'Staff', 'Active');
INSERT INTO Member (Name, Age, Email, ContactNumber, RollNumberOrEmployeeCode, Department, BloodGroup, EmergencyContact, Address, RegistrationDate, MemberType, Status) VALUES ('Nikhil Jain', 39, 'nikhil.jain1@college.edu', '9854249321', 'MA20227421', 'Mathematics', 'AB-', '9870207016', 'Delhi', '2025-09-22', 'Student', 'Active');
INSERT INTO Member (Name, Age, Email, ContactNumber, RollNumberOrEmployeeCode, Department, BloodGroup, EmergencyContact, Address, RegistrationDate, MemberType, Status) VALUES ('Mihir Fernandes', 56, 'mihir.fernandes1@college.edu', '9954538179', 'FAC6954', 'Chemical', 'A-', '9717477332', 'Visakhapatnam', '2024-10-05', 'Faculty', 'Active');
INSERT INTO Member (Name, Age, Email, ContactNumber, RollNumberOrEmployeeCode, Department, BloodGroup, EmergencyContact, Address, RegistrationDate, MemberType, Status) VALUES ('Tanya Reddy', 38, 'tanya.reddy1@college.edu', '9577017157', 'NU20242162', 'Nursing', 'B+', '9459928161', 'Lucknow', '2023-02-03', 'Student', 'Active');
INSERT INTO Member (Name, Age, Email, ContactNumber, RollNumberOrEmployeeCode, Department, BloodGroup, EmergencyContact, Address, RegistrationDate, MemberType, Status) VALUES ('Rohit Jain', 57, 'rohit.jain1@college.edu', '9696393827', 'FAC2276', 'Architecture', 'A-', '9539669583', 'Kolkata', '2022-06-29', 'Faculty', 'Active');
INSERT INTO Member (Name, Age, Email, ContactNumber, RollNumberOrEmployeeCode, Department, BloodGroup, EmergencyContact, Address, RegistrationDate, MemberType, Status) VALUES ('Hemant Fernandes', 53, 'hemant.fernandes2@college.edu', '9719975817', 'BI20201003', 'Biotechnology', 'AB+', '9619196570', 'Bangalore', '2024-12-27', 'Student', 'Active');
INSERT INTO Member (Name, Age, Email, ContactNumber, RollNumberOrEmployeeCode, Department, BloodGroup, EmergencyContact, Address, RegistrationDate, MemberType, Status) VALUES ('Kunal Gowda', 26, 'kunal.gowda1@college.edu', '9784699733', 'CH20212022', 'Chemistry', 'AB+', '9946519098', 'Nagpur', '2025-06-29', 'Student', 'Active');
INSERT INTO Member (Name, Age, Email, ContactNumber, RollNumberOrEmployeeCode, Department, BloodGroup, EmergencyContact, Address, RegistrationDate, MemberType, Status) VALUES ('Sonam Agarwal', 20, 'sonam.agarwal1@college.edu', '9085140369', 'AR20226902', 'Architecture', 'AB-', '9666683272', 'Pune', '2023-02-04', 'Student', 'Active');
INSERT INTO Member (Name, Age, Email, ContactNumber, RollNumberOrEmployeeCode, Department, BloodGroup, EmergencyContact, Address, RegistrationDate, MemberType, Status) VALUES ('Vikas Nair', 35, 'vikas.nair2@college.edu', '9220102762', 'ME20226821', 'Mechanical', 'B+', '9679692786', 'Coimbatore', '2023-09-08', 'Student', 'Active');
INSERT INTO Member (Name, Age, Email, ContactNumber, RollNumberOrEmployeeCode, Department, BloodGroup, EmergencyContact, Address, RegistrationDate, MemberType, Status) VALUES ('Omkar Reddy', 55, 'omkar.reddy1@college.edu', '9909738468', 'EMP5578', 'Food Technology', 'AB-', '9009751971', 'Chennai', '2023-04-04', 'Staff', 'Active');
INSERT INTO Member (Name, Age, Email, ContactNumber, RollNumberOrEmployeeCode, Department, BloodGroup, EmergencyContact, Address, RegistrationDate, MemberType, Status) VALUES ('Zara Patil', 22, 'zara.patil1@college.edu', '9891371894', 'MB20215738', 'MBA', 'A+', '9580778795', 'Indore', '2024-03-25', 'Student', 'Active');
INSERT INTO Member (Name, Age, Email, ContactNumber, RollNumberOrEmployeeCode, Department, BloodGroup, EmergencyContact, Address, RegistrationDate, MemberType, Status) VALUES ('Meera Kumar', 55, 'meera.kumar1@college.edu', '9494079290', 'MA20215209', 'Mathematics', 'A+', '9471281442', 'Visakhapatnam', '2024-08-19', 'Student', 'Active');
INSERT INTO Member (Name, Age, Email, ContactNumber, RollNumberOrEmployeeCode, Department, BloodGroup, EmergencyContact, Address, RegistrationDate, MemberType, Status) VALUES ('Aditya Pereira', 24, 'aditya.pereira1@college.edu', '9929275243', 'AE20248211', 'Aeronautical', 'B+', '9805129276', 'Nagpur', '2024-11-15', 'Student', 'Active');
INSERT INTO Member (Name, Age, Email, ContactNumber, RollNumberOrEmployeeCode, Department, BloodGroup, EmergencyContact, Address, RegistrationDate, MemberType, Status) VALUES ('Farida Naik', 27, 'farida.naik1@college.edu', '9395041027', 'AR20195731', 'Architecture', 'O-', '9478366742', 'Vadodara', '2023-10-09', 'Student', 'Active');
INSERT INTO Member (Name, Age, Email, ContactNumber, RollNumberOrEmployeeCode, Department, BloodGroup, EmergencyContact, Address, RegistrationDate, MemberType, Status) VALUES ('Yash Pandey', 37, 'yash.pandey1@college.edu', '9801856945', 'PH20243947', 'Physics', 'AB+', '9149673938', 'Lucknow', '2022-05-30', 'Student', 'Active');
INSERT INTO Member (Name, Age, Email, ContactNumber, RollNumberOrEmployeeCode, Department, BloodGroup, EmergencyContact, Address, RegistrationDate, MemberType, Status) VALUES ('Sahil Agarwal', 28, 'sahil.agarwal1@college.edu', '9010618175', 'FAC2995', 'Information Technology', 'AB+', '9430091093', 'Visakhapatnam', '2022-08-19', 'Faculty', 'Active');
INSERT INTO Member (Name, Age, Email, ContactNumber, RollNumberOrEmployeeCode, Department, BloodGroup, EmergencyContact, Address, RegistrationDate, MemberType, Status) VALUES ('Disha Shah', 33, 'disha.shah1@college.edu', '9926921244', 'FAC6450', 'Nursing', 'A-', '9746542140', 'Nagpur', '2024-01-12', 'Faculty', 'Active');
INSERT INTO Member (Name, Age, Email, ContactNumber, RollNumberOrEmployeeCode, Department, BloodGroup, EmergencyContact, Address, RegistrationDate, MemberType, Status) VALUES ('Aryan Malhotra', 33, 'aryan.malhotra1@college.edu', '9271739627', 'CI20235105', 'Civil', 'B+', '9863917410', 'Bangalore', '2025-10-24', 'Student', 'Active');
INSERT INTO Member (Name, Age, Email, ContactNumber, RollNumberOrEmployeeCode, Department, BloodGroup, EmergencyContact, Address, RegistrationDate, MemberType, Status) VALUES ('Yash Patel', 59, 'yash.patel1@college.edu', '9200642569', 'EMP9770', 'Computer Science', 'O-', '9766183067', 'Hyderabad', '2023-01-11', 'Staff', 'Active');
INSERT INTO Member (Name, Age, Email, ContactNumber, RollNumberOrEmployeeCode, Department, BloodGroup, EmergencyContact, Address, RegistrationDate, MemberType, Status) VALUES ('Shubham Das', 47, 'shubham.das1@college.edu', '9601585174', 'FAC8175', 'Electrical', 'B+', '9806346157', 'Bangalore', '2022-08-30', 'Faculty', 'Active');
INSERT INTO Member (Name, Age, Email, ContactNumber, RollNumberOrEmployeeCode, Department, BloodGroup, EmergencyContact, Address, RegistrationDate, MemberType, Status) VALUES ('Hemant Rao', 25, 'hemant.rao1@college.edu', '9030937618', 'MA20249570', 'Mathematics', 'O-', '9870050506', 'Hyderabad', '2025-01-08', 'Student', 'Active');
INSERT INTO Member (Name, Age, Email, ContactNumber, RollNumberOrEmployeeCode, Department, BloodGroup, EmergencyContact, Address, RegistrationDate, MemberType, Status) VALUES ('Yogesh Shetty', 37, 'yogesh.shetty1@college.edu', '9931027079', 'EMP2742', 'Electronics', 'B-', '9202041792', 'Agra', '2025-11-07', 'Staff', 'Active');
INSERT INTO Member (Name, Age, Email, ContactNumber, RollNumberOrEmployeeCode, Department, BloodGroup, EmergencyContact, Address, RegistrationDate, MemberType, Status) VALUES ('Kajal Maurya', 55, 'kajal.maurya1@college.edu', '9931365651', 'FO20207060', 'Food Technology', 'B+', '9530925114', 'Chennai', '2023-11-18', 'Student', 'Active');
INSERT INTO Member (Name, Age, Email, ContactNumber, RollNumberOrEmployeeCode, Department, BloodGroup, EmergencyContact, Address, RegistrationDate, MemberType, Status) VALUES ('Jayesh Iyer', 45, 'jayesh.iyer2@college.edu', '9390219620', 'AE20245439', 'Aeronautical', 'A-', '9002194672', 'Pune', '2025-05-28', 'Student', 'Active');
INSERT INTO Member (Name, Age, Email, ContactNumber, RollNumberOrEmployeeCode, Department, BloodGroup, EmergencyContact, Address, RegistrationDate, MemberType, Status) VALUES ('Farhan Dubey', 43, 'farhan.dubey1@college.edu', '9329092791', 'MA20234592', 'Mathematics', 'AB-', '9608331819', 'Kanpur', '2023-03-08', 'Student', 'Active');
INSERT INTO Member (Name, Age, Email, ContactNumber, RollNumberOrEmployeeCode, Department, BloodGroup, EmergencyContact, Address, RegistrationDate, MemberType, Status) VALUES ('Zara Gill', 30, 'zara.gill1@college.edu', '9403127722', 'EL20233881', 'Electronics', 'A+', '9543645970', 'Hyderabad', '2025-11-30', 'Student', 'Active');
INSERT INTO Member (Name, Age, Email, ContactNumber, RollNumberOrEmployeeCode, Department, BloodGroup, EmergencyContact, Address, RegistrationDate, MemberType, Status) VALUES ('Manish Dhaliwal', 29, 'manish.dhaliwal1@college.edu', '9781137995', 'FAC2204', 'Pharmacy', 'B-', '9531531363', 'Nagpur', '2024-12-21', 'Faculty', 'Active');
INSERT INTO Member (Name, Age, Email, ContactNumber, RollNumberOrEmployeeCode, Department, BloodGroup, EmergencyContact, Address, RegistrationDate, MemberType, Status) VALUES ('Abhishek Rastogi', 48, 'abhishek.rastogi1@college.edu', '9062397265', 'CH20198627', 'Chemical', 'O-', '9354352090', 'Jaipur', '2025-06-11', 'Student', 'Active');
INSERT INTO Member (Name, Age, Email, ContactNumber, RollNumberOrEmployeeCode, Department, BloodGroup, EmergencyContact, Address, RegistrationDate, MemberType, Status) VALUES ('Yogesh Mishra', 38, 'yogesh.mishra1@college.edu', '9534929298', 'FAC5060', 'Information Technology', 'A-', '9687397740', 'Indore', '2024-10-28', 'Faculty', 'Active');
INSERT INTO Member (Name, Age, Email, ContactNumber, RollNumberOrEmployeeCode, Department, BloodGroup, EmergencyContact, Address, RegistrationDate, MemberType, Status) VALUES ('Sandeep Srivastava', 54, 'sandeep.srivastava1@college.edu', '9392906007', 'MA20247662', 'Marine', 'A+', '9686717731', 'Coimbatore', '2026-02-20', 'Student', 'Active');
INSERT INTO Member (Name, Age, Email, ContactNumber, RollNumberOrEmployeeCode, Department, BloodGroup, EmergencyContact, Address, RegistrationDate, MemberType, Status) VALUES ('Nikita Mehta', 39, 'nikita.mehta1@college.edu', '9431074279', 'FO20219698', 'Food Technology', 'A+', '9772625701', 'Nagpur', '2022-05-03', 'Student', 'Active');
INSERT INTO Member (Name, Age, Email, ContactNumber, RollNumberOrEmployeeCode, Department, BloodGroup, EmergencyContact, Address, RegistrationDate, MemberType, Status) VALUES ('Ananya Chopra', 44, 'ananya.chopra1@college.edu', '9498931950', 'MA20232097', 'Marine', 'AB-', '9016579055', 'Kolkata', '2022-07-29', 'Student', 'Active');
INSERT INTO Member (Name, Age, Email, ContactNumber, RollNumberOrEmployeeCode, Department, BloodGroup, EmergencyContact, Address, RegistrationDate, MemberType, Status) VALUES ('Khushi Fernandes', 30, 'khushi.fernandes1@college.edu', '9253817933', 'CH20233010', 'Chemistry', 'AB-', '9486401557', 'Patna', '2023-05-26', 'Student', 'Active');
INSERT INTO Member (Name, Age, Email, ContactNumber, RollNumberOrEmployeeCode, Department, BloodGroup, EmergencyContact, Address, RegistrationDate, MemberType, Status) VALUES ('Abhishek Fernandes', 46, 'abhishek.fernandes1@college.edu', '9795137116', 'FAC1371', 'Biotechnology', 'AB+', '9112412723', 'Vadodara', '2022-09-10', 'Faculty', 'Active');
INSERT INTO Member (Name, Age, Email, ContactNumber, RollNumberOrEmployeeCode, Department, BloodGroup, EmergencyContact, Address, RegistrationDate, MemberType, Status) VALUES ('Ravi Mishra', 51, 'ravi.mishra1@college.edu', '9275670431', 'CO20225982', 'Computer Science', 'B-', '9856955798', 'Coimbatore', '2023-09-18', 'Student', 'Active');
INSERT INTO Member (Name, Age, Email, ContactNumber, RollNumberOrEmployeeCode, Department, BloodGroup, EmergencyContact, Address, RegistrationDate, MemberType, Status) VALUES ('Lavanya Mehta', 36, 'lavanya.mehta1@college.edu', '9243754025', 'MA20196187', 'Mathematics', 'O-', '9292842222', 'Ahmedabad', '2025-07-21', 'Student', 'Active');
INSERT INTO Member (Name, Age, Email, ContactNumber, RollNumberOrEmployeeCode, Department, BloodGroup, EmergencyContact, Address, RegistrationDate, MemberType, Status) VALUES ('Madhur Mehta', 45, 'madhur.mehta1@college.edu', '9452380552', 'MA20201070', 'Management', 'O-', '9828410672', 'Bhopal', '2024-05-31', 'Student', 'Active');
INSERT INTO Member (Name, Age, Email, ContactNumber, RollNumberOrEmployeeCode, Department, BloodGroup, EmergencyContact, Address, RegistrationDate, MemberType, Status) VALUES ('Hemant Jain', 49, 'hemant.jain1@college.edu', '9547492975', 'CI20196347', 'Civil', 'O-', '9028140693', 'Bhopal', '2024-03-16', 'Student', 'Active');
INSERT INTO Member (Name, Age, Email, ContactNumber, RollNumberOrEmployeeCode, Department, BloodGroup, EmergencyContact, Address, RegistrationDate, MemberType, Status) VALUES ('Aryan Bajaj', 29, 'aryan.bajaj1@college.edu', '9983430187', 'ME20217326', 'Mechanical', 'O+', '9375998056', 'Chennai', '2023-10-24', 'Student', 'Active');
INSERT INTO Member (Name, Age, Email, ContactNumber, RollNumberOrEmployeeCode, Department, BloodGroup, EmergencyContact, Address, RegistrationDate, MemberType, Status) VALUES ('Sonam Sharma', 35, 'sonam.sharma1@college.edu', '9554781376', 'NU20236495', 'Nursing', 'AB+', '9266299123', 'Surat', '2023-07-19', 'Student', 'Active');
INSERT INTO Member (Name, Age, Email, ContactNumber, RollNumberOrEmployeeCode, Department, BloodGroup, EmergencyContact, Address, RegistrationDate, MemberType, Status) VALUES ('Deepak Rastogi', 52, 'deepak.rastogi1@college.edu', '9106462879', 'EMP8593', 'Chemical', 'B-', '9264870494', 'Patna', '2023-01-27', 'Staff', 'Active');
INSERT INTO Member (Name, Age, Email, ContactNumber, RollNumberOrEmployeeCode, Department, BloodGroup, EmergencyContact, Address, RegistrationDate, MemberType, Status) VALUES ('Omkar Patel', 17, 'omkar.patel1@college.edu', '9244714627', 'IN20248799', 'Information Technology', 'A+', '9147195979', 'Indore', '2024-10-05', 'Student', 'Active');
INSERT INTO Member (Name, Age, Email, ContactNumber, RollNumberOrEmployeeCode, Department, BloodGroup, EmergencyContact, Address, RegistrationDate, MemberType, Status) VALUES ('Brijesh Sidhu', 24, 'brijesh.sidhu1@college.edu', '9589042902', 'CH20232258', 'Chemistry', 'O-', '9252045650', 'Surat', '2024-07-28', 'Student', 'Active');
INSERT INTO Member (Name, Age, Email, ContactNumber, RollNumberOrEmployeeCode, Department, BloodGroup, EmergencyContact, Address, RegistrationDate, MemberType, Status) VALUES ('Esha Rao', 39, 'esha.rao1@college.edu', '9192855445', 'EMP4569', 'Civil', 'AB-', '9202845765', 'Kolkata', '2025-08-20', 'Staff', 'Active');
INSERT INTO Member (Name, Age, Email, ContactNumber, RollNumberOrEmployeeCode, Department, BloodGroup, EmergencyContact, Address, RegistrationDate, MemberType, Status) VALUES ('Lakshmi Kulkarni', 42, 'lakshmi.kulkarni1@college.edu', '9389888167', 'FAC3821', 'Mechanical', 'A-', '9207545279', 'Vadodara', '2024-04-16', 'Faculty', 'Active');
INSERT INTO Member (Name, Age, Email, ContactNumber, RollNumberOrEmployeeCode, Department, BloodGroup, EmergencyContact, Address, RegistrationDate, MemberType, Status) VALUES ('Disha Bose', 18, 'disha.bose1@college.edu', '9132234232', 'ME20198685', 'Mechanical', 'O+', '9110760310', 'Vadodara', '2022-11-19', 'Student', 'Active');
INSERT INTO Member (Name, Age, Email, ContactNumber, RollNumberOrEmployeeCode, Department, BloodGroup, EmergencyContact, Address, RegistrationDate, MemberType, Status) VALUES ('Karan Malhotra', 19, 'karan.malhotra1@college.edu', '9140119393', 'BI20232119', 'Biotechnology', 'AB-', '9012495528', 'Visakhapatnam', '2024-11-07', 'Student', 'Active');
INSERT INTO Member (Name, Age, Email, ContactNumber, RollNumberOrEmployeeCode, Department, BloodGroup, EmergencyContact, Address, RegistrationDate, MemberType, Status) VALUES ('Ishaan Sidhu', 54, 'ishaan.sidhu1@college.edu', '9083342801', 'EL20207677', 'Electrical', 'O-', '9592712566', 'Pune', '2023-04-29', 'Student', 'Active');
INSERT INTO Member (Name, Age, Email, ContactNumber, RollNumberOrEmployeeCode, Department, BloodGroup, EmergencyContact, Address, RegistrationDate, MemberType, Status) VALUES ('Kajal Lal', 48, 'kajal.lal1@college.edu', '9171827548', 'EMP7672', 'Electronics', 'A-', '9571647947', 'Ahmedabad', '2023-02-07', 'Staff', 'Active');
INSERT INTO Member (Name, Age, Email, ContactNumber, RollNumberOrEmployeeCode, Department, BloodGroup, EmergencyContact, Address, RegistrationDate, MemberType, Status) VALUES ('Ravi Bhatia', 44, 'ravi.bhatia1@college.edu', '9317520716', 'NU20207623', 'Nursing', 'A-', '9126691215', 'Pune', '2024-04-23', 'Student', 'Active');
INSERT INTO Member (Name, Age, Email, ContactNumber, RollNumberOrEmployeeCode, Department, BloodGroup, EmergencyContact, Address, RegistrationDate, MemberType, Status) VALUES ('Karan Menon', 44, 'karan.menon1@college.edu', '9749946579', 'AR20201486', 'Architecture', 'O-', '9842711477', 'Ahmedabad', '2022-09-08', 'Student', 'Active');
INSERT INTO Member (Name, Age, Email, ContactNumber, RollNumberOrEmployeeCode, Department, BloodGroup, EmergencyContact, Address, RegistrationDate, MemberType, Status) VALUES ('Ishaan Pereira', 31, 'ishaan.pereira1@college.edu', '9170269524', 'FAC6629', 'MBA', 'A-', '9187734778', 'Jaipur', '2023-03-03', 'Faculty', 'Active');
INSERT INTO Member (Name, Age, Email, ContactNumber, RollNumberOrEmployeeCode, Department, BloodGroup, EmergencyContact, Address, RegistrationDate, MemberType, Status) VALUES ('Isha Jain', 29, 'isha.jain1@college.edu', '9061675677', 'EMP9037', 'Electronics', 'A+', '9284276246', 'Patna', '2025-08-05', 'Staff', 'Active');
INSERT INTO Member (Name, Age, Email, ContactNumber, RollNumberOrEmployeeCode, Department, BloodGroup, EmergencyContact, Address, RegistrationDate, MemberType, Status) VALUES ('Xenia Agarwal', 51, 'xenia.agarwal1@college.edu', '9977828064', 'AE20241440', 'Aeronautical', 'O+', '9954500902', 'Kanpur', '2024-04-02', 'Student', 'Active');
INSERT INTO Member (Name, Age, Email, ContactNumber, RollNumberOrEmployeeCode, Department, BloodGroup, EmergencyContact, Address, RegistrationDate, MemberType, Status) VALUES ('Tarun Das', 41, 'tarun.das1@college.edu', '9165565033', 'IN20227921', 'Information Technology', 'AB+', '9911415208', 'Lucknow', '2025-12-31', 'Student', 'Active');
INSERT INTO Member (Name, Age, Email, ContactNumber, RollNumberOrEmployeeCode, Department, BloodGroup, EmergencyContact, Address, RegistrationDate, MemberType, Status) VALUES ('Lavanya Kulkarni', 54, 'lavanya.kulkarni1@college.edu', '9407905696', 'FAC8143', 'Chemistry', 'A-', '9713578529', 'Surat', '2024-03-03', 'Faculty', 'Active');
INSERT INTO Member (Name, Age, Email, ContactNumber, RollNumberOrEmployeeCode, Department, BloodGroup, EmergencyContact, Address, RegistrationDate, MemberType, Status) VALUES ('Neha Maurya', 32, 'neha.maurya1@college.edu', '9834404963', 'FAC6690', 'MBA', 'A-', '9919541987', 'Indore', '2025-01-12', 'Faculty', 'Active');
INSERT INTO Member (Name, Age, Email, ContactNumber, RollNumberOrEmployeeCode, Department, BloodGroup, EmergencyContact, Address, RegistrationDate, MemberType, Status) VALUES ('Deepika Hegde', 36, 'deepika.hegde1@college.edu', '9846853664', 'MB20238106', 'MBA', 'O-', '9820829737', 'Jaipur', '2022-08-19', 'Student', 'Active');
INSERT INTO Member (Name, Age, Email, ContactNumber, RollNumberOrEmployeeCode, Department, BloodGroup, EmergencyContact, Address, RegistrationDate, MemberType, Status) VALUES ('Lavanya D\'Souza', 20, 'lavanya.d\'souza1@college.edu', '9835723246', 'PH20193456', 'Pharmacy', 'AB-', '9136442493', 'Nagpur', '2024-11-14', 'Student', 'Active');
INSERT INTO Member (Name, Age, Email, ContactNumber, RollNumberOrEmployeeCode, Department, BloodGroup, EmergencyContact, Address, RegistrationDate, MemberType, Status) VALUES ('Naman Patel', 32, 'naman.patel1@college.edu', '9477866032', 'PH20235882', 'Physics', 'B+', '9044820700', 'Bangalore', '2024-06-13', 'Student', 'Active');
INSERT INTO Member (Name, Age, Email, ContactNumber, RollNumberOrEmployeeCode, Department, BloodGroup, EmergencyContact, Address, RegistrationDate, MemberType, Status) VALUES ('Deepak Mishra', 40, 'deepak.mishra1@college.edu', '9162319818', 'FO20203363', 'Food Technology', 'AB+', '9713915596', 'Ahmedabad', '2023-11-02', 'Student', 'Active');
INSERT INTO Member (Name, Age, Email, ContactNumber, RollNumberOrEmployeeCode, Department, BloodGroup, EmergencyContact, Address, RegistrationDate, MemberType, Status) VALUES ('Jatin Reddy', 30, 'jatin.reddy1@college.edu', '9476490785', 'CI20241570', 'Civil', 'AB-', '9867342575', 'Surat', '2026-02-02', 'Student', 'Active');
INSERT INTO Member (Name, Age, Email, ContactNumber, RollNumberOrEmployeeCode, Department, BloodGroup, EmergencyContact, Address, RegistrationDate, MemberType, Status) VALUES ('Hemant Gowda', 20, 'hemant.gowda1@college.edu', '9348645183', 'NU20217656', 'Nursing', 'O+', '9064413432', 'Bhopal', '2022-09-01', 'Student', 'Active');
INSERT INTO Member (Name, Age, Email, ContactNumber, RollNumberOrEmployeeCode, Department, BloodGroup, EmergencyContact, Address, RegistrationDate, MemberType, Status) VALUES ('Ananya Kapoor', 22, 'ananya.kapoor1@college.edu', '9776561248', 'ME20224278', 'Mechanical', 'AB-', '9698570027', 'Chennai', '2026-03-11', 'Student', 'Active');
INSERT INTO Member (Name, Age, Email, ContactNumber, RollNumberOrEmployeeCode, Department, BloodGroup, EmergencyContact, Address, RegistrationDate, MemberType, Status) VALUES ('Tarun Bose', 37, 'tarun.bose1@college.edu', '9911238296', 'CH20207447', 'Chemistry', 'O-', '9724295431', 'Indore', '2024-02-24', 'Student', 'Active');
INSERT INTO Member (Name, Age, Email, ContactNumber, RollNumberOrEmployeeCode, Department, BloodGroup, EmergencyContact, Address, RegistrationDate, MemberType, Status) VALUES ('Suresh Randhawa', 42, 'suresh.randhawa1@college.edu', '9008931734', 'EMP1231', 'Biotechnology', 'A+', '9696942152', 'Agra', '2025-07-20', 'Staff', 'Active');
INSERT INTO Member (Name, Age, Email, ContactNumber, RollNumberOrEmployeeCode, Department, BloodGroup, EmergencyContact, Address, RegistrationDate, MemberType, Status) VALUES ('Ekta Patil', 44, 'ekta.patil1@college.edu', '9771333447', 'AR20215289', 'Architecture', 'B+', '9639343626', 'Chennai', '2026-01-18', 'Student', 'Active');
INSERT INTO Member (Name, Age, Email, ContactNumber, RollNumberOrEmployeeCode, Department, BloodGroup, EmergencyContact, Address, RegistrationDate, MemberType, Status) VALUES ('Pooja Khanna', 56, 'pooja.khanna1@college.edu', '9359710725', 'FAC8715', 'Architecture', 'B-', '9669411800', 'Lucknow', '2024-11-22', 'Faculty', 'Active');
INSERT INTO Member (Name, Age, Email, ContactNumber, RollNumberOrEmployeeCode, Department, BloodGroup, EmergencyContact, Address, RegistrationDate, MemberType, Status) VALUES ('Shubham Bajaj', 55, 'shubham.bajaj1@college.edu', '9004896465', 'CH20249690', 'Chemical', 'A+', '9924287572', 'Bangalore', '2024-06-06', 'Student', 'Active');
INSERT INTO Member (Name, Age, Email, ContactNumber, RollNumberOrEmployeeCode, Department, BloodGroup, EmergencyContact, Address, RegistrationDate, MemberType, Status) VALUES ('Vipul Nair', 33, 'vipul.nair1@college.edu', '9150274564', 'PH20201894', 'Physics', 'AB+', '9856257287', 'Delhi', '2025-02-24', 'Student', 'Active');
INSERT INTO Member (Name, Age, Email, ContactNumber, RollNumberOrEmployeeCode, Department, BloodGroup, EmergencyContact, Address, RegistrationDate, MemberType, Status) VALUES ('Pankaj Reddy', 30, 'pankaj.reddy1@college.edu', '9742761707', 'FAC9335', 'Management', 'O-', '9771215134', 'Kolkata', '2025-04-07', 'Faculty', 'Active');
INSERT INTO Member (Name, Age, Email, ContactNumber, RollNumberOrEmployeeCode, Department, BloodGroup, EmergencyContact, Address, RegistrationDate, MemberType, Status) VALUES ('Rajan Saxena', 54, 'rajan.saxena1@college.edu', '9390892613', 'AE20198540', 'Aeronautical', 'A-', '9504165915', 'Chennai', '2026-01-17', 'Student', 'Active');
INSERT INTO Member (Name, Age, Email, ContactNumber, RollNumberOrEmployeeCode, Department, BloodGroup, EmergencyContact, Address, RegistrationDate, MemberType, Status) VALUES ('Disha Gowda', 58, 'disha.gowda1@college.edu', '9749050975', 'FAC5180', 'Food Technology', 'B+', '9304501896', 'Bangalore', '2023-12-22', 'Faculty', 'Active');
INSERT INTO Member (Name, Age, Email, ContactNumber, RollNumberOrEmployeeCode, Department, BloodGroup, EmergencyContact, Address, RegistrationDate, MemberType, Status) VALUES ('Mihir Desai', 53, 'mihir.desai1@college.edu', '9103266421', 'FAC7358', 'Mathematics', 'O-', '9649251583', 'Patna', '2023-09-17', 'Faculty', 'Active');
INSERT INTO Member (Name, Age, Email, ContactNumber, RollNumberOrEmployeeCode, Department, BloodGroup, EmergencyContact, Address, RegistrationDate, MemberType, Status) VALUES ('Abhishek Kapoor', 53, 'abhishek.kapoor1@college.edu', '9961659266', 'ME20222297', 'Mechanical', 'A+', '9857327881', 'Surat', '2023-08-02', 'Student', 'Active');
INSERT INTO Member (Name, Age, Email, ContactNumber, RollNumberOrEmployeeCode, Department, BloodGroup, EmergencyContact, Address, RegistrationDate, MemberType, Status) VALUES ('Aditi Bose', 26, 'aditi.bose1@college.edu', '9243864908', 'ME20232339', 'Mechanical', 'A+', '9818661794', 'Kanpur', '2024-10-12', 'Student', 'Active');
INSERT INTO Member (Name, Age, Email, ContactNumber, RollNumberOrEmployeeCode, Department, BloodGroup, EmergencyContact, Address, RegistrationDate, MemberType, Status) VALUES ('Dhruv Patel', 24, 'dhruv.patel2@college.edu', '9722601645', 'FO20198107', 'Food Technology', 'O-', '9794523219', 'Jaipur', '2022-06-07', 'Student', 'Active');
INSERT INTO Member (Name, Age, Email, ContactNumber, RollNumberOrEmployeeCode, Department, BloodGroup, EmergencyContact, Address, RegistrationDate, MemberType, Status) VALUES ('Harish Patel', 17, 'harish.patel1@college.edu', '9610277697', 'MA20208882', 'Mathematics', 'AB-', '9641220310', 'Pune', '2026-01-22', 'Student', 'Active');
INSERT INTO Member (Name, Age, Email, ContactNumber, RollNumberOrEmployeeCode, Department, BloodGroup, EmergencyContact, Address, RegistrationDate, MemberType, Status) VALUES ('Wasim Nair', 32, 'wasim.nair1@college.edu', '9683147276', 'CO20237418', 'Computer Science', 'A-', '9227770793', 'Pune', '2024-07-22', 'Student', 'Active');
INSERT INTO Member (Name, Age, Email, ContactNumber, RollNumberOrEmployeeCode, Department, BloodGroup, EmergencyContact, Address, RegistrationDate, MemberType, Status) VALUES ('Arjun Das', 28, 'arjun.das1@college.edu', '9166799840', 'FAC6174', 'Aeronautical', 'O+', '9789973080', 'Indore', '2022-12-23', 'Faculty', 'Active');
INSERT INTO Member (Name, Age, Email, ContactNumber, RollNumberOrEmployeeCode, Department, BloodGroup, EmergencyContact, Address, RegistrationDate, MemberType, Status) VALUES ('Jayesh Verma', 34, 'jayesh.verma1@college.edu', '9671795760', 'BI20223148', 'Biotechnology', 'AB+', '9375738395', 'Visakhapatnam', '2022-07-11', 'Student', 'Active');
INSERT INTO Member (Name, Age, Email, ContactNumber, RollNumberOrEmployeeCode, Department, BloodGroup, EmergencyContact, Address, RegistrationDate, MemberType, Status) VALUES ('Ravi D\'Souza', 52, 'ravi.d\'souza1@college.edu', '9657293417', 'FAC1770', 'Chemical', 'B+', '9329716743', 'Pune', '2023-02-01', 'Faculty', 'Active');
INSERT INTO Member (Name, Age, Email, ContactNumber, RollNumberOrEmployeeCode, Department, BloodGroup, EmergencyContact, Address, RegistrationDate, MemberType, Status) VALUES ('Akash Banerjee', 44, 'akash.banerjee2@college.edu', '9522801561', 'FAC9444', 'MBA', 'B-', '9183745508', 'Jaipur', '2025-05-12', 'Faculty', 'Active');
INSERT INTO Member (Name, Age, Email, ContactNumber, RollNumberOrEmployeeCode, Department, BloodGroup, EmergencyContact, Address, RegistrationDate, MemberType, Status) VALUES ('Qasim Gowda', 23, 'qasim.gowda1@college.edu', '9077119918', 'EL20246959', 'Electronics', 'A-', '9213524787', 'Hyderabad', '2025-05-06', 'Student', 'Active');
INSERT INTO Member (Name, Age, Email, ContactNumber, RollNumberOrEmployeeCode, Department, BloodGroup, EmergencyContact, Address, RegistrationDate, MemberType, Status) VALUES ('Sanjay Sidhu', 25, 'sanjay.sidhu1@college.edu', '9137603754', 'MA20227773', 'Marine', 'B+', '9145653286', 'Ahmedabad', '2025-06-08', 'Student', 'Active');
INSERT INTO Member (Name, Age, Email, ContactNumber, RollNumberOrEmployeeCode, Department, BloodGroup, EmergencyContact, Address, RegistrationDate, MemberType, Status) VALUES ('Varun Chauhan', 50, 'varun.chauhan1@college.edu', '9507208115', 'CH20225986', 'Chemistry', 'O+', '9260602908', 'Surat', '2023-11-10', 'Student', 'Active');
INSERT INTO Member (Name, Age, Email, ContactNumber, RollNumberOrEmployeeCode, Department, BloodGroup, EmergencyContact, Address, RegistrationDate, MemberType, Status) VALUES ('Farida Pereira', 37, 'farida.pereira1@college.edu', '9504892673', 'TE20235651', 'Textile', 'O-', '9563410856', 'Chennai', '2023-04-17', 'Student', 'Active');
INSERT INTO Member (Name, Age, Email, ContactNumber, RollNumberOrEmployeeCode, Department, BloodGroup, EmergencyContact, Address, RegistrationDate, MemberType, Status) VALUES ('Nikita Gupta', 60, 'nikita.gupta1@college.edu', '9848520089', 'EMP3043', 'Physics', 'B-', '9468105485', 'Hyderabad', '2025-12-10', 'Staff', 'Active');
INSERT INTO Member (Name, Age, Email, ContactNumber, RollNumberOrEmployeeCode, Department, BloodGroup, EmergencyContact, Address, RegistrationDate, MemberType, Status) VALUES ('Yash Bose', 53, 'yash.bose1@college.edu', '9075399893', 'MA20218443', 'Management', 'AB+', '9492683158', 'Agra', '2025-02-16', 'Student', 'Active');
INSERT INTO Member (Name, Age, Email, ContactNumber, RollNumberOrEmployeeCode, Department, BloodGroup, EmergencyContact, Address, RegistrationDate, MemberType, Status) VALUES ('Ishaan Nair', 44, 'ishaan.nair1@college.edu', '9611062737', 'ME20249020', 'Mechanical', 'AB-', '9869886497', 'Indore', '2023-09-28', 'Student', 'Active');
INSERT INTO Member (Name, Age, Email, ContactNumber, RollNumberOrEmployeeCode, Department, BloodGroup, EmergencyContact, Address, RegistrationDate, MemberType, Status) VALUES ('Girish Mishra', 27, 'girish.mishra1@college.edu', '9282772881', 'EL20235744', 'Electrical', 'O-', '9702851961', 'Hyderabad', '2024-02-20', 'Student', 'Active');
INSERT INTO Member (Name, Age, Email, ContactNumber, RollNumberOrEmployeeCode, Department, BloodGroup, EmergencyContact, Address, RegistrationDate, MemberType, Status) VALUES ('Anjali Patil', 26, 'anjali.patil1@college.edu', '9154544702', 'CH20197841', 'Chemical', 'O+', '9044327018', 'Kanpur', '2025-10-30', 'Student', 'Active');
INSERT INTO Member (Name, Age, Email, ContactNumber, RollNumberOrEmployeeCode, Department, BloodGroup, EmergencyContact, Address, RegistrationDate, MemberType, Status) VALUES ('Aditi Saxena', 47, 'aditi.saxena1@college.edu', '9975679228', 'FAC9863', 'Nursing', 'O-', '9725199663', 'Nagpur', '2024-04-22', 'Faculty', 'Active');
INSERT INTO Member (Name, Age, Email, ContactNumber, RollNumberOrEmployeeCode, Department, BloodGroup, EmergencyContact, Address, RegistrationDate, MemberType, Status) VALUES ('Anjali Gowda', 45, 'anjali.gowda2@college.edu', '9412094818', 'ME20249713', 'Mechanical', 'B-', '9989098378', 'Mumbai', '2025-07-14', 'Student', 'Active');
INSERT INTO Member (Name, Age, Email, ContactNumber, RollNumberOrEmployeeCode, Department, BloodGroup, EmergencyContact, Address, RegistrationDate, MemberType, Status) VALUES ('Mohan Patel', 34, 'mohan.patel1@college.edu', '9339718956', 'FO20192878', 'Food Technology', 'A+', '9705626085', 'Nagpur', '2024-10-07', 'Student', 'Active');
INSERT INTO Member (Name, Age, Email, ContactNumber, RollNumberOrEmployeeCode, Department, BloodGroup, EmergencyContact, Address, RegistrationDate, MemberType, Status) VALUES ('Ishaan Jain', 27, 'ishaan.jain1@college.edu', '9422412462', 'EL20222981', 'Electronics', 'AB-', '9200461526', 'Lucknow', '2024-10-05', 'Student', 'Active');
INSERT INTO Member (Name, Age, Email, ContactNumber, RollNumberOrEmployeeCode, Department, BloodGroup, EmergencyContact, Address, RegistrationDate, MemberType, Status) VALUES ('Arjun Rao', 43, 'arjun.rao1@college.edu', '9993788614', 'EMP2663', 'Electronics', 'AB-', '9786170630', 'Jaipur', '2023-02-07', 'Staff', 'Active');
INSERT INTO Member (Name, Age, Email, ContactNumber, RollNumberOrEmployeeCode, Department, BloodGroup, EmergencyContact, Address, RegistrationDate, MemberType, Status) VALUES ('Pradeep Lal', 52, 'pradeep.lal1@college.edu', '9249671832', 'MA20201008', 'Management', 'B+', '9386870079', 'Surat', '2022-07-19', 'Student', 'Active');
INSERT INTO Member (Name, Age, Email, ContactNumber, RollNumberOrEmployeeCode, Department, BloodGroup, EmergencyContact, Address, RegistrationDate, MemberType, Status) VALUES ('Aryan Yadav', 34, 'aryan.yadav1@college.edu', '9946539840', 'BI20216613', 'Biotechnology', 'A-', '9416128463', 'Visakhapatnam', '2023-05-19', 'Student', 'Active');
INSERT INTO Member (Name, Age, Email, ContactNumber, RollNumberOrEmployeeCode, Department, BloodGroup, EmergencyContact, Address, RegistrationDate, MemberType, Status) VALUES ('Uma Malhotra', 45, 'uma.malhotra1@college.edu', '9435537950', 'CH20242270', 'Chemical', 'A+', '9970026876', 'Coimbatore', '2025-10-02', 'Student', 'Active');
INSERT INTO Member (Name, Age, Email, ContactNumber, RollNumberOrEmployeeCode, Department, BloodGroup, EmergencyContact, Address, RegistrationDate, MemberType, Status) VALUES ('Harish Patel', 45, 'harish.patel2@college.edu', '9156956201', 'NU20214623', 'Nursing', 'AB-', '9370304531', 'Visakhapatnam', '2022-09-14', 'Student', 'Active');
INSERT INTO Member (Name, Age, Email, ContactNumber, RollNumberOrEmployeeCode, Department, BloodGroup, EmergencyContact, Address, RegistrationDate, MemberType, Status) VALUES ('Pankaj Maurya', 40, 'pankaj.maurya1@college.edu', '9047930361', 'PH20205253', 'Physics', 'O-', '9283999219', 'Chennai', '2025-11-04', 'Student', 'Active');
INSERT INTO Member (Name, Age, Email, ContactNumber, RollNumberOrEmployeeCode, Department, BloodGroup, EmergencyContact, Address, RegistrationDate, MemberType, Status) VALUES ('Lavanya Bhatia', 31, 'lavanya.bhatia1@college.edu', '9843089487', 'CO20194678', 'Computer Science', 'O+', '9056641877', 'Kanpur', '2023-04-23', 'Student', 'Active');
INSERT INTO Member (Name, Age, Email, ContactNumber, RollNumberOrEmployeeCode, Department, BloodGroup, EmergencyContact, Address, RegistrationDate, MemberType, Status) VALUES ('Arjun Kapoor', 43, 'arjun.kapoor1@college.edu', '9875063519', 'CO20221393', 'Computer Science', 'B-', '9613325411', 'Mumbai', '2023-07-09', 'Student', 'Active');
INSERT INTO Member (Name, Age, Email, ContactNumber, RollNumberOrEmployeeCode, Department, BloodGroup, EmergencyContact, Address, RegistrationDate, MemberType, Status) VALUES ('Omkar Sandhu', 38, 'omkar.sandhu2@college.edu', '9431735058', 'IN20212065', 'Information Technology', 'A-', '9997179110', 'Delhi', '2024-02-04', 'Student', 'Active');
INSERT INTO Member (Name, Age, Email, ContactNumber, RollNumberOrEmployeeCode, Department, BloodGroup, EmergencyContact, Address, RegistrationDate, MemberType, Status) VALUES ('Kavita Singh', 45, 'kavita.singh1@college.edu', '9049611080', 'MA20222659', 'Mathematics', 'O+', '9619639907', 'Nagpur', '2023-08-10', 'Student', 'Active');
INSERT INTO Member (Name, Age, Email, ContactNumber, RollNumberOrEmployeeCode, Department, BloodGroup, EmergencyContact, Address, RegistrationDate, MemberType, Status) VALUES ('Sanya Hegde', 18, 'sanya.hegde1@college.edu', '9785931109', 'ME20201722', 'Mechanical', 'B-', '9928456797', 'Kolkata', '2024-11-05', 'Student', 'Active');
INSERT INTO Member (Name, Age, Email, ContactNumber, RollNumberOrEmployeeCode, Department, BloodGroup, EmergencyContact, Address, RegistrationDate, MemberType, Status) VALUES ('Aryan Mehta', 36, 'aryan.mehta1@college.edu', '9968549822', 'AE20231894', 'Aeronautical', 'AB+', '9954508920', 'Ahmedabad', '2023-05-14', 'Student', 'Active');
INSERT INTO Member (Name, Age, Email, ContactNumber, RollNumberOrEmployeeCode, Department, BloodGroup, EmergencyContact, Address, RegistrationDate, MemberType, Status) VALUES ('Vikram Banerjee', 29, 'vikram.banerjee2@college.edu', '9331537795', 'FO20244654', 'Food Technology', 'AB-', '9946521707', 'Ahmedabad', '2026-03-10', 'Student', 'Active');
INSERT INTO Member (Name, Age, Email, ContactNumber, RollNumberOrEmployeeCode, Department, BloodGroup, EmergencyContact, Address, RegistrationDate, MemberType, Status) VALUES ('Brijesh Menon', 46, 'brijesh.menon1@college.edu', '9933756362', 'CO20236896', 'Computer Science', 'AB-', '9015081247', 'Pune', '2022-09-02', 'Student', 'Active');
INSERT INTO Member (Name, Age, Email, ContactNumber, RollNumberOrEmployeeCode, Department, BloodGroup, EmergencyContact, Address, RegistrationDate, MemberType, Status) VALUES ('Anjali Patel', 40, 'anjali.patel1@college.edu', '9342342583', 'FAC8474', 'Biotechnology', 'B-', '9024102615', 'Pune', '2024-07-01', 'Faculty', 'Active');
INSERT INTO Member (Name, Age, Email, ContactNumber, RollNumberOrEmployeeCode, Department, BloodGroup, EmergencyContact, Address, RegistrationDate, MemberType, Status) VALUES ('Pooja Mukherjee', 51, 'pooja.mukherjee1@college.edu', '9289611223', 'FAC3434', 'Electrical', 'O+', '9559630993', 'Coimbatore', '2024-07-23', 'Faculty', 'Active');
INSERT INTO Member (Name, Age, Email, ContactNumber, RollNumberOrEmployeeCode, Department, BloodGroup, EmergencyContact, Address, RegistrationDate, MemberType, Status) VALUES ('Sandeep Desai', 31, 'sandeep.desai1@college.edu', '9428973179', 'EMP8918', 'Mechanical', 'B+', '9868578725', 'Kanpur', '2023-04-06', 'Staff', 'Active');
INSERT INTO Member (Name, Age, Email, ContactNumber, RollNumberOrEmployeeCode, Department, BloodGroup, EmergencyContact, Address, RegistrationDate, MemberType, Status) VALUES ('Ekta Maurya', 47, 'ekta.maurya1@college.edu', '9496903337', 'IN20195834', 'Information Technology', 'O+', '9346692548', 'Bangalore', '2025-06-15', 'Student', 'Active');
INSERT INTO Member (Name, Age, Email, ContactNumber, RollNumberOrEmployeeCode, Department, BloodGroup, EmergencyContact, Address, RegistrationDate, MemberType, Status) VALUES ('Vivek Patil', 50, 'vivek.patil1@college.edu', '9390789567', 'FAC2243', 'Nursing', 'O+', '9657546027', 'Ahmedabad', '2024-09-20', 'Faculty', 'Active');
INSERT INTO Member (Name, Age, Email, ContactNumber, RollNumberOrEmployeeCode, Department, BloodGroup, EmergencyContact, Address, RegistrationDate, MemberType, Status) VALUES ('Shubham Gupta', 46, 'shubham.gupta2@college.edu', '9888143111', 'FAC9898', 'Management', 'A+', '9835354443', 'Visakhapatnam', '2025-06-08', 'Faculty', 'Active');
INSERT INTO Member (Name, Age, Email, ContactNumber, RollNumberOrEmployeeCode, Department, BloodGroup, EmergencyContact, Address, RegistrationDate, MemberType, Status) VALUES ('Rahul Sharma', 36, 'rahul.sharma1@college.edu', '9456690782', 'AR20214077', 'Architecture', 'B-', '9337389877', 'Lucknow', '2025-09-23', 'Student', 'Active');
INSERT INTO Member (Name, Age, Email, ContactNumber, RollNumberOrEmployeeCode, Department, BloodGroup, EmergencyContact, Address, RegistrationDate, MemberType, Status) VALUES ('Vikram Gill', 43, 'vikram.gill1@college.edu', '9377805292', 'MA20191527', 'Mathematics', 'A+', '9755366684', 'Lucknow', '2022-12-01', 'Student', 'Active');
INSERT INTO Member (Name, Age, Email, ContactNumber, RollNumberOrEmployeeCode, Department, BloodGroup, EmergencyContact, Address, RegistrationDate, MemberType, Status) VALUES ('Keerthi Nair', 49, 'keerthi.nair1@college.edu', '9999966361', 'FAC3910', 'Textile', 'O+', '9371597412', 'Hyderabad', '2022-06-04', 'Faculty', 'Active');
INSERT INTO Member (Name, Age, Email, ContactNumber, RollNumberOrEmployeeCode, Department, BloodGroup, EmergencyContact, Address, RegistrationDate, MemberType, Status) VALUES ('Ananya Sidhu', 55, 'ananya.sidhu1@college.edu', '9702316433', 'MA20209789', 'Mathematics', 'A-', '9705802566', 'Kolkata', '2025-08-03', 'Student', 'Active');
INSERT INTO Member (Name, Age, Email, ContactNumber, RollNumberOrEmployeeCode, Department, BloodGroup, EmergencyContact, Address, RegistrationDate, MemberType, Status) VALUES ('Vikas Yadav', 32, 'vikas.yadav1@college.edu', '9632346729', 'FAC5044', 'Food Technology', 'AB+', '9938743027', 'Bangalore', '2023-12-21', 'Faculty', 'Active');
INSERT INTO Member (Name, Age, Email, ContactNumber, RollNumberOrEmployeeCode, Department, BloodGroup, EmergencyContact, Address, RegistrationDate, MemberType, Status) VALUES ('Geeta Das', 53, 'geeta.das1@college.edu', '9777901475', 'MA20232565', 'Mathematics', 'O+', '9926329676', 'Kolkata', '2022-04-17', 'Student', 'Active');
INSERT INTO Member (Name, Age, Email, ContactNumber, RollNumberOrEmployeeCode, Department, BloodGroup, EmergencyContact, Address, RegistrationDate, MemberType, Status) VALUES ('Tanya Kamath', 19, 'tanya.kamath1@college.edu', '9324841376', 'TE20198572', 'Textile', 'A-', '9511856724', 'Pune', '2023-05-16', 'Student', 'Active');
INSERT INTO Member (Name, Age, Email, ContactNumber, RollNumberOrEmployeeCode, Department, BloodGroup, EmergencyContact, Address, RegistrationDate, MemberType, Status) VALUES ('Amit Verma', 46, 'amit.verma1@college.edu', '9656360041', 'CH20203794', 'Chemical', 'AB-', '9777118372', 'Patna', '2024-08-23', 'Student', 'Active');
INSERT INTO Member (Name, Age, Email, ContactNumber, RollNumberOrEmployeeCode, Department, BloodGroup, EmergencyContact, Address, RegistrationDate, MemberType, Status) VALUES ('Akash Bajaj', 34, 'akash.bajaj1@college.edu', '9241862104', 'FAC6051', 'Chemical', 'O-', '9523083708', 'Hyderabad', '2024-01-08', 'Faculty', 'Active');
INSERT INTO Member (Name, Age, Email, ContactNumber, RollNumberOrEmployeeCode, Department, BloodGroup, EmergencyContact, Address, RegistrationDate, MemberType, Status) VALUES ('Vivek Singh', 55, 'vivek.singh1@college.edu', '9006335331', 'CO20232764', 'Computer Science', 'O+', '9005313122', 'Delhi', '2023-11-17', 'Student', 'Active');
INSERT INTO Member (Name, Age, Email, ContactNumber, RollNumberOrEmployeeCode, Department, BloodGroup, EmergencyContact, Address, RegistrationDate, MemberType, Status) VALUES ('Sandeep Ghosh', 52, 'sandeep.ghosh1@college.edu', '9393866133', 'CI20245562', 'Civil', 'AB-', '9520650637', 'Ahmedabad', '2025-11-02', 'Student', 'Active');
INSERT INTO Member (Name, Age, Email, ContactNumber, RollNumberOrEmployeeCode, Department, BloodGroup, EmergencyContact, Address, RegistrationDate, MemberType, Status) VALUES ('Wasim Khanna', 40, 'wasim.khanna1@college.edu', '9013649718', 'FO20211289', 'Food Technology', 'B+', '9419562525', 'Patna', '2025-10-30', 'Student', 'Active');
INSERT INTO Member (Name, Age, Email, ContactNumber, RollNumberOrEmployeeCode, Department, BloodGroup, EmergencyContact, Address, RegistrationDate, MemberType, Status) VALUES ('Qasim Rastogi', 45, 'qasim.rastogi1@college.edu', '9683890309', 'CI20207156', 'Civil', 'AB+', '9363910257', 'Surat', '2025-01-28', 'Student', 'Active');
INSERT INTO Member (Name, Age, Email, ContactNumber, RollNumberOrEmployeeCode, Department, BloodGroup, EmergencyContact, Address, RegistrationDate, MemberType, Status) VALUES ('Nikhil Hegde', 19, 'nikhil.hegde1@college.edu', '9397524508', 'PH20229543', 'Pharmacy', 'AB+', '9035533803', 'Ahmedabad', '2022-10-19', 'Student', 'Active');
INSERT INTO Member (Name, Age, Email, ContactNumber, RollNumberOrEmployeeCode, Department, BloodGroup, EmergencyContact, Address, RegistrationDate, MemberType, Status) VALUES ('Sandeep Reddy', 56, 'sandeep.reddy1@college.edu', '9017130232', 'EMP5012', 'Mechanical', 'B+', '9983381674', 'Kolkata', '2025-02-06', 'Staff', 'Active');
INSERT INTO Member (Name, Age, Email, ContactNumber, RollNumberOrEmployeeCode, Department, BloodGroup, EmergencyContact, Address, RegistrationDate, MemberType, Status) VALUES ('Vikram Reddy', 55, 'vikram.reddy1@college.edu', '9344973471', 'MA20228002', 'Management', 'O+', '9627768962', 'Patna', '2026-02-05', 'Student', 'Active');
INSERT INTO Member (Name, Age, Email, ContactNumber, RollNumberOrEmployeeCode, Department, BloodGroup, EmergencyContact, Address, RegistrationDate, MemberType, Status) VALUES ('Divya Lal', 36, 'divya.lal1@college.edu', '9982824674', 'NU20191210', 'Nursing', 'AB+', '9689715273', 'Chennai', '2025-02-22', 'Student', 'Active');
INSERT INTO Member (Name, Age, Email, ContactNumber, RollNumberOrEmployeeCode, Department, BloodGroup, EmergencyContact, Address, RegistrationDate, MemberType, Status) VALUES ('Dhruv D\'Souza', 40, 'dhruv.d\'souza1@college.edu', '9766656749', 'ME20227032', 'Mechanical', 'O+', '9016923645', 'Vadodara', '2022-03-26', 'Student', 'Active');
INSERT INTO Member (Name, Age, Email, ContactNumber, RollNumberOrEmployeeCode, Department, BloodGroup, EmergencyContact, Address, RegistrationDate, MemberType, Status) VALUES ('Chetna Singh', 41, 'chetna.singh1@college.edu', '9633705024', 'MB20242316', 'MBA', 'O-', '9243992011', 'Nagpur', '2023-12-24', 'Student', 'Active');
INSERT INTO Member (Name, Age, Email, ContactNumber, RollNumberOrEmployeeCode, Department, BloodGroup, EmergencyContact, Address, RegistrationDate, MemberType, Status) VALUES ('Farhan Rao', 55, 'farhan.rao1@college.edu', '9264488694', 'EMP1025', 'Pharmacy', 'A-', '9195243640', 'Kolkata', '2023-06-14', 'Staff', 'Active');
INSERT INTO Member (Name, Age, Email, ContactNumber, RollNumberOrEmployeeCode, Department, BloodGroup, EmergencyContact, Address, RegistrationDate, MemberType, Status) VALUES ('Ishaan Verma', 43, 'ishaan.verma1@college.edu', '9864622522', 'EL20217697', 'Electrical', 'O-', '9281793230', 'Kolkata', '2025-02-18', 'Student', 'Active');
INSERT INTO Member (Name, Age, Email, ContactNumber, RollNumberOrEmployeeCode, Department, BloodGroup, EmergencyContact, Address, RegistrationDate, MemberType, Status) VALUES ('Vivek Naik', 23, 'vivek.naik1@college.edu', '9214161415', 'CO20231118', 'Computer Science', 'B-', '9771004090', 'Hyderabad', '2025-01-09', 'Student', 'Active');
INSERT INTO Member (Name, Age, Email, ContactNumber, RollNumberOrEmployeeCode, Department, BloodGroup, EmergencyContact, Address, RegistrationDate, MemberType, Status) VALUES ('Suresh Bajaj', 50, 'suresh.bajaj1@college.edu', '9477596555', 'CH20223275', 'Chemistry', 'B-', '9566905510', 'Bhopal', '2022-04-17', 'Student', 'Active');
INSERT INTO Member (Name, Age, Email, ContactNumber, RollNumberOrEmployeeCode, Department, BloodGroup, EmergencyContact, Address, RegistrationDate, MemberType, Status) VALUES ('Amit Bajaj', 24, 'amit.bajaj1@college.edu', '9843579786', 'EL20196707', 'Electrical', 'A+', '9505057397', 'Nagpur', '2022-10-10', 'Student', 'Active');
INSERT INTO Member (Name, Age, Email, ContactNumber, RollNumberOrEmployeeCode, Department, BloodGroup, EmergencyContact, Address, RegistrationDate, MemberType, Status) VALUES ('Vikram Yadav', 23, 'vikram.yadav1@college.edu', '9649328980', 'CH20203792', 'Chemical', 'O-', '9148727178', 'Ahmedabad', '2024-11-04', 'Student', 'Active');
INSERT INTO Member (Name, Age, Email, ContactNumber, RollNumberOrEmployeeCode, Department, BloodGroup, EmergencyContact, Address, RegistrationDate, MemberType, Status) VALUES ('Xenia Kamath', 33, 'xenia.kamath1@college.edu', '9160256434', 'EMP7252', 'Aeronautical', 'A-', '9287153991', 'Lucknow', '2024-02-04', 'Staff', 'Active');
INSERT INTO Member (Name, Age, Email, ContactNumber, RollNumberOrEmployeeCode, Department, BloodGroup, EmergencyContact, Address, RegistrationDate, MemberType, Status) VALUES ('Wasim Hegde', 52, 'wasim.hegde1@college.edu', '9633414111', 'CH20234110', 'Chemistry', 'B-', '9195256904', 'Delhi', '2022-11-25', 'Student', 'Active');
INSERT INTO Member (Name, Age, Email, ContactNumber, RollNumberOrEmployeeCode, Department, BloodGroup, EmergencyContact, Address, RegistrationDate, MemberType, Status) VALUES ('Tanvi Srivastava', 37, 'tanvi.srivastava1@college.edu', '9528993160', 'TE20241562', 'Textile', 'O-', '9524377294', 'Chennai', '2022-06-24', 'Student', 'Active');
INSERT INTO Member (Name, Age, Email, ContactNumber, RollNumberOrEmployeeCode, Department, BloodGroup, EmergencyContact, Address, RegistrationDate, MemberType, Status) VALUES ('Pallavi Ghosh', 36, 'pallavi.ghosh1@college.edu', '9814973746', 'EL20226528', 'Electronics', 'AB-', '9233027642', 'Mumbai', '2023-02-19', 'Student', 'Active');
INSERT INTO Member (Name, Age, Email, ContactNumber, RollNumberOrEmployeeCode, Department, BloodGroup, EmergencyContact, Address, RegistrationDate, MemberType, Status) VALUES ('Vikram Shetty', 47, 'vikram.shetty1@college.edu', '9566184438', 'AR20225769', 'Architecture', 'A-', '9259047292', 'Bhopal', '2022-04-22', 'Student', 'Active');
INSERT INTO Member (Name, Age, Email, ContactNumber, RollNumberOrEmployeeCode, Department, BloodGroup, EmergencyContact, Address, RegistrationDate, MemberType, Status) VALUES ('Kunal Pillai', 41, 'kunal.pillai1@college.edu', '9305912662', 'EMP7619', 'Electronics', 'A-', '9572018596', 'Chennai', '2022-09-10', 'Staff', 'Active');
INSERT INTO Member (Name, Age, Email, ContactNumber, RollNumberOrEmployeeCode, Department, BloodGroup, EmergencyContact, Address, RegistrationDate, MemberType, Status) VALUES ('Pradeep Kumar', 24, 'pradeep.kumar1@college.edu', '9367492617', 'AR20238856', 'Architecture', 'AB+', '9750111178', 'Ahmedabad', '2026-01-29', 'Student', 'Active');
INSERT INTO Member (Name, Age, Email, ContactNumber, RollNumberOrEmployeeCode, Department, BloodGroup, EmergencyContact, Address, RegistrationDate, MemberType, Status) VALUES ('Rajesh Kamath', 23, 'rajesh.kamath1@college.edu', '9926764921', 'CH20239830', 'Chemistry', 'A-', '9826068887', 'Bangalore', '2023-04-20', 'Student', 'Active');
INSERT INTO Member (Name, Age, Email, ContactNumber, RollNumberOrEmployeeCode, Department, BloodGroup, EmergencyContact, Address, RegistrationDate, MemberType, Status) VALUES ('Ekta Sidhu', 24, 'ekta.sidhu1@college.edu', '9312920875', 'CI20216956', 'Civil', 'A+', '9293218401', 'Hyderabad', '2023-05-16', 'Student', 'Active');
INSERT INTO Member (Name, Age, Email, ContactNumber, RollNumberOrEmployeeCode, Department, BloodGroup, EmergencyContact, Address, RegistrationDate, MemberType, Status) VALUES ('Isha Iyer', 44, 'isha.iyer1@college.edu', '9034084872', 'FO20203321', 'Food Technology', 'O-', '9585988310', 'Ahmedabad', '2026-01-01', 'Student', 'Active');
INSERT INTO Member (Name, Age, Email, ContactNumber, RollNumberOrEmployeeCode, Department, BloodGroup, EmergencyContact, Address, RegistrationDate, MemberType, Status) VALUES ('Rohit Bhatia', 41, 'rohit.bhatia1@college.edu', '9298395429', 'EMP3346', 'Pharmacy', 'A-', '9844626714', 'Indore', '2022-04-25', 'Staff', 'Active');

-- Medicines
INSERT INTO Medicine (Name, GenericName, Category, Form, Manufacturer, UnitPrice, RequiresPrescription, Status) VALUES ('Azithromycin 500mg', 'Azithromycin', 'Antibiotic', 'Tablet', 'Cipla', 15.0, TRUE, 'Available');
INSERT INTO Medicine (Name, GenericName, Category, Form, Manufacturer, UnitPrice, RequiresPrescription, Status) VALUES ('Metformin 500mg', 'Metformin', 'Antidiabetic', 'Tablet', 'Sun Pharma', 3.0, TRUE, 'Available');
INSERT INTO Medicine (Name, GenericName, Category, Form, Manufacturer, UnitPrice, RequiresPrescription, Status) VALUES ('Amlodipine 5mg', 'Amlodipine', 'Antihypertensive', 'Tablet', 'Lupin', 4.5, TRUE, 'Available');
INSERT INTO Medicine (Name, GenericName, Category, Form, Manufacturer, UnitPrice, RequiresPrescription, Status) VALUES ('Atorvastatin 10mg', 'Atorvastatin', 'Antilipemic', 'Tablet', 'Ranbaxy', 12.0, TRUE, 'Available');
INSERT INTO Medicine (Name, GenericName, Category, Form, Manufacturer, UnitPrice, RequiresPrescription, Status) VALUES ('Pantoprazole 40mg', 'Pantoprazole', 'Antacid', 'Tablet', 'Cadila', 8.0, TRUE, 'Available');
INSERT INTO Medicine (Name, GenericName, Category, Form, Manufacturer, UnitPrice, RequiresPrescription, Status) VALUES ('Doxycycline 100mg', 'Doxycycline', 'Antibiotic', 'Capsule', 'Cipla', 10.0, TRUE, 'Available');
INSERT INTO Medicine (Name, GenericName, Category, Form, Manufacturer, UnitPrice, RequiresPrescription, Status) VALUES ('Loratadine 10mg', 'Loratadine', 'Antihistamine', 'Tablet', 'Mankind', 3.0, FALSE, 'Available');
INSERT INTO Medicine (Name, GenericName, Category, Form, Manufacturer, UnitPrice, RequiresPrescription, Status) VALUES ('Diclofenac 50mg', 'Diclofenac', 'NSAID', 'Tablet', 'Sun Pharma', 5.0, FALSE, 'Available');
INSERT INTO Medicine (Name, GenericName, Category, Form, Manufacturer, UnitPrice, RequiresPrescription, Status) VALUES ('Ranitidine 150mg', 'Ranitidine', 'Antacid', 'Tablet', 'Zydus', 4.0, FALSE, 'Available');
INSERT INTO Medicine (Name, GenericName, Category, Form, Manufacturer, UnitPrice, RequiresPrescription, Status) VALUES ('Ciprofloxacin 500mg', 'Ciprofloxacin', 'Antibiotic', 'Tablet', 'Dr Reddy', 9.0, TRUE, 'Available');
INSERT INTO Medicine (Name, GenericName, Category, Form, Manufacturer, UnitPrice, RequiresPrescription, Status) VALUES ('Prednisolone 5mg', 'Prednisolone', 'Corticosteroid', 'Tablet', 'Cipla', 6.0, TRUE, 'Available');
INSERT INTO Medicine (Name, GenericName, Category, Form, Manufacturer, UnitPrice, RequiresPrescription, Status) VALUES ('Montelukast 10mg', 'Montelukast', 'Antiasthmatic', 'Tablet', 'Lupin', 18.0, TRUE, 'Available');
INSERT INTO Medicine (Name, GenericName, Category, Form, Manufacturer, UnitPrice, RequiresPrescription, Status) VALUES ('Sertraline 50mg', 'Sertraline', 'Antidepressant', 'Tablet', 'Sun Pharma', 22.0, TRUE, 'Available');
INSERT INTO Medicine (Name, GenericName, Category, Form, Manufacturer, UnitPrice, RequiresPrescription, Status) VALUES ('Metronidazole 400mg', 'Metronidazole', 'Antiprotozoal', 'Tablet', 'Flagyl', 5.5, TRUE, 'Available');
INSERT INTO Medicine (Name, GenericName, Category, Form, Manufacturer, UnitPrice, RequiresPrescription, Status) VALUES ('Furosemide 40mg', 'Furosemide', 'Diuretic', 'Tablet', 'Aventis', 7.0, TRUE, 'Available');
INSERT INTO Medicine (Name, GenericName, Category, Form, Manufacturer, UnitPrice, RequiresPrescription, Status) VALUES ('Salbutamol Inhaler', 'Salbutamol', 'Bronchodilator', 'Other', 'GSK', 85.0, TRUE, 'Available');
INSERT INTO Medicine (Name, GenericName, Category, Form, Manufacturer, UnitPrice, RequiresPrescription, Status) VALUES ('Vitamin D3 60000IU', 'Cholecalciferol', 'Supplement', 'Capsule', 'Mankind', 25.0, FALSE, 'Available');
INSERT INTO Medicine (Name, GenericName, Category, Form, Manufacturer, UnitPrice, RequiresPrescription, Status) VALUES ('Vitamin B12 500mcg', 'Cyanocobalamin', 'Supplement', 'Tablet', 'Abbott', 18.0, FALSE, 'Available');
INSERT INTO Medicine (Name, GenericName, Category, Form, Manufacturer, UnitPrice, RequiresPrescription, Status) VALUES ('Iron + Folic Acid', 'Ferrous Sulphate', 'Supplement', 'Tablet', 'Cipla', 4.0, FALSE, 'Available');
INSERT INTO Medicine (Name, GenericName, Category, Form, Manufacturer, UnitPrice, RequiresPrescription, Status) VALUES ('Calcium 500mg', 'Calcium Carbonate', 'Supplement', 'Tablet', 'Pfizer', 6.0, FALSE, 'Available');
INSERT INTO Medicine (Name, GenericName, Category, Form, Manufacturer, UnitPrice, RequiresPrescription, Status) VALUES ('Multivitamin', 'Multivitamin', 'Supplement', 'Tablet', 'Revital', 12.0, FALSE, 'Available');
INSERT INTO Medicine (Name, GenericName, Category, Form, Manufacturer, UnitPrice, RequiresPrescription, Status) VALUES ('Betadine Solution', 'Povidone Iodine', 'Antiseptic', 'Drops', 'Win Medicare', 35.0, FALSE, 'Available');
INSERT INTO Medicine (Name, GenericName, Category, Form, Manufacturer, UnitPrice, RequiresPrescription, Status) VALUES ('ORS Powder', 'Oral Rehydration Salts', 'Electrolyte', 'Other', 'Enerzal', 15.0, FALSE, 'Available');
INSERT INTO Medicine (Name, GenericName, Category, Form, Manufacturer, UnitPrice, RequiresPrescription, Status) VALUES ('Domperidone 10mg', 'Domperidone', 'Antiemetic', 'Tablet', 'Cadila', 4.5, FALSE, 'Available');
INSERT INTO Medicine (Name, GenericName, Category, Form, Manufacturer, UnitPrice, RequiresPrescription, Status) VALUES ('Levocetirizine 5mg', 'Levocetirizine', 'Antihistamine', 'Tablet', 'UCB', 5.0, FALSE, 'Available');

-- Inventory
INSERT INTO Inventory (MedicineID, BatchNumber, Quantity, ManufactureDate, ExpiryDate, Location, PurchaseDate, PurchasePrice, ReorderLevel, MinimumStock, Status) VALUES (1, 'BATCH-01-2024-A', 172, '2025-09-02', '2027-03-30', 'Shelf C2', '2025-09-02', 28.62, 52, 10, 'Available');
INSERT INTO Inventory (MedicineID, BatchNumber, Quantity, ManufactureDate, ExpiryDate, Location, PurchaseDate, PurchasePrice, ReorderLevel, MinimumStock, Status) VALUES (1, 'BATCH-01-2025-B', 529, '2025-10-31', '2027-08-03', 'Cabinet 1', '2025-10-31', 19.57, 58, 12, 'Available');
INSERT INTO Inventory (MedicineID, BatchNumber, Quantity, ManufactureDate, ExpiryDate, Location, PurchaseDate, PurchasePrice, ReorderLevel, MinimumStock, Status) VALUES (2, 'BATCH-02-2024-A', 376, '2025-11-15', '2028-03-11', 'Shelf A2', '2025-11-15', 34.51, 46, 7, 'Available');
INSERT INTO Inventory (MedicineID, BatchNumber, Quantity, ManufactureDate, ExpiryDate, Location, PurchaseDate, PurchasePrice, ReorderLevel, MinimumStock, Status) VALUES (2, 'BATCH-02-2025-B', 437, '2025-12-03', '2027-09-20', 'Shelf C2', '2025-12-03', 39.13, 29, 12, 'Available');
INSERT INTO Inventory (MedicineID, BatchNumber, Quantity, ManufactureDate, ExpiryDate, Location, PurchaseDate, PurchasePrice, ReorderLevel, MinimumStock, Status) VALUES (3, 'BATCH-03-2024-A', 110, '2025-11-28', '2027-10-05', 'Shelf B2', '2025-11-28', 19.55, 26, 8, 'Available');
INSERT INTO Inventory (MedicineID, BatchNumber, Quantity, ManufactureDate, ExpiryDate, Location, PurchaseDate, PurchasePrice, ReorderLevel, MinimumStock, Status) VALUES (3, 'BATCH-03-2025-B', 279, '2025-04-23', '2027-07-24', 'Counter', '2025-04-23', 41.25, 51, 8, 'Available');
INSERT INTO Inventory (MedicineID, BatchNumber, Quantity, ManufactureDate, ExpiryDate, Location, PurchaseDate, PurchasePrice, ReorderLevel, MinimumStock, Status) VALUES (3, 'BATCH-03-2026-C', 641, '2025-07-23', '2027-06-29', 'Cold Storage', '2025-07-23', 14.28, 26, 6, 'Available');
INSERT INTO Inventory (MedicineID, BatchNumber, Quantity, ManufactureDate, ExpiryDate, Location, PurchaseDate, PurchasePrice, ReorderLevel, MinimumStock, Status) VALUES (4, 'BATCH-04-2024-A', 425, '2025-07-02', '2027-03-18', 'Shelf C2', '2025-07-02', 40.5, 54, 17, 'Available');
INSERT INTO Inventory (MedicineID, BatchNumber, Quantity, ManufactureDate, ExpiryDate, Location, PurchaseDate, PurchasePrice, ReorderLevel, MinimumStock, Status) VALUES (4, 'BATCH-04-2025-B', 588, '2025-03-20', '2027-01-22', 'Shelf C1', '2025-03-20', 1.47, 52, 9, 'Available');
INSERT INTO Inventory (MedicineID, BatchNumber, Quantity, ManufactureDate, ExpiryDate, Location, PurchaseDate, PurchasePrice, ReorderLevel, MinimumStock, Status) VALUES (5, 'BATCH-05-2024-A', 246, '2025-07-08', '2027-06-14', 'Shelf A1', '2025-07-08', 46.0, 60, 16, 'Available');
INSERT INTO Inventory (MedicineID, BatchNumber, Quantity, ManufactureDate, ExpiryDate, Location, PurchaseDate, PurchasePrice, ReorderLevel, MinimumStock, Status) VALUES (5, 'BATCH-05-2025-B', 355, '2025-06-17', '2027-12-26', 'Shelf B1', '2025-06-17', 22.51, 42, 19, 'Available');
INSERT INTO Inventory (MedicineID, BatchNumber, Quantity, ManufactureDate, ExpiryDate, Location, PurchaseDate, PurchasePrice, ReorderLevel, MinimumStock, Status) VALUES (6, 'BATCH-06-2024-A', 382, '2025-06-12', '2028-02-29', 'Shelf B2', '2025-06-12', 15.95, 25, 14, 'Available');
INSERT INTO Inventory (MedicineID, BatchNumber, Quantity, ManufactureDate, ExpiryDate, Location, PurchaseDate, PurchasePrice, ReorderLevel, MinimumStock, Status) VALUES (6, 'BATCH-06-2025-B', 516, '2025-08-10', '2026-12-15', 'Shelf A2', '2025-08-10', 4.76, 35, 7, 'Available');
INSERT INTO Inventory (MedicineID, BatchNumber, Quantity, ManufactureDate, ExpiryDate, Location, PurchaseDate, PurchasePrice, ReorderLevel, MinimumStock, Status) VALUES (6, 'BATCH-06-2026-C', 269, '2025-03-29', '2026-11-11', 'Shelf A2', '2025-03-29', 37.43, 55, 20, 'Available');
INSERT INTO Inventory (MedicineID, BatchNumber, Quantity, ManufactureDate, ExpiryDate, Location, PurchaseDate, PurchasePrice, ReorderLevel, MinimumStock, Status) VALUES (7, 'BATCH-07-2024-A', 534, '2025-05-02', '2027-01-31', 'Cabinet 2', '2025-05-02', 25.39, 54, 8, 'Available');
INSERT INTO Inventory (MedicineID, BatchNumber, Quantity, ManufactureDate, ExpiryDate, Location, PurchaseDate, PurchasePrice, ReorderLevel, MinimumStock, Status) VALUES (7, 'BATCH-07-2025-B', 515, '2026-01-10', '2027-03-27', 'Shelf A1', '2026-01-10', 35.99, 54, 16, 'Available');
INSERT INTO Inventory (MedicineID, BatchNumber, Quantity, ManufactureDate, ExpiryDate, Location, PurchaseDate, PurchasePrice, ReorderLevel, MinimumStock, Status) VALUES (8, 'BATCH-08-2024-A', 777, '2025-04-22', '2026-10-27', 'Counter', '2025-04-22', 22.98, 30, 12, 'Available');
INSERT INTO Inventory (MedicineID, BatchNumber, Quantity, ManufactureDate, ExpiryDate, Location, PurchaseDate, PurchasePrice, ReorderLevel, MinimumStock, Status) VALUES (8, 'BATCH-08-2025-B', 279, '2025-12-10', '2027-09-24', 'Shelf B1', '2025-12-10', 26.17, 23, 18, 'Available');
INSERT INTO Inventory (MedicineID, BatchNumber, Quantity, ManufactureDate, ExpiryDate, Location, PurchaseDate, PurchasePrice, ReorderLevel, MinimumStock, Status) VALUES (9, 'BATCH-09-2024-A', 488, '2025-10-22', '2027-10-01', 'Shelf A2', '2025-10-22', 17.56, 35, 8, 'Available');
INSERT INTO Inventory (MedicineID, BatchNumber, Quantity, ManufactureDate, ExpiryDate, Location, PurchaseDate, PurchasePrice, ReorderLevel, MinimumStock, Status) VALUES (9, 'BATCH-09-2025-B', 397, '2025-08-17', '2028-01-21', 'Shelf C1', '2025-08-17', 13.97, 20, 17, 'Available');
INSERT INTO Inventory (MedicineID, BatchNumber, Quantity, ManufactureDate, ExpiryDate, Location, PurchaseDate, PurchasePrice, ReorderLevel, MinimumStock, Status) VALUES (9, 'BATCH-09-2026-C', 322, '2025-08-14', '2028-02-23', 'Shelf A1', '2025-08-14', 46.84, 59, 20, 'Available');
INSERT INTO Inventory (MedicineID, BatchNumber, Quantity, ManufactureDate, ExpiryDate, Location, PurchaseDate, PurchasePrice, ReorderLevel, MinimumStock, Status) VALUES (10, 'BATCH-10-2024-A', 464, '2026-01-14', '2027-12-29', 'Shelf C2', '2026-01-14', 15.62, 26, 5, 'Available');
INSERT INTO Inventory (MedicineID, BatchNumber, Quantity, ManufactureDate, ExpiryDate, Location, PurchaseDate, PurchasePrice, ReorderLevel, MinimumStock, Status) VALUES (10, 'BATCH-10-2025-B', 458, '2025-10-14', '2027-10-30', 'Shelf C2', '2025-10-14', 1.43, 47, 20, 'Available');
INSERT INTO Inventory (MedicineID, BatchNumber, Quantity, ManufactureDate, ExpiryDate, Location, PurchaseDate, PurchasePrice, ReorderLevel, MinimumStock, Status) VALUES (11, 'BATCH-11-2024-A', 186, '2025-04-22', '2028-02-22', 'Shelf B1', '2025-04-22', 21.13, 51, 5, 'Available');
INSERT INTO Inventory (MedicineID, BatchNumber, Quantity, ManufactureDate, ExpiryDate, Location, PurchaseDate, PurchasePrice, ReorderLevel, MinimumStock, Status) VALUES (11, 'BATCH-11-2025-B', 259, '2025-09-11', '2027-05-03', 'Cabinet 2', '2025-09-11', 20.37, 39, 16, 'Available');
INSERT INTO Inventory (MedicineID, BatchNumber, Quantity, ManufactureDate, ExpiryDate, Location, PurchaseDate, PurchasePrice, ReorderLevel, MinimumStock, Status) VALUES (12, 'BATCH-12-2024-A', 286, '2025-04-18', '2027-06-16', 'Shelf A2', '2025-04-18', 49.48, 48, 10, 'Available');
INSERT INTO Inventory (MedicineID, BatchNumber, Quantity, ManufactureDate, ExpiryDate, Location, PurchaseDate, PurchasePrice, ReorderLevel, MinimumStock, Status) VALUES (12, 'BATCH-12-2025-B', 243, '2025-07-20', '2027-12-02', 'Shelf A1', '2025-07-20', 18.6, 32, 8, 'Available');
INSERT INTO Inventory (MedicineID, BatchNumber, Quantity, ManufactureDate, ExpiryDate, Location, PurchaseDate, PurchasePrice, ReorderLevel, MinimumStock, Status) VALUES (12, 'BATCH-12-2026-C', 294, '2025-08-25', '2026-10-25', 'Shelf B1', '2025-08-25', 20.33, 41, 6, 'Available');
INSERT INTO Inventory (MedicineID, BatchNumber, Quantity, ManufactureDate, ExpiryDate, Location, PurchaseDate, PurchasePrice, ReorderLevel, MinimumStock, Status) VALUES (13, 'BATCH-13-2024-A', 782, '2025-10-08', '2028-01-17', 'Shelf C1', '2025-10-08', 6.82, 51, 20, 'Available');
INSERT INTO Inventory (MedicineID, BatchNumber, Quantity, ManufactureDate, ExpiryDate, Location, PurchaseDate, PurchasePrice, ReorderLevel, MinimumStock, Status) VALUES (13, 'BATCH-13-2025-B', 798, '2025-11-13', '2027-08-12', 'Cabinet 1', '2025-11-13', 25.59, 44, 9, 'Available');
INSERT INTO Inventory (MedicineID, BatchNumber, Quantity, ManufactureDate, ExpiryDate, Location, PurchaseDate, PurchasePrice, ReorderLevel, MinimumStock, Status) VALUES (14, 'BATCH-14-2024-A', 210, '2026-01-07', '2027-01-21', 'Shelf B1', '2026-01-07', 17.86, 20, 12, 'Available');
INSERT INTO Inventory (MedicineID, BatchNumber, Quantity, ManufactureDate, ExpiryDate, Location, PurchaseDate, PurchasePrice, ReorderLevel, MinimumStock, Status) VALUES (14, 'BATCH-14-2025-B', 153, '2025-07-26', '2027-11-27', 'Counter', '2025-07-26', 37.13, 47, 20, 'Available');
INSERT INTO Inventory (MedicineID, BatchNumber, Quantity, ManufactureDate, ExpiryDate, Location, PurchaseDate, PurchasePrice, ReorderLevel, MinimumStock, Status) VALUES (15, 'BATCH-15-2024-A', 388, '2025-05-14', '2026-12-07', 'Cabinet 1', '2025-05-14', 13.14, 29, 10, 'Available');
INSERT INTO Inventory (MedicineID, BatchNumber, Quantity, ManufactureDate, ExpiryDate, Location, PurchaseDate, PurchasePrice, ReorderLevel, MinimumStock, Status) VALUES (15, 'BATCH-15-2025-B', 355, '2025-08-27', '2027-01-09', 'Shelf C1', '2025-08-27', 49.72, 35, 18, 'Available');
INSERT INTO Inventory (MedicineID, BatchNumber, Quantity, ManufactureDate, ExpiryDate, Location, PurchaseDate, PurchasePrice, ReorderLevel, MinimumStock, Status) VALUES (15, 'BATCH-15-2026-C', 303, '2025-05-20', '2026-12-28', 'Cold Storage', '2025-05-20', 30.94, 32, 9, 'Available');
INSERT INTO Inventory (MedicineID, BatchNumber, Quantity, ManufactureDate, ExpiryDate, Location, PurchaseDate, PurchasePrice, ReorderLevel, MinimumStock, Status) VALUES (16, 'BATCH-16-2024-A', 223, '2025-11-11', '2027-10-29', 'Shelf A1', '2025-11-11', 14.42, 32, 9, 'Available');
INSERT INTO Inventory (MedicineID, BatchNumber, Quantity, ManufactureDate, ExpiryDate, Location, PurchaseDate, PurchasePrice, ReorderLevel, MinimumStock, Status) VALUES (16, 'BATCH-16-2025-B', 536, '2026-01-08', '2027-04-06', 'Shelf A2', '2026-01-08', 43.35, 44, 18, 'Available');
INSERT INTO Inventory (MedicineID, BatchNumber, Quantity, ManufactureDate, ExpiryDate, Location, PurchaseDate, PurchasePrice, ReorderLevel, MinimumStock, Status) VALUES (17, 'BATCH-17-2024-A', 748, '2025-09-21', '2027-04-29', 'Shelf C2', '2025-09-21', 21.88, 23, 18, 'Available');
INSERT INTO Inventory (MedicineID, BatchNumber, Quantity, ManufactureDate, ExpiryDate, Location, PurchaseDate, PurchasePrice, ReorderLevel, MinimumStock, Status) VALUES (17, 'BATCH-17-2025-B', 759, '2025-12-22', '2027-07-22', 'Shelf A2', '2025-12-22', 14.19, 37, 16, 'Available');
INSERT INTO Inventory (MedicineID, BatchNumber, Quantity, ManufactureDate, ExpiryDate, Location, PurchaseDate, PurchasePrice, ReorderLevel, MinimumStock, Status) VALUES (17, 'BATCH-17-2026-C', 528, '2025-09-13', '2027-08-07', 'Shelf A1', '2025-09-13', 9.91, 20, 6, 'Available');
INSERT INTO Inventory (MedicineID, BatchNumber, Quantity, ManufactureDate, ExpiryDate, Location, PurchaseDate, PurchasePrice, ReorderLevel, MinimumStock, Status) VALUES (18, 'BATCH-18-2024-A', 317, '2025-08-24', '2028-01-10', 'Shelf C1', '2025-08-24', 45.52, 26, 18, 'Available');
INSERT INTO Inventory (MedicineID, BatchNumber, Quantity, ManufactureDate, ExpiryDate, Location, PurchaseDate, PurchasePrice, ReorderLevel, MinimumStock, Status) VALUES (18, 'BATCH-18-2025-B', 289, '2025-09-10', '2028-01-30', 'Shelf C2', '2025-09-10', 17.38, 27, 8, 'Available');
INSERT INTO Inventory (MedicineID, BatchNumber, Quantity, ManufactureDate, ExpiryDate, Location, PurchaseDate, PurchasePrice, ReorderLevel, MinimumStock, Status) VALUES (18, 'BATCH-18-2026-C', 785, '2026-01-11', '2027-01-25', 'Shelf C2', '2026-01-11', 18.67, 43, 16, 'Available');
INSERT INTO Inventory (MedicineID, BatchNumber, Quantity, ManufactureDate, ExpiryDate, Location, PurchaseDate, PurchasePrice, ReorderLevel, MinimumStock, Status) VALUES (19, 'BATCH-19-2024-A', 765, '2025-08-29', '2027-04-17', 'Counter', '2025-08-29', 19.82, 26, 9, 'Available');
INSERT INTO Inventory (MedicineID, BatchNumber, Quantity, ManufactureDate, ExpiryDate, Location, PurchaseDate, PurchasePrice, ReorderLevel, MinimumStock, Status) VALUES (19, 'BATCH-19-2025-B', 744, '2025-11-17', '2026-10-26', 'Counter', '2025-11-17', 48.45, 32, 11, 'Available');
INSERT INTO Inventory (MedicineID, BatchNumber, Quantity, ManufactureDate, ExpiryDate, Location, PurchaseDate, PurchasePrice, ReorderLevel, MinimumStock, Status) VALUES (20, 'BATCH-20-2024-A', 201, '2025-12-10', '2027-08-31', 'Shelf C1', '2025-12-10', 36.54, 32, 9, 'Available');
INSERT INTO Inventory (MedicineID, BatchNumber, Quantity, ManufactureDate, ExpiryDate, Location, PurchaseDate, PurchasePrice, ReorderLevel, MinimumStock, Status) VALUES (20, 'BATCH-20-2025-B', 144, '2025-11-13', '2027-03-29', 'Cabinet 1', '2025-11-13', 27.97, 36, 16, 'Available');
INSERT INTO Inventory (MedicineID, BatchNumber, Quantity, ManufactureDate, ExpiryDate, Location, PurchaseDate, PurchasePrice, ReorderLevel, MinimumStock, Status) VALUES (20, 'BATCH-20-2026-C', 474, '2025-06-02', '2027-01-12', 'Cabinet 1', '2025-06-02', 4.32, 46, 5, 'Available');
INSERT INTO Inventory (MedicineID, BatchNumber, Quantity, ManufactureDate, ExpiryDate, Location, PurchaseDate, PurchasePrice, ReorderLevel, MinimumStock, Status) VALUES (21, 'BATCH-21-2024-A', 713, '2025-08-30', '2027-01-24', 'Shelf C1', '2025-08-30', 3.23, 56, 6, 'Available');
INSERT INTO Inventory (MedicineID, BatchNumber, Quantity, ManufactureDate, ExpiryDate, Location, PurchaseDate, PurchasePrice, ReorderLevel, MinimumStock, Status) VALUES (21, 'BATCH-21-2025-B', 294, '2025-06-28', '2028-02-02', 'Cold Storage', '2025-06-28', 43.64, 24, 10, 'Available');
INSERT INTO Inventory (MedicineID, BatchNumber, Quantity, ManufactureDate, ExpiryDate, Location, PurchaseDate, PurchasePrice, ReorderLevel, MinimumStock, Status) VALUES (22, 'BATCH-22-2024-A', 621, '2025-07-05', '2027-10-18', 'Cabinet 1', '2025-07-05', 30.75, 33, 10, 'Available');
INSERT INTO Inventory (MedicineID, BatchNumber, Quantity, ManufactureDate, ExpiryDate, Location, PurchaseDate, PurchasePrice, ReorderLevel, MinimumStock, Status) VALUES (22, 'BATCH-22-2025-B', 103, '2025-10-28', '2027-04-25', 'Counter', '2025-10-28', 35.14, 52, 19, 'Available');
INSERT INTO Inventory (MedicineID, BatchNumber, Quantity, ManufactureDate, ExpiryDate, Location, PurchaseDate, PurchasePrice, ReorderLevel, MinimumStock, Status) VALUES (22, 'BATCH-22-2026-C', 615, '2025-04-24', '2027-06-06', 'Shelf C1', '2025-04-24', 42.77, 38, 13, 'Available');
INSERT INTO Inventory (MedicineID, BatchNumber, Quantity, ManufactureDate, ExpiryDate, Location, PurchaseDate, PurchasePrice, ReorderLevel, MinimumStock, Status) VALUES (23, 'BATCH-23-2024-A', 275, '2025-09-25', '2026-10-30', 'Cold Storage', '2025-09-25', 12.67, 22, 9, 'Available');
INSERT INTO Inventory (MedicineID, BatchNumber, Quantity, ManufactureDate, ExpiryDate, Location, PurchaseDate, PurchasePrice, ReorderLevel, MinimumStock, Status) VALUES (23, 'BATCH-23-2025-B', 384, '2025-11-10', '2027-06-17', 'Shelf A1', '2025-11-10', 32.48, 35, 11, 'Available');
INSERT INTO Inventory (MedicineID, BatchNumber, Quantity, ManufactureDate, ExpiryDate, Location, PurchaseDate, PurchasePrice, ReorderLevel, MinimumStock, Status) VALUES (24, 'BATCH-24-2024-A', 101, '2025-07-24', '2027-09-26', 'Shelf C2', '2025-07-24', 5.08, 55, 13, 'Available');
INSERT INTO Inventory (MedicineID, BatchNumber, Quantity, ManufactureDate, ExpiryDate, Location, PurchaseDate, PurchasePrice, ReorderLevel, MinimumStock, Status) VALUES (24, 'BATCH-24-2025-B', 236, '2025-06-22', '2027-07-12', 'Shelf C2', '2025-06-22', 49.28, 60, 5, 'Available');
INSERT INTO Inventory (MedicineID, BatchNumber, Quantity, ManufactureDate, ExpiryDate, Location, PurchaseDate, PurchasePrice, ReorderLevel, MinimumStock, Status) VALUES (25, 'BATCH-25-2024-A', 324, '2025-08-27', '2027-03-13', 'Shelf C1', '2025-08-27', 48.61, 54, 8, 'Available');
INSERT INTO Inventory (MedicineID, BatchNumber, Quantity, ManufactureDate, ExpiryDate, Location, PurchaseDate, PurchasePrice, ReorderLevel, MinimumStock, Status) VALUES (25, 'BATCH-25-2025-B', 491, '2025-09-08', '2027-04-13', 'Cabinet 2', '2025-09-08', 11.81, 37, 11, 'Available');
INSERT INTO Inventory (MedicineID, BatchNumber, Quantity, ManufactureDate, ExpiryDate, Location, PurchaseDate, PurchasePrice, ReorderLevel, MinimumStock, Status) VALUES (25, 'BATCH-25-2026-C', 695, '2025-06-29', '2027-02-20', 'Cabinet 2', '2025-06-29', 12.35, 47, 16, 'Available');
INSERT INTO Inventory (MedicineID, BatchNumber, Quantity, ManufactureDate, ExpiryDate, Location, PurchaseDate, PurchasePrice, ReorderLevel, MinimumStock, Status) VALUES (26, 'BATCH-26-2024-A', 590, '2025-12-01', '2028-02-03', 'Shelf B1', '2025-12-01', 23.51, 31, 11, 'Available');
INSERT INTO Inventory (MedicineID, BatchNumber, Quantity, ManufactureDate, ExpiryDate, Location, PurchaseDate, PurchasePrice, ReorderLevel, MinimumStock, Status) VALUES (26, 'BATCH-26-2025-B', 683, '2025-05-11', '2027-03-17', 'Shelf C1', '2025-05-11', 2.03, 30, 10, 'Available');
INSERT INTO Inventory (MedicineID, BatchNumber, Quantity, ManufactureDate, ExpiryDate, Location, PurchaseDate, PurchasePrice, ReorderLevel, MinimumStock, Status) VALUES (27, 'BATCH-27-2024-A', 722, '2025-10-13', '2026-11-24', 'Shelf B1', '2025-10-13', 4.53, 35, 19, 'Available');
INSERT INTO Inventory (MedicineID, BatchNumber, Quantity, ManufactureDate, ExpiryDate, Location, PurchaseDate, PurchasePrice, ReorderLevel, MinimumStock, Status) VALUES (27, 'BATCH-27-2025-B', 760, '2025-06-25', '2026-12-25', 'Cold Storage', '2025-06-25', 7.73, 20, 8, 'Available');
INSERT INTO Inventory (MedicineID, BatchNumber, Quantity, ManufactureDate, ExpiryDate, Location, PurchaseDate, PurchasePrice, ReorderLevel, MinimumStock, Status) VALUES (27, 'BATCH-27-2026-C', 486, '2025-07-05', '2026-10-05', 'Shelf A2', '2025-07-05', 41.5, 22, 9, 'Available');
INSERT INTO Inventory (MedicineID, BatchNumber, Quantity, ManufactureDate, ExpiryDate, Location, PurchaseDate, PurchasePrice, ReorderLevel, MinimumStock, Status) VALUES (28, 'BATCH-28-2024-A', 185, '2025-09-02', '2027-02-07', 'Counter', '2025-09-02', 1.66, 20, 8, 'Available');
INSERT INTO Inventory (MedicineID, BatchNumber, Quantity, ManufactureDate, ExpiryDate, Location, PurchaseDate, PurchasePrice, ReorderLevel, MinimumStock, Status) VALUES (28, 'BATCH-28-2025-B', 655, '2025-07-28', '2026-12-10', 'Shelf B2', '2025-07-28', 7.82, 56, 19, 'Available');
INSERT INTO Inventory (MedicineID, BatchNumber, Quantity, ManufactureDate, ExpiryDate, Location, PurchaseDate, PurchasePrice, ReorderLevel, MinimumStock, Status) VALUES (29, 'BATCH-29-2024-A', 414, '2025-08-01', '2028-01-17', 'Shelf B1', '2025-08-01', 12.95, 54, 13, 'Available');
INSERT INTO Inventory (MedicineID, BatchNumber, Quantity, ManufactureDate, ExpiryDate, Location, PurchaseDate, PurchasePrice, ReorderLevel, MinimumStock, Status) VALUES (29, 'BATCH-29-2025-B', 742, '2025-04-14', '2027-01-18', 'Shelf A1', '2025-04-14', 41.42, 26, 14, 'Available');
INSERT INTO Inventory (MedicineID, BatchNumber, Quantity, ManufactureDate, ExpiryDate, Location, PurchaseDate, PurchasePrice, ReorderLevel, MinimumStock, Status) VALUES (30, 'BATCH-30-2024-A', 623, '2025-06-19', '2027-02-06', 'Shelf A1', '2025-06-19', 45.7, 21, 12, 'Available');
INSERT INTO Inventory (MedicineID, BatchNumber, Quantity, ManufactureDate, ExpiryDate, Location, PurchaseDate, PurchasePrice, ReorderLevel, MinimumStock, Status) VALUES (30, 'BATCH-30-2025-B', 537, '2025-07-04', '2027-02-11', 'Shelf C2', '2025-07-04', 33.11, 34, 17, 'Available');
INSERT INTO Inventory (MedicineID, BatchNumber, Quantity, ManufactureDate, ExpiryDate, Location, PurchaseDate, PurchasePrice, ReorderLevel, MinimumStock, Status) VALUES (31, 'BATCH-31-2024-A', 603, '2025-10-23', '2027-01-04', 'Shelf B2', '2025-10-23', 5.99, 38, 16, 'Available');
INSERT INTO Inventory (MedicineID, BatchNumber, Quantity, ManufactureDate, ExpiryDate, Location, PurchaseDate, PurchasePrice, ReorderLevel, MinimumStock, Status) VALUES (31, 'BATCH-31-2025-B', 178, '2025-07-31', '2027-01-13', 'Shelf C2', '2025-07-31', 46.24, 25, 6, 'Available');
INSERT INTO Inventory (MedicineID, BatchNumber, Quantity, ManufactureDate, ExpiryDate, Location, PurchaseDate, PurchasePrice, ReorderLevel, MinimumStock, Status) VALUES (32, 'BATCH-32-2024-A', 282, '2025-06-12', '2028-03-10', 'Shelf C2', '2025-06-12', 30.38, 47, 9, 'Available');
INSERT INTO Inventory (MedicineID, BatchNumber, Quantity, ManufactureDate, ExpiryDate, Location, PurchaseDate, PurchasePrice, ReorderLevel, MinimumStock, Status) VALUES (32, 'BATCH-32-2025-B', 783, '2025-08-16', '2027-07-04', 'Shelf C2', '2025-08-16', 43.89, 37, 20, 'Available');
INSERT INTO Inventory (MedicineID, BatchNumber, Quantity, ManufactureDate, ExpiryDate, Location, PurchaseDate, PurchasePrice, ReorderLevel, MinimumStock, Status) VALUES (33, 'BATCH-33-2024-A', 371, '2025-12-09', '2026-09-16', 'Shelf B1', '2025-12-09', 39.11, 29, 15, 'Available');
INSERT INTO Inventory (MedicineID, BatchNumber, Quantity, ManufactureDate, ExpiryDate, Location, PurchaseDate, PurchasePrice, ReorderLevel, MinimumStock, Status) VALUES (33, 'BATCH-33-2025-B', 251, '2025-07-02', '2027-12-15', 'Cabinet 2', '2025-07-02', 40.92, 27, 18, 'Available');
INSERT INTO Inventory (MedicineID, BatchNumber, Quantity, ManufactureDate, ExpiryDate, Location, PurchaseDate, PurchasePrice, ReorderLevel, MinimumStock, Status) VALUES (33, 'BATCH-33-2026-C', 385, '2025-11-04', '2026-12-15', 'Shelf C2', '2025-11-04', 49.74, 31, 17, 'Available');
INSERT INTO Inventory (MedicineID, BatchNumber, Quantity, ManufactureDate, ExpiryDate, Location, PurchaseDate, PurchasePrice, ReorderLevel, MinimumStock, Status) VALUES (34, 'BATCH-34-2024-A', 426, '2025-05-09', '2027-11-22', 'Cabinet 2', '2025-05-09', 34.98, 46, 15, 'Available');
INSERT INTO Inventory (MedicineID, BatchNumber, Quantity, ManufactureDate, ExpiryDate, Location, PurchaseDate, PurchasePrice, ReorderLevel, MinimumStock, Status) VALUES (34, 'BATCH-34-2025-B', 241, '2025-09-14', '2027-10-11', 'Cabinet 1', '2025-09-14', 27.92, 54, 20, 'Available');
INSERT INTO Inventory (MedicineID, BatchNumber, Quantity, ManufactureDate, ExpiryDate, Location, PurchaseDate, PurchasePrice, ReorderLevel, MinimumStock, Status) VALUES (34, 'BATCH-34-2026-C', 645, '2025-04-18', '2027-05-07', 'Cabinet 1', '2025-04-18', 5.1, 46, 12, 'Available');
INSERT INTO Inventory (MedicineID, BatchNumber, Quantity, ManufactureDate, ExpiryDate, Location, PurchaseDate, PurchasePrice, ReorderLevel, MinimumStock, Status) VALUES (35, 'BATCH-35-2024-A', 340, '2025-07-16', '2026-09-16', 'Shelf B2', '2025-07-16', 49.7, 21, 16, 'Available');
INSERT INTO Inventory (MedicineID, BatchNumber, Quantity, ManufactureDate, ExpiryDate, Location, PurchaseDate, PurchasePrice, ReorderLevel, MinimumStock, Status) VALUES (35, 'BATCH-35-2025-B', 671, '2025-05-20', '2027-01-28', 'Shelf A2', '2025-05-20', 3.92, 42, 16, 'Available');

-- Medical History
INSERT INTO MedicalHistory (MemberID, ChronicConditions, KnownAllergies, PastSurgeries, FamilyHistory, BloodPressure, Height, Weight) VALUES (11, 'None', 'Sulfa drugs', 'Tonsillectomy', 'No significant history', '114/87', 188.9, 90.6);
INSERT INTO MedicalHistory (MemberID, ChronicConditions, KnownAllergies, PastSurgeries, FamilyHistory, BloodPressure, Height, Weight) VALUES (12, 'Hypothyroidism', 'Dust mites', 'Appendectomy', 'Diabetes in family', '133/74', 154.7, 79.8);
INSERT INTO MedicalHistory (MemberID, ChronicConditions, KnownAllergies, PastSurgeries, FamilyHistory, BloodPressure, Height, Weight) VALUES (13, 'Asthma', 'Latex', 'None', 'Diabetes in family', '132/83', 164.9, 80.1);
INSERT INTO MedicalHistory (MemberID, ChronicConditions, KnownAllergies, PastSurgeries, FamilyHistory, BloodPressure, Height, Weight) VALUES (14, 'None', 'No known allergies', 'None', 'No significant history', '136/89', 184.8, 46.5);
INSERT INTO MedicalHistory (MemberID, ChronicConditions, KnownAllergies, PastSurgeries, FamilyHistory, BloodPressure, Height, Weight) VALUES (15, 'Anaemia', 'Sulfa drugs', 'None', 'Hypertension in family', '112/70', 172.8, 85.7);
INSERT INTO MedicalHistory (MemberID, ChronicConditions, KnownAllergies, PastSurgeries, FamilyHistory, BloodPressure, Height, Weight) VALUES (16, 'Asthma', 'Sulfa drugs', 'None', 'Hypertension in family', '133/86', 177.9, 60.0);
INSERT INTO MedicalHistory (MemberID, ChronicConditions, KnownAllergies, PastSurgeries, FamilyHistory, BloodPressure, Height, Weight) VALUES (17, 'GERD', 'No known allergies', 'Tonsillectomy', 'No significant history', '135/90', 177.8, 59.3);
INSERT INTO MedicalHistory (MemberID, ChronicConditions, KnownAllergies, PastSurgeries, FamilyHistory, BloodPressure, Height, Weight) VALUES (18, 'Asthma', 'No known allergies', 'None', 'Diabetes in family', '129/75', 170.1, 45.5);
INSERT INTO MedicalHistory (MemberID, ChronicConditions, KnownAllergies, PastSurgeries, FamilyHistory, BloodPressure, Height, Weight) VALUES (19, 'None', 'Latex', 'None', 'No significant history', '127/78', 186.8, 70.1);
INSERT INTO MedicalHistory (MemberID, ChronicConditions, KnownAllergies, PastSurgeries, FamilyHistory, BloodPressure, Height, Weight) VALUES (20, 'None', 'Dust mites', 'None', 'Hypertension in family', '118/72', 170.9, 93.9);
INSERT INTO MedicalHistory (MemberID, ChronicConditions, KnownAllergies, PastSurgeries, FamilyHistory, BloodPressure, Height, Weight) VALUES (21, 'Asthma', 'No known allergies', 'Appendectomy', 'No significant history', '129/71', 158.8, 54.2);
INSERT INTO MedicalHistory (MemberID, ChronicConditions, KnownAllergies, PastSurgeries, FamilyHistory, BloodPressure, Height, Weight) VALUES (22, 'None', 'No known allergies', 'None', 'Diabetes in family', '136/84', 169.1, 77.6);
INSERT INTO MedicalHistory (MemberID, ChronicConditions, KnownAllergies, PastSurgeries, FamilyHistory, BloodPressure, Height, Weight) VALUES (23, 'GERD', 'Latex', 'Appendectomy', 'Diabetes in family', '135/81', 175.9, 54.7);
INSERT INTO MedicalHistory (MemberID, ChronicConditions, KnownAllergies, PastSurgeries, FamilyHistory, BloodPressure, Height, Weight) VALUES (24, 'Hypertension', 'Penicillin', 'None', 'No significant history', '129/80', 151.1, 59.1);
INSERT INTO MedicalHistory (MemberID, ChronicConditions, KnownAllergies, PastSurgeries, FamilyHistory, BloodPressure, Height, Weight) VALUES (25, 'None', 'Penicillin', 'None', 'Hypertension in family', '129/70', 180.3, 60.5);
INSERT INTO MedicalHistory (MemberID, ChronicConditions, KnownAllergies, PastSurgeries, FamilyHistory, BloodPressure, Height, Weight) VALUES (26, 'None', 'Dust mites', 'None', 'Diabetes in family', '117/78', 153.4, 73.5);
INSERT INTO MedicalHistory (MemberID, ChronicConditions, KnownAllergies, PastSurgeries, FamilyHistory, BloodPressure, Height, Weight) VALUES (27, 'Type 2 Diabetes', 'No known allergies', 'None', 'Diabetes in family', '111/80', 153.7, 60.4);
INSERT INTO MedicalHistory (MemberID, ChronicConditions, KnownAllergies, PastSurgeries, FamilyHistory, BloodPressure, Height, Weight) VALUES (28, 'Anaemia', 'Pollen', 'None', 'No significant history', '116/80', 180.1, 81.3);
INSERT INTO MedicalHistory (MemberID, ChronicConditions, KnownAllergies, PastSurgeries, FamilyHistory, BloodPressure, Height, Weight) VALUES (29, 'Asthma', 'No known allergies', 'None', 'Diabetes in family', '120/83', 185.9, 70.2);
INSERT INTO MedicalHistory (MemberID, ChronicConditions, KnownAllergies, PastSurgeries, FamilyHistory, BloodPressure, Height, Weight) VALUES (30, 'None', 'Sulfa drugs', 'None', 'No significant history', '135/82', 169.1, 88.4);
INSERT INTO MedicalHistory (MemberID, ChronicConditions, KnownAllergies, PastSurgeries, FamilyHistory, BloodPressure, Height, Weight) VALUES (31, 'Type 2 Diabetes', 'Pollen', 'Appendectomy', 'Hypertension in family', '131/84', 153.2, 76.3);
INSERT INTO MedicalHistory (MemberID, ChronicConditions, KnownAllergies, PastSurgeries, FamilyHistory, BloodPressure, Height, Weight) VALUES (32, 'None', 'Dust mites', 'Appendectomy', 'Hypertension in family', '134/75', 189.7, 70.1);
INSERT INTO MedicalHistory (MemberID, ChronicConditions, KnownAllergies, PastSurgeries, FamilyHistory, BloodPressure, Height, Weight) VALUES (33, 'None', 'No known allergies', 'None', 'No significant history', '139/80', 167.9, 51.6);
INSERT INTO MedicalHistory (MemberID, ChronicConditions, KnownAllergies, PastSurgeries, FamilyHistory, BloodPressure, Height, Weight) VALUES (34, 'Migraine', 'Shellfish', 'None', 'No significant history', '111/82', 159.6, 94.9);
INSERT INTO MedicalHistory (MemberID, ChronicConditions, KnownAllergies, PastSurgeries, FamilyHistory, BloodPressure, Height, Weight) VALUES (35, 'None', 'Penicillin', 'Appendectomy', 'No significant history', '130/85', 153.9, 45.7);
INSERT INTO MedicalHistory (MemberID, ChronicConditions, KnownAllergies, PastSurgeries, FamilyHistory, BloodPressure, Height, Weight) VALUES (36, 'None', 'Pollen', 'None', 'Diabetes in family', '125/73', 168.2, 53.5);
INSERT INTO MedicalHistory (MemberID, ChronicConditions, KnownAllergies, PastSurgeries, FamilyHistory, BloodPressure, Height, Weight) VALUES (37, 'Migraine', 'Sulfa drugs', 'None', 'No significant history', '128/81', 164.1, 48.6);
INSERT INTO MedicalHistory (MemberID, ChronicConditions, KnownAllergies, PastSurgeries, FamilyHistory, BloodPressure, Height, Weight) VALUES (38, 'None', 'No known allergies', 'Tonsillectomy', 'No significant history', '118/84', 176.0, 52.0);
INSERT INTO MedicalHistory (MemberID, ChronicConditions, KnownAllergies, PastSurgeries, FamilyHistory, BloodPressure, Height, Weight) VALUES (39, 'Hypertension', 'No known allergies', 'None', 'Diabetes in family', '121/79', 166.0, 87.9);
INSERT INTO MedicalHistory (MemberID, ChronicConditions, KnownAllergies, PastSurgeries, FamilyHistory, BloodPressure, Height, Weight) VALUES (40, 'None', 'Sulfa drugs', 'None', 'No significant history', '126/89', 188.1, 63.7);
INSERT INTO MedicalHistory (MemberID, ChronicConditions, KnownAllergies, PastSurgeries, FamilyHistory, BloodPressure, Height, Weight) VALUES (41, 'None', 'Latex', 'None', 'No significant history', '118/71', 174.8, 77.2);
INSERT INTO MedicalHistory (MemberID, ChronicConditions, KnownAllergies, PastSurgeries, FamilyHistory, BloodPressure, Height, Weight) VALUES (42, 'None', 'Dust mites', 'None', 'No significant history', '110/74', 184.1, 59.5);
INSERT INTO MedicalHistory (MemberID, ChronicConditions, KnownAllergies, PastSurgeries, FamilyHistory, BloodPressure, Height, Weight) VALUES (43, 'Asthma', 'No known allergies', 'None', 'Diabetes in family', '117/82', 185.0, 78.5);
INSERT INTO MedicalHistory (MemberID, ChronicConditions, KnownAllergies, PastSurgeries, FamilyHistory, BloodPressure, Height, Weight) VALUES (44, 'Anaemia', 'No known allergies', 'None', 'No significant history', '138/84', 154.4, 54.0);
INSERT INTO MedicalHistory (MemberID, ChronicConditions, KnownAllergies, PastSurgeries, FamilyHistory, BloodPressure, Height, Weight) VALUES (45, 'Hypertension', 'Latex', 'None', 'Hypertension in family', '122/80', 152.6, 62.1);
INSERT INTO MedicalHistory (MemberID, ChronicConditions, KnownAllergies, PastSurgeries, FamilyHistory, BloodPressure, Height, Weight) VALUES (46, 'None', 'No known allergies', 'Appendectomy', 'No significant history', '113/78', 168.2, 72.3);
INSERT INTO MedicalHistory (MemberID, ChronicConditions, KnownAllergies, PastSurgeries, FamilyHistory, BloodPressure, Height, Weight) VALUES (47, 'Obesity', 'Sulfa drugs', 'None', 'Hypertension in family', '120/88', 151.3, 75.1);
INSERT INTO MedicalHistory (MemberID, ChronicConditions, KnownAllergies, PastSurgeries, FamilyHistory, BloodPressure, Height, Weight) VALUES (48, 'GERD', 'No known allergies', 'Tonsillectomy', 'No significant history', '125/76', 152.2, 88.4);
INSERT INTO MedicalHistory (MemberID, ChronicConditions, KnownAllergies, PastSurgeries, FamilyHistory, BloodPressure, Height, Weight) VALUES (49, 'None', 'No known allergies', 'None', 'No significant history', '118/90', 157.0, 52.1);
INSERT INTO MedicalHistory (MemberID, ChronicConditions, KnownAllergies, PastSurgeries, FamilyHistory, BloodPressure, Height, Weight) VALUES (50, 'Migraine', 'Latex', 'None', 'No significant history', '137/84', 184.9, 71.2);
INSERT INTO MedicalHistory (MemberID, ChronicConditions, KnownAllergies, PastSurgeries, FamilyHistory, BloodPressure, Height, Weight) VALUES (51, 'None', 'Pollen', 'Appendectomy', 'Diabetes in family', '112/83', 163.7, 82.7);
INSERT INTO MedicalHistory (MemberID, ChronicConditions, KnownAllergies, PastSurgeries, FamilyHistory, BloodPressure, Height, Weight) VALUES (52, 'Asthma', 'Dust mites', 'Tonsillectomy', 'No significant history', '125/85', 171.4, 84.2);
INSERT INTO MedicalHistory (MemberID, ChronicConditions, KnownAllergies, PastSurgeries, FamilyHistory, BloodPressure, Height, Weight) VALUES (53, 'None', 'Latex', 'Tonsillectomy', 'No significant history', '122/70', 172.4, 89.7);
INSERT INTO MedicalHistory (MemberID, ChronicConditions, KnownAllergies, PastSurgeries, FamilyHistory, BloodPressure, Height, Weight) VALUES (54, 'Hypothyroidism', 'Penicillin', 'None', 'No significant history', '129/74', 162.9, 94.3);
INSERT INTO MedicalHistory (MemberID, ChronicConditions, KnownAllergies, PastSurgeries, FamilyHistory, BloodPressure, Height, Weight) VALUES (55, 'None', 'No known allergies', 'None', 'No significant history', '110/74', 185.9, 91.7);
INSERT INTO MedicalHistory (MemberID, ChronicConditions, KnownAllergies, PastSurgeries, FamilyHistory, BloodPressure, Height, Weight) VALUES (56, 'Obesity', 'Shellfish', 'None', 'No significant history', '118/86', 178.9, 94.4);
INSERT INTO MedicalHistory (MemberID, ChronicConditions, KnownAllergies, PastSurgeries, FamilyHistory, BloodPressure, Height, Weight) VALUES (57, 'None', 'Sulfa drugs', 'None', 'No significant history', '130/88', 153.9, 55.9);
INSERT INTO MedicalHistory (MemberID, ChronicConditions, KnownAllergies, PastSurgeries, FamilyHistory, BloodPressure, Height, Weight) VALUES (58, 'Hypothyroidism', 'Latex', 'None', 'No significant history', '134/75', 174.0, 55.8);
INSERT INTO MedicalHistory (MemberID, ChronicConditions, KnownAllergies, PastSurgeries, FamilyHistory, BloodPressure, Height, Weight) VALUES (59, 'Hypothyroidism', 'Dust mites', 'None', 'No significant history', '140/70', 164.8, 63.2);
INSERT INTO MedicalHistory (MemberID, ChronicConditions, KnownAllergies, PastSurgeries, FamilyHistory, BloodPressure, Height, Weight) VALUES (60, 'Migraine', 'Pollen', 'None', 'Diabetes in family', '132/85', 176.0, 67.8);
INSERT INTO MedicalHistory (MemberID, ChronicConditions, KnownAllergies, PastSurgeries, FamilyHistory, BloodPressure, Height, Weight) VALUES (61, 'GERD', 'Shellfish', 'Tonsillectomy', 'No significant history', '123/86', 189.0, 61.8);
INSERT INTO MedicalHistory (MemberID, ChronicConditions, KnownAllergies, PastSurgeries, FamilyHistory, BloodPressure, Height, Weight) VALUES (62, 'Asthma', 'No known allergies', 'None', 'No significant history', '115/87', 173.8, 72.1);
INSERT INTO MedicalHistory (MemberID, ChronicConditions, KnownAllergies, PastSurgeries, FamilyHistory, BloodPressure, Height, Weight) VALUES (63, 'GERD', 'Pollen', 'None', 'No significant history', '130/79', 178.1, 91.9);
INSERT INTO MedicalHistory (MemberID, ChronicConditions, KnownAllergies, PastSurgeries, FamilyHistory, BloodPressure, Height, Weight) VALUES (64, 'None', 'Penicillin', 'None', 'Diabetes in family', '112/90', 150.7, 91.6);
INSERT INTO MedicalHistory (MemberID, ChronicConditions, KnownAllergies, PastSurgeries, FamilyHistory, BloodPressure, Height, Weight) VALUES (65, 'Hypertension', 'No known allergies', 'None', 'No significant history', '139/87', 154.0, 67.2);
INSERT INTO MedicalHistory (MemberID, ChronicConditions, KnownAllergies, PastSurgeries, FamilyHistory, BloodPressure, Height, Weight) VALUES (66, 'None', 'No known allergies', 'None', 'No significant history', '137/83', 158.5, 83.8);
INSERT INTO MedicalHistory (MemberID, ChronicConditions, KnownAllergies, PastSurgeries, FamilyHistory, BloodPressure, Height, Weight) VALUES (67, 'None', 'Latex', 'None', 'Hypertension in family', '137/85', 188.0, 62.5);
INSERT INTO MedicalHistory (MemberID, ChronicConditions, KnownAllergies, PastSurgeries, FamilyHistory, BloodPressure, Height, Weight) VALUES (68, 'None', 'No known allergies', 'None', 'No significant history', '110/81', 181.3, 70.4);
INSERT INTO MedicalHistory (MemberID, ChronicConditions, KnownAllergies, PastSurgeries, FamilyHistory, BloodPressure, Height, Weight) VALUES (69, 'Migraine', 'No known allergies', 'Tonsillectomy', 'No significant history', '136/83', 176.9, 45.2);
INSERT INTO MedicalHistory (MemberID, ChronicConditions, KnownAllergies, PastSurgeries, FamilyHistory, BloodPressure, Height, Weight) VALUES (70, 'GERD', 'No known allergies', 'None', 'Diabetes in family', '114/81', 183.6, 70.9);
INSERT INTO MedicalHistory (MemberID, ChronicConditions, KnownAllergies, PastSurgeries, FamilyHistory, BloodPressure, Height, Weight) VALUES (71, 'None', 'No known allergies', 'Tonsillectomy', 'No significant history', '115/88', 189.7, 57.1);
INSERT INTO MedicalHistory (MemberID, ChronicConditions, KnownAllergies, PastSurgeries, FamilyHistory, BloodPressure, Height, Weight) VALUES (72, 'GERD', 'Dust mites', 'None', 'No significant history', '136/71', 182.1, 73.9);
INSERT INTO MedicalHistory (MemberID, ChronicConditions, KnownAllergies, PastSurgeries, FamilyHistory, BloodPressure, Height, Weight) VALUES (73, 'Asthma', 'No known allergies', 'None', 'Hypertension in family', '122/80', 170.7, 66.9);
INSERT INTO MedicalHistory (MemberID, ChronicConditions, KnownAllergies, PastSurgeries, FamilyHistory, BloodPressure, Height, Weight) VALUES (74, 'Hypertension', 'No known allergies', 'Appendectomy', 'No significant history', '113/90', 173.1, 64.6);
INSERT INTO MedicalHistory (MemberID, ChronicConditions, KnownAllergies, PastSurgeries, FamilyHistory, BloodPressure, Height, Weight) VALUES (75, 'None', 'No known allergies', 'Tonsillectomy', 'No significant history', '115/80', 158.2, 49.7);
INSERT INTO MedicalHistory (MemberID, ChronicConditions, KnownAllergies, PastSurgeries, FamilyHistory, BloodPressure, Height, Weight) VALUES (76, 'GERD', 'No known allergies', 'None', 'No significant history', '114/70', 174.7, 72.2);
INSERT INTO MedicalHistory (MemberID, ChronicConditions, KnownAllergies, PastSurgeries, FamilyHistory, BloodPressure, Height, Weight) VALUES (77, 'Hypertension', 'No known allergies', 'None', 'Diabetes in family', '133/74', 189.3, 76.7);
INSERT INTO MedicalHistory (MemberID, ChronicConditions, KnownAllergies, PastSurgeries, FamilyHistory, BloodPressure, Height, Weight) VALUES (78, 'None', 'Shellfish', 'Appendectomy', 'Hypertension in family', '130/77', 161.9, 71.8);
INSERT INTO MedicalHistory (MemberID, ChronicConditions, KnownAllergies, PastSurgeries, FamilyHistory, BloodPressure, Height, Weight) VALUES (79, 'Hypothyroidism', 'No known allergies', 'None', 'No significant history', '131/71', 161.0, 91.7);
INSERT INTO MedicalHistory (MemberID, ChronicConditions, KnownAllergies, PastSurgeries, FamilyHistory, BloodPressure, Height, Weight) VALUES (80, 'None', 'No known allergies', 'None', 'No significant history', '137/73', 154.4, 91.4);
INSERT INTO MedicalHistory (MemberID, ChronicConditions, KnownAllergies, PastSurgeries, FamilyHistory, BloodPressure, Height, Weight) VALUES (81, 'Hypertension', 'Penicillin', 'Appendectomy', 'No significant history', '118/75', 153.7, 69.7);
INSERT INTO MedicalHistory (MemberID, ChronicConditions, KnownAllergies, PastSurgeries, FamilyHistory, BloodPressure, Height, Weight) VALUES (82, 'Anaemia', 'Dust mites', 'None', 'Diabetes in family', '125/70', 166.5, 69.3);
INSERT INTO MedicalHistory (MemberID, ChronicConditions, KnownAllergies, PastSurgeries, FamilyHistory, BloodPressure, Height, Weight) VALUES (83, 'None', 'Penicillin', 'Appendectomy', 'No significant history', '122/80', 175.3, 67.5);
INSERT INTO MedicalHistory (MemberID, ChronicConditions, KnownAllergies, PastSurgeries, FamilyHistory, BloodPressure, Height, Weight) VALUES (84, 'Asthma', 'Sulfa drugs', 'Tonsillectomy', 'Diabetes in family', '138/75', 176.4, 76.6);
INSERT INTO MedicalHistory (MemberID, ChronicConditions, KnownAllergies, PastSurgeries, FamilyHistory, BloodPressure, Height, Weight) VALUES (85, 'None', 'No known allergies', 'None', 'No significant history', '121/85', 189.8, 75.0);
INSERT INTO MedicalHistory (MemberID, ChronicConditions, KnownAllergies, PastSurgeries, FamilyHistory, BloodPressure, Height, Weight) VALUES (86, 'Type 2 Diabetes', 'Sulfa drugs', 'None', 'No significant history', '139/73', 157.7, 46.5);
INSERT INTO MedicalHistory (MemberID, ChronicConditions, KnownAllergies, PastSurgeries, FamilyHistory, BloodPressure, Height, Weight) VALUES (87, 'Type 2 Diabetes', 'No known allergies', 'None', 'Hypertension in family', '116/81', 154.6, 55.8);
INSERT INTO MedicalHistory (MemberID, ChronicConditions, KnownAllergies, PastSurgeries, FamilyHistory, BloodPressure, Height, Weight) VALUES (88, 'Anaemia', 'Sulfa drugs', 'Appendectomy', 'Diabetes in family', '133/74', 160.7, 69.1);
INSERT INTO MedicalHistory (MemberID, ChronicConditions, KnownAllergies, PastSurgeries, FamilyHistory, BloodPressure, Height, Weight) VALUES (89, 'Hypertension', 'Shellfish', 'None', 'No significant history', '130/79', 168.7, 85.5);
INSERT INTO MedicalHistory (MemberID, ChronicConditions, KnownAllergies, PastSurgeries, FamilyHistory, BloodPressure, Height, Weight) VALUES (90, 'GERD', 'No known allergies', 'None', 'Hypertension in family', '118/75', 157.9, 87.3);
INSERT INTO MedicalHistory (MemberID, ChronicConditions, KnownAllergies, PastSurgeries, FamilyHistory, BloodPressure, Height, Weight) VALUES (91, 'None', 'Pollen', 'None', 'Diabetes in family', '128/88', 162.5, 84.7);
INSERT INTO MedicalHistory (MemberID, ChronicConditions, KnownAllergies, PastSurgeries, FamilyHistory, BloodPressure, Height, Weight) VALUES (92, 'None', 'No known allergies', 'None', 'No significant history', '123/89', 179.9, 85.8);
INSERT INTO MedicalHistory (MemberID, ChronicConditions, KnownAllergies, PastSurgeries, FamilyHistory, BloodPressure, Height, Weight) VALUES (93, 'None', 'Penicillin', 'None', 'No significant history', '123/76', 172.7, 63.7);
INSERT INTO MedicalHistory (MemberID, ChronicConditions, KnownAllergies, PastSurgeries, FamilyHistory, BloodPressure, Height, Weight) VALUES (94, 'None', 'Penicillin', 'None', 'Hypertension in family', '138/71', 188.3, 57.7);
INSERT INTO MedicalHistory (MemberID, ChronicConditions, KnownAllergies, PastSurgeries, FamilyHistory, BloodPressure, Height, Weight) VALUES (95, 'GERD', 'Pollen', 'None', 'No significant history', '121/82', 151.2, 54.0);
INSERT INTO MedicalHistory (MemberID, ChronicConditions, KnownAllergies, PastSurgeries, FamilyHistory, BloodPressure, Height, Weight) VALUES (96, 'Anaemia', 'Latex', 'Appendectomy', 'No significant history', '117/72', 158.6, 63.6);
INSERT INTO MedicalHistory (MemberID, ChronicConditions, KnownAllergies, PastSurgeries, FamilyHistory, BloodPressure, Height, Weight) VALUES (97, 'Asthma', 'Shellfish', 'None', 'Diabetes in family', '120/70', 178.7, 55.7);
INSERT INTO MedicalHistory (MemberID, ChronicConditions, KnownAllergies, PastSurgeries, FamilyHistory, BloodPressure, Height, Weight) VALUES (98, 'None', 'Shellfish', 'Appendectomy', 'No significant history', '112/82', 161.3, 55.6);
INSERT INTO MedicalHistory (MemberID, ChronicConditions, KnownAllergies, PastSurgeries, FamilyHistory, BloodPressure, Height, Weight) VALUES (99, 'Hypothyroidism', 'Penicillin', 'None', 'No significant history', '132/89', 187.9, 85.4);
INSERT INTO MedicalHistory (MemberID, ChronicConditions, KnownAllergies, PastSurgeries, FamilyHistory, BloodPressure, Height, Weight) VALUES (100, 'None', 'Penicillin', 'None', 'No significant history', '131/83', 162.7, 61.0);
INSERT INTO MedicalHistory (MemberID, ChronicConditions, KnownAllergies, PastSurgeries, FamilyHistory, BloodPressure, Height, Weight) VALUES (101, 'Hypothyroidism', 'No known allergies', 'None', 'No significant history', '111/78', 166.8, 51.2);
INSERT INTO MedicalHistory (MemberID, ChronicConditions, KnownAllergies, PastSurgeries, FamilyHistory, BloodPressure, Height, Weight) VALUES (102, 'Asthma', 'No known allergies', 'Tonsillectomy', 'No significant history', '122/77', 173.1, 59.3);
INSERT INTO MedicalHistory (MemberID, ChronicConditions, KnownAllergies, PastSurgeries, FamilyHistory, BloodPressure, Height, Weight) VALUES (103, 'None', 'No known allergies', 'None', 'No significant history', '119/74', 183.7, 65.1);
INSERT INTO MedicalHistory (MemberID, ChronicConditions, KnownAllergies, PastSurgeries, FamilyHistory, BloodPressure, Height, Weight) VALUES (104, 'None', 'No known allergies', 'None', 'No significant history', '130/70', 152.8, 49.8);
INSERT INTO MedicalHistory (MemberID, ChronicConditions, KnownAllergies, PastSurgeries, FamilyHistory, BloodPressure, Height, Weight) VALUES (105, 'None', 'Latex', 'None', 'No significant history', '118/80', 180.1, 65.0);
INSERT INTO MedicalHistory (MemberID, ChronicConditions, KnownAllergies, PastSurgeries, FamilyHistory, BloodPressure, Height, Weight) VALUES (106, 'None', 'Shellfish', 'None', 'No significant history', '111/82', 161.9, 94.2);
INSERT INTO MedicalHistory (MemberID, ChronicConditions, KnownAllergies, PastSurgeries, FamilyHistory, BloodPressure, Height, Weight) VALUES (107, 'Obesity', 'No known allergies', 'None', 'No significant history', '140/89', 154.1, 56.2);
INSERT INTO MedicalHistory (MemberID, ChronicConditions, KnownAllergies, PastSurgeries, FamilyHistory, BloodPressure, Height, Weight) VALUES (108, 'None', 'No known allergies', 'Appendectomy', 'Diabetes in family', '120/83', 159.1, 49.4);
INSERT INTO MedicalHistory (MemberID, ChronicConditions, KnownAllergies, PastSurgeries, FamilyHistory, BloodPressure, Height, Weight) VALUES (109, 'None', 'Shellfish', 'None', 'Diabetes in family', '139/71', 160.4, 84.2);
INSERT INTO MedicalHistory (MemberID, ChronicConditions, KnownAllergies, PastSurgeries, FamilyHistory, BloodPressure, Height, Weight) VALUES (110, 'Hypertension', 'No known allergies', 'Tonsillectomy', 'Diabetes in family', '118/80', 177.5, 84.6);
INSERT INTO MedicalHistory (MemberID, ChronicConditions, KnownAllergies, PastSurgeries, FamilyHistory, BloodPressure, Height, Weight) VALUES (111, 'GERD', 'Pollen', 'None', 'Hypertension in family', '139/74', 173.3, 51.0);
INSERT INTO MedicalHistory (MemberID, ChronicConditions, KnownAllergies, PastSurgeries, FamilyHistory, BloodPressure, Height, Weight) VALUES (112, 'Anaemia', 'Sulfa drugs', 'None', 'No significant history', '130/84', 176.7, 71.1);
INSERT INTO MedicalHistory (MemberID, ChronicConditions, KnownAllergies, PastSurgeries, FamilyHistory, BloodPressure, Height, Weight) VALUES (113, 'Hypothyroidism', 'No known allergies', 'None', 'No significant history', '118/80', 180.9, 69.1);
INSERT INTO MedicalHistory (MemberID, ChronicConditions, KnownAllergies, PastSurgeries, FamilyHistory, BloodPressure, Height, Weight) VALUES (114, 'Hypertension', 'Pollen', 'Tonsillectomy', 'Diabetes in family', '121/87', 183.4, 57.1);
INSERT INTO MedicalHistory (MemberID, ChronicConditions, KnownAllergies, PastSurgeries, FamilyHistory, BloodPressure, Height, Weight) VALUES (115, 'None', 'No known allergies', 'Appendectomy', 'Diabetes in family', '112/85', 152.4, 45.7);
INSERT INTO MedicalHistory (MemberID, ChronicConditions, KnownAllergies, PastSurgeries, FamilyHistory, BloodPressure, Height, Weight) VALUES (116, 'Hypothyroidism', 'No known allergies', 'None', 'Hypertension in family', '125/73', 163.6, 85.7);
INSERT INTO MedicalHistory (MemberID, ChronicConditions, KnownAllergies, PastSurgeries, FamilyHistory, BloodPressure, Height, Weight) VALUES (117, 'None', 'No known allergies', 'None', 'No significant history', '134/79', 178.3, 77.8);
INSERT INTO MedicalHistory (MemberID, ChronicConditions, KnownAllergies, PastSurgeries, FamilyHistory, BloodPressure, Height, Weight) VALUES (118, 'None', 'No known allergies', 'None', 'Hypertension in family', '117/81', 165.4, 67.6);
INSERT INTO MedicalHistory (MemberID, ChronicConditions, KnownAllergies, PastSurgeries, FamilyHistory, BloodPressure, Height, Weight) VALUES (119, 'None', 'No known allergies', 'Appendectomy', 'No significant history', '116/72', 161.1, 53.2);
INSERT INTO MedicalHistory (MemberID, ChronicConditions, KnownAllergies, PastSurgeries, FamilyHistory, BloodPressure, Height, Weight) VALUES (120, 'Migraine', 'No known allergies', 'None', 'Diabetes in family', '114/84', 185.0, 82.3);
INSERT INTO MedicalHistory (MemberID, ChronicConditions, KnownAllergies, PastSurgeries, FamilyHistory, BloodPressure, Height, Weight) VALUES (121, 'Hypothyroidism', 'No known allergies', 'None', 'Hypertension in family', '118/70', 169.0, 71.5);
INSERT INTO MedicalHistory (MemberID, ChronicConditions, KnownAllergies, PastSurgeries, FamilyHistory, BloodPressure, Height, Weight) VALUES (122, 'Anaemia', 'Pollen', 'None', 'No significant history', '112/81', 167.3, 52.5);
INSERT INTO MedicalHistory (MemberID, ChronicConditions, KnownAllergies, PastSurgeries, FamilyHistory, BloodPressure, Height, Weight) VALUES (123, 'None', 'Latex', 'None', 'No significant history', '111/84', 160.9, 49.9);
INSERT INTO MedicalHistory (MemberID, ChronicConditions, KnownAllergies, PastSurgeries, FamilyHistory, BloodPressure, Height, Weight) VALUES (124, 'None', 'Latex', 'None', 'No significant history', '116/79', 157.6, 53.8);
INSERT INTO MedicalHistory (MemberID, ChronicConditions, KnownAllergies, PastSurgeries, FamilyHistory, BloodPressure, Height, Weight) VALUES (125, 'Migraine', 'No known allergies', 'None', 'No significant history', '126/83', 154.4, 47.5);
INSERT INTO MedicalHistory (MemberID, ChronicConditions, KnownAllergies, PastSurgeries, FamilyHistory, BloodPressure, Height, Weight) VALUES (126, 'Hypothyroidism', 'Penicillin', 'Appendectomy', 'Diabetes in family', '111/71', 173.0, 56.9);
INSERT INTO MedicalHistory (MemberID, ChronicConditions, KnownAllergies, PastSurgeries, FamilyHistory, BloodPressure, Height, Weight) VALUES (127, 'None', 'Penicillin', 'Tonsillectomy', 'Hypertension in family', '138/89', 178.0, 65.2);
INSERT INTO MedicalHistory (MemberID, ChronicConditions, KnownAllergies, PastSurgeries, FamilyHistory, BloodPressure, Height, Weight) VALUES (128, 'GERD', 'Penicillin', 'Appendectomy', 'No significant history', '125/76', 156.8, 55.2);
INSERT INTO MedicalHistory (MemberID, ChronicConditions, KnownAllergies, PastSurgeries, FamilyHistory, BloodPressure, Height, Weight) VALUES (129, 'None', 'Pollen', 'None', 'No significant history', '119/70', 153.8, 70.2);
INSERT INTO MedicalHistory (MemberID, ChronicConditions, KnownAllergies, PastSurgeries, FamilyHistory, BloodPressure, Height, Weight) VALUES (130, 'None', 'No known allergies', 'None', 'No significant history', '137/77', 156.8, 79.1);
INSERT INTO MedicalHistory (MemberID, ChronicConditions, KnownAllergies, PastSurgeries, FamilyHistory, BloodPressure, Height, Weight) VALUES (131, 'Asthma', 'Sulfa drugs', 'Tonsillectomy', 'No significant history', '114/70', 176.6, 66.4);
INSERT INTO MedicalHistory (MemberID, ChronicConditions, KnownAllergies, PastSurgeries, FamilyHistory, BloodPressure, Height, Weight) VALUES (132, 'Type 2 Diabetes', 'Sulfa drugs', 'Tonsillectomy', 'Diabetes in family', '115/70', 173.8, 93.5);
INSERT INTO MedicalHistory (MemberID, ChronicConditions, KnownAllergies, PastSurgeries, FamilyHistory, BloodPressure, Height, Weight) VALUES (133, 'None', 'No known allergies', 'None', 'Hypertension in family', '125/73', 151.8, 45.9);
INSERT INTO MedicalHistory (MemberID, ChronicConditions, KnownAllergies, PastSurgeries, FamilyHistory, BloodPressure, Height, Weight) VALUES (134, 'None', 'Pollen', 'Appendectomy', 'No significant history', '126/75', 180.2, 83.8);
INSERT INTO MedicalHistory (MemberID, ChronicConditions, KnownAllergies, PastSurgeries, FamilyHistory, BloodPressure, Height, Weight) VALUES (135, 'Hypertension', 'Pollen', 'None', 'No significant history', '124/85', 179.4, 94.5);
INSERT INTO MedicalHistory (MemberID, ChronicConditions, KnownAllergies, PastSurgeries, FamilyHistory, BloodPressure, Height, Weight) VALUES (136, 'Migraine', 'No known allergies', 'None', 'No significant history', '121/84', 150.5, 62.6);
INSERT INTO MedicalHistory (MemberID, ChronicConditions, KnownAllergies, PastSurgeries, FamilyHistory, BloodPressure, Height, Weight) VALUES (137, 'None', 'Shellfish', 'None', 'No significant history', '125/73', 160.8, 71.0);
INSERT INTO MedicalHistory (MemberID, ChronicConditions, KnownAllergies, PastSurgeries, FamilyHistory, BloodPressure, Height, Weight) VALUES (138, 'None', 'No known allergies', 'Appendectomy', 'No significant history', '137/77', 176.4, 52.1);
INSERT INTO MedicalHistory (MemberID, ChronicConditions, KnownAllergies, PastSurgeries, FamilyHistory, BloodPressure, Height, Weight) VALUES (139, 'Obesity', 'No known allergies', 'Appendectomy', 'No significant history', '133/83', 164.4, 82.2);
INSERT INTO MedicalHistory (MemberID, ChronicConditions, KnownAllergies, PastSurgeries, FamilyHistory, BloodPressure, Height, Weight) VALUES (140, 'Hypothyroidism', 'Latex', 'None', 'Diabetes in family', '140/78', 185.1, 78.9);
INSERT INTO MedicalHistory (MemberID, ChronicConditions, KnownAllergies, PastSurgeries, FamilyHistory, BloodPressure, Height, Weight) VALUES (141, 'Obesity', 'No known allergies', 'Appendectomy', 'No significant history', '139/81', 185.5, 64.6);
INSERT INTO MedicalHistory (MemberID, ChronicConditions, KnownAllergies, PastSurgeries, FamilyHistory, BloodPressure, Height, Weight) VALUES (142, 'GERD', 'Pollen', 'Tonsillectomy', 'Hypertension in family', '111/88', 170.8, 62.2);
INSERT INTO MedicalHistory (MemberID, ChronicConditions, KnownAllergies, PastSurgeries, FamilyHistory, BloodPressure, Height, Weight) VALUES (143, 'None', 'Penicillin', 'None', 'No significant history', '128/81', 161.5, 93.5);
INSERT INTO MedicalHistory (MemberID, ChronicConditions, KnownAllergies, PastSurgeries, FamilyHistory, BloodPressure, Height, Weight) VALUES (144, 'Obesity', 'No known allergies', 'Appendectomy', 'No significant history', '131/74', 170.9, 59.5);
INSERT INTO MedicalHistory (MemberID, ChronicConditions, KnownAllergies, PastSurgeries, FamilyHistory, BloodPressure, Height, Weight) VALUES (145, 'None', 'No known allergies', 'Appendectomy', 'No significant history', '125/79', 152.6, 59.7);
INSERT INTO MedicalHistory (MemberID, ChronicConditions, KnownAllergies, PastSurgeries, FamilyHistory, BloodPressure, Height, Weight) VALUES (146, 'Obesity', 'No known allergies', 'Appendectomy', 'No significant history', '136/88', 154.9, 69.4);
INSERT INTO MedicalHistory (MemberID, ChronicConditions, KnownAllergies, PastSurgeries, FamilyHistory, BloodPressure, Height, Weight) VALUES (147, 'Type 2 Diabetes', 'Latex', 'Tonsillectomy', 'Diabetes in family', '111/78', 155.5, 88.9);
INSERT INTO MedicalHistory (MemberID, ChronicConditions, KnownAllergies, PastSurgeries, FamilyHistory, BloodPressure, Height, Weight) VALUES (148, 'None', 'No known allergies', 'None', 'No significant history', '114/72', 178.5, 52.1);
INSERT INTO MedicalHistory (MemberID, ChronicConditions, KnownAllergies, PastSurgeries, FamilyHistory, BloodPressure, Height, Weight) VALUES (149, 'None', 'Dust mites', 'None', 'No significant history', '139/72', 161.6, 46.6);
INSERT INTO MedicalHistory (MemberID, ChronicConditions, KnownAllergies, PastSurgeries, FamilyHistory, BloodPressure, Height, Weight) VALUES (150, 'Anaemia', 'Dust mites', 'None', 'No significant history', '123/82', 188.7, 49.9);
INSERT INTO MedicalHistory (MemberID, ChronicConditions, KnownAllergies, PastSurgeries, FamilyHistory, BloodPressure, Height, Weight) VALUES (151, 'Migraine', 'Pollen', 'None', 'No significant history', '115/88', 167.4, 88.8);
INSERT INTO MedicalHistory (MemberID, ChronicConditions, KnownAllergies, PastSurgeries, FamilyHistory, BloodPressure, Height, Weight) VALUES (152, 'None', 'No known allergies', 'Appendectomy', 'Hypertension in family', '118/74', 166.7, 55.0);
INSERT INTO MedicalHistory (MemberID, ChronicConditions, KnownAllergies, PastSurgeries, FamilyHistory, BloodPressure, Height, Weight) VALUES (153, 'Migraine', 'Penicillin', 'Tonsillectomy', 'No significant history', '139/90', 168.4, 54.2);
INSERT INTO MedicalHistory (MemberID, ChronicConditions, KnownAllergies, PastSurgeries, FamilyHistory, BloodPressure, Height, Weight) VALUES (154, 'None', 'Latex', 'None', 'Hypertension in family', '126/84', 177.8, 70.2);
INSERT INTO MedicalHistory (MemberID, ChronicConditions, KnownAllergies, PastSurgeries, FamilyHistory, BloodPressure, Height, Weight) VALUES (155, 'None', 'No known allergies', 'Tonsillectomy', 'No significant history', '121/83', 168.7, 93.1);
INSERT INTO MedicalHistory (MemberID, ChronicConditions, KnownAllergies, PastSurgeries, FamilyHistory, BloodPressure, Height, Weight) VALUES (156, 'Obesity', 'No known allergies', 'None', 'Diabetes in family', '140/83', 153.5, 52.0);
INSERT INTO MedicalHistory (MemberID, ChronicConditions, KnownAllergies, PastSurgeries, FamilyHistory, BloodPressure, Height, Weight) VALUES (157, 'Migraine', 'Dust mites', 'None', 'No significant history', '121/74', 174.8, 90.0);
INSERT INTO MedicalHistory (MemberID, ChronicConditions, KnownAllergies, PastSurgeries, FamilyHistory, BloodPressure, Height, Weight) VALUES (158, 'Migraine', 'No known allergies', 'None', 'Hypertension in family', '122/70', 168.5, 83.1);
INSERT INTO MedicalHistory (MemberID, ChronicConditions, KnownAllergies, PastSurgeries, FamilyHistory, BloodPressure, Height, Weight) VALUES (159, 'None', 'No known allergies', 'None', 'Diabetes in family', '111/78', 183.2, 77.5);
INSERT INTO MedicalHistory (MemberID, ChronicConditions, KnownAllergies, PastSurgeries, FamilyHistory, BloodPressure, Height, Weight) VALUES (160, 'Anaemia', 'No known allergies', 'None', 'No significant history', '128/85', 177.6, 88.2);
INSERT INTO MedicalHistory (MemberID, ChronicConditions, KnownAllergies, PastSurgeries, FamilyHistory, BloodPressure, Height, Weight) VALUES (161, 'Hypertension', 'No known allergies', 'None', 'No significant history', '133/71', 178.1, 70.8);
INSERT INTO MedicalHistory (MemberID, ChronicConditions, KnownAllergies, PastSurgeries, FamilyHistory, BloodPressure, Height, Weight) VALUES (162, 'None', 'No known allergies', 'None', 'Hypertension in family', '117/90', 184.1, 60.0);
INSERT INTO MedicalHistory (MemberID, ChronicConditions, KnownAllergies, PastSurgeries, FamilyHistory, BloodPressure, Height, Weight) VALUES (163, 'Migraine', 'No known allergies', 'None', 'No significant history', '129/76', 154.6, 45.0);
INSERT INTO MedicalHistory (MemberID, ChronicConditions, KnownAllergies, PastSurgeries, FamilyHistory, BloodPressure, Height, Weight) VALUES (164, 'None', 'Penicillin', 'None', 'Diabetes in family', '117/76', 154.1, 46.2);
INSERT INTO MedicalHistory (MemberID, ChronicConditions, KnownAllergies, PastSurgeries, FamilyHistory, BloodPressure, Height, Weight) VALUES (165, 'None', 'No known allergies', 'None', 'Diabetes in family', '139/73', 162.0, 69.2);
INSERT INTO MedicalHistory (MemberID, ChronicConditions, KnownAllergies, PastSurgeries, FamilyHistory, BloodPressure, Height, Weight) VALUES (166, 'Asthma', 'Dust mites', 'None', 'No significant history', '136/89', 177.3, 88.0);
INSERT INTO MedicalHistory (MemberID, ChronicConditions, KnownAllergies, PastSurgeries, FamilyHistory, BloodPressure, Height, Weight) VALUES (167, 'None', 'Penicillin', 'None', 'Hypertension in family', '130/70', 157.4, 85.9);
INSERT INTO MedicalHistory (MemberID, ChronicConditions, KnownAllergies, PastSurgeries, FamilyHistory, BloodPressure, Height, Weight) VALUES (168, 'None', 'Dust mites', 'Appendectomy', 'No significant history', '133/87', 158.0, 69.0);
INSERT INTO MedicalHistory (MemberID, ChronicConditions, KnownAllergies, PastSurgeries, FamilyHistory, BloodPressure, Height, Weight) VALUES (169, 'Migraine', 'No known allergies', 'None', 'No significant history', '125/81', 176.7, 64.6);
INSERT INTO MedicalHistory (MemberID, ChronicConditions, KnownAllergies, PastSurgeries, FamilyHistory, BloodPressure, Height, Weight) VALUES (170, 'None', 'Penicillin', 'None', 'No significant history', '136/83', 155.9, 59.2);
INSERT INTO MedicalHistory (MemberID, ChronicConditions, KnownAllergies, PastSurgeries, FamilyHistory, BloodPressure, Height, Weight) VALUES (171, 'Hypertension', 'No known allergies', 'None', 'Diabetes in family', '128/79', 151.4, 77.5);
INSERT INTO MedicalHistory (MemberID, ChronicConditions, KnownAllergies, PastSurgeries, FamilyHistory, BloodPressure, Height, Weight) VALUES (172, 'None', 'No known allergies', 'None', 'Diabetes in family', '139/81', 188.5, 68.4);
INSERT INTO MedicalHistory (MemberID, ChronicConditions, KnownAllergies, PastSurgeries, FamilyHistory, BloodPressure, Height, Weight) VALUES (173, 'None', 'No known allergies', 'Tonsillectomy', 'Diabetes in family', '115/81', 170.0, 88.1);
INSERT INTO MedicalHistory (MemberID, ChronicConditions, KnownAllergies, PastSurgeries, FamilyHistory, BloodPressure, Height, Weight) VALUES (174, 'Hypothyroidism', 'Shellfish', 'None', 'No significant history', '122/86', 152.5, 77.8);
INSERT INTO MedicalHistory (MemberID, ChronicConditions, KnownAllergies, PastSurgeries, FamilyHistory, BloodPressure, Height, Weight) VALUES (175, 'Anaemia', 'No known allergies', 'None', 'No significant history', '120/84', 178.6, 84.3);
INSERT INTO MedicalHistory (MemberID, ChronicConditions, KnownAllergies, PastSurgeries, FamilyHistory, BloodPressure, Height, Weight) VALUES (176, 'Migraine', 'No known allergies', 'Tonsillectomy', 'No significant history', '112/90', 169.3, 93.1);
INSERT INTO MedicalHistory (MemberID, ChronicConditions, KnownAllergies, PastSurgeries, FamilyHistory, BloodPressure, Height, Weight) VALUES (177, 'None', 'No known allergies', 'Appendectomy', 'No significant history', '132/86', 181.0, 71.3);
INSERT INTO MedicalHistory (MemberID, ChronicConditions, KnownAllergies, PastSurgeries, FamilyHistory, BloodPressure, Height, Weight) VALUES (178, 'Asthma', 'No known allergies', 'Tonsillectomy', 'No significant history', '140/88', 163.9, 75.9);
INSERT INTO MedicalHistory (MemberID, ChronicConditions, KnownAllergies, PastSurgeries, FamilyHistory, BloodPressure, Height, Weight) VALUES (179, 'GERD', 'Penicillin', 'None', 'Diabetes in family', '137/75', 159.3, 78.3);
INSERT INTO MedicalHistory (MemberID, ChronicConditions, KnownAllergies, PastSurgeries, FamilyHistory, BloodPressure, Height, Weight) VALUES (180, 'Obesity', 'No known allergies', 'None', 'No significant history', '134/77', 189.3, 85.4);
INSERT INTO MedicalHistory (MemberID, ChronicConditions, KnownAllergies, PastSurgeries, FamilyHistory, BloodPressure, Height, Weight) VALUES (181, 'None', 'Dust mites', 'None', 'Hypertension in family', '133/82', 180.2, 66.0);
INSERT INTO MedicalHistory (MemberID, ChronicConditions, KnownAllergies, PastSurgeries, FamilyHistory, BloodPressure, Height, Weight) VALUES (182, 'Hypertension', 'No known allergies', 'None', 'No significant history', '113/71', 183.9, 48.6);
INSERT INTO MedicalHistory (MemberID, ChronicConditions, KnownAllergies, PastSurgeries, FamilyHistory, BloodPressure, Height, Weight) VALUES (183, 'None', 'Shellfish', 'None', 'Diabetes in family', '139/75', 162.8, 79.9);
INSERT INTO MedicalHistory (MemberID, ChronicConditions, KnownAllergies, PastSurgeries, FamilyHistory, BloodPressure, Height, Weight) VALUES (184, 'GERD', 'Sulfa drugs', 'None', 'No significant history', '127/76', 157.8, 69.6);
INSERT INTO MedicalHistory (MemberID, ChronicConditions, KnownAllergies, PastSurgeries, FamilyHistory, BloodPressure, Height, Weight) VALUES (185, 'None', 'Pollen', 'Appendectomy', 'Hypertension in family', '133/75', 167.4, 71.4);
INSERT INTO MedicalHistory (MemberID, ChronicConditions, KnownAllergies, PastSurgeries, FamilyHistory, BloodPressure, Height, Weight) VALUES (186, 'None', 'Dust mites', 'None', 'No significant history', '110/90', 188.4, 49.8);
INSERT INTO MedicalHistory (MemberID, ChronicConditions, KnownAllergies, PastSurgeries, FamilyHistory, BloodPressure, Height, Weight) VALUES (187, 'Type 2 Diabetes', 'Sulfa drugs', 'None', 'No significant history', '134/83', 172.7, 88.2);
INSERT INTO MedicalHistory (MemberID, ChronicConditions, KnownAllergies, PastSurgeries, FamilyHistory, BloodPressure, Height, Weight) VALUES (188, 'Anaemia', 'Sulfa drugs', 'None', 'No significant history', '125/76', 183.3, 73.5);
INSERT INTO MedicalHistory (MemberID, ChronicConditions, KnownAllergies, PastSurgeries, FamilyHistory, BloodPressure, Height, Weight) VALUES (189, 'Obesity', 'No known allergies', 'Tonsillectomy', 'No significant history', '129/87', 184.1, 85.1);
INSERT INTO MedicalHistory (MemberID, ChronicConditions, KnownAllergies, PastSurgeries, FamilyHistory, BloodPressure, Height, Weight) VALUES (190, 'Obesity', 'Latex', 'None', 'No significant history', '137/72', 172.8, 51.4);
INSERT INTO MedicalHistory (MemberID, ChronicConditions, KnownAllergies, PastSurgeries, FamilyHistory, BloodPressure, Height, Weight) VALUES (191, 'None', 'Pollen', 'None', 'Diabetes in family', '125/77', 152.1, 72.0);
INSERT INTO MedicalHistory (MemberID, ChronicConditions, KnownAllergies, PastSurgeries, FamilyHistory, BloodPressure, Height, Weight) VALUES (192, 'Type 2 Diabetes', 'Dust mites', 'Tonsillectomy', 'No significant history', '122/81', 152.7, 88.6);
INSERT INTO MedicalHistory (MemberID, ChronicConditions, KnownAllergies, PastSurgeries, FamilyHistory, BloodPressure, Height, Weight) VALUES (193, 'Migraine', 'Penicillin', 'None', 'No significant history', '117/86', 187.3, 70.0);
INSERT INTO MedicalHistory (MemberID, ChronicConditions, KnownAllergies, PastSurgeries, FamilyHistory, BloodPressure, Height, Weight) VALUES (194, 'GERD', 'No known allergies', 'None', 'No significant history', '132/73', 173.3, 91.8);
INSERT INTO MedicalHistory (MemberID, ChronicConditions, KnownAllergies, PastSurgeries, FamilyHistory, BloodPressure, Height, Weight) VALUES (195, 'Migraine', 'No known allergies', 'None', 'Diabetes in family', '120/83', 160.4, 61.7);
INSERT INTO MedicalHistory (MemberID, ChronicConditions, KnownAllergies, PastSurgeries, FamilyHistory, BloodPressure, Height, Weight) VALUES (196, 'None', 'No known allergies', 'Appendectomy', 'Hypertension in family', '127/80', 187.0, 78.2);
INSERT INTO MedicalHistory (MemberID, ChronicConditions, KnownAllergies, PastSurgeries, FamilyHistory, BloodPressure, Height, Weight) VALUES (197, 'Type 2 Diabetes', 'Dust mites', 'None', 'Diabetes in family', '135/88', 186.2, 80.2);
INSERT INTO MedicalHistory (MemberID, ChronicConditions, KnownAllergies, PastSurgeries, FamilyHistory, BloodPressure, Height, Weight) VALUES (198, 'None', 'No known allergies', 'Tonsillectomy', 'Diabetes in family', '140/83', 173.9, 75.6);
INSERT INTO MedicalHistory (MemberID, ChronicConditions, KnownAllergies, PastSurgeries, FamilyHistory, BloodPressure, Height, Weight) VALUES (199, 'Hypertension', 'No known allergies', 'None', 'Hypertension in family', '118/71', 154.2, 69.8);
INSERT INTO MedicalHistory (MemberID, ChronicConditions, KnownAllergies, PastSurgeries, FamilyHistory, BloodPressure, Height, Weight) VALUES (200, 'Hypothyroidism', 'No known allergies', 'Tonsillectomy', 'No significant history', '125/79', 181.3, 88.8);
INSERT INTO MedicalHistory (MemberID, ChronicConditions, KnownAllergies, PastSurgeries, FamilyHistory, BloodPressure, Height, Weight) VALUES (201, 'Hypothyroidism', 'No known allergies', 'None', 'Diabetes in family', '134/76', 171.4, 88.0);
INSERT INTO MedicalHistory (MemberID, ChronicConditions, KnownAllergies, PastSurgeries, FamilyHistory, BloodPressure, Height, Weight) VALUES (202, 'None', 'No known allergies', 'None', 'Diabetes in family', '127/85', 152.1, 83.3);
INSERT INTO MedicalHistory (MemberID, ChronicConditions, KnownAllergies, PastSurgeries, FamilyHistory, BloodPressure, Height, Weight) VALUES (203, 'None', 'Sulfa drugs', 'None', 'No significant history', '127/74', 154.6, 50.9);
INSERT INTO MedicalHistory (MemberID, ChronicConditions, KnownAllergies, PastSurgeries, FamilyHistory, BloodPressure, Height, Weight) VALUES (204, 'None', 'Shellfish', 'Tonsillectomy', 'Hypertension in family', '120/83', 186.7, 56.9);
INSERT INTO MedicalHistory (MemberID, ChronicConditions, KnownAllergies, PastSurgeries, FamilyHistory, BloodPressure, Height, Weight) VALUES (205, 'Hypertension', 'No known allergies', 'None', 'Hypertension in family', '123/87', 172.7, 94.5);
INSERT INTO MedicalHistory (MemberID, ChronicConditions, KnownAllergies, PastSurgeries, FamilyHistory, BloodPressure, Height, Weight) VALUES (206, 'Type 2 Diabetes', 'No known allergies', 'Appendectomy', 'Diabetes in family', '112/71', 155.1, 54.0);
INSERT INTO MedicalHistory (MemberID, ChronicConditions, KnownAllergies, PastSurgeries, FamilyHistory, BloodPressure, Height, Weight) VALUES (207, 'Type 2 Diabetes', 'Shellfish', 'Tonsillectomy', 'No significant history', '130/77', 189.9, 51.5);
INSERT INTO MedicalHistory (MemberID, ChronicConditions, KnownAllergies, PastSurgeries, FamilyHistory, BloodPressure, Height, Weight) VALUES (208, 'GERD', 'No known allergies', 'None', 'Diabetes in family', '131/72', 153.1, 91.9);
INSERT INTO MedicalHistory (MemberID, ChronicConditions, KnownAllergies, PastSurgeries, FamilyHistory, BloodPressure, Height, Weight) VALUES (209, 'Hypothyroidism', 'No known allergies', 'None', 'No significant history', '138/77', 167.7, 60.1);
INSERT INTO MedicalHistory (MemberID, ChronicConditions, KnownAllergies, PastSurgeries, FamilyHistory, BloodPressure, Height, Weight) VALUES (210, 'Anaemia', 'No known allergies', 'Tonsillectomy', 'Hypertension in family', '126/78', 162.8, 72.1);
INSERT INTO MedicalHistory (MemberID, ChronicConditions, KnownAllergies, PastSurgeries, FamilyHistory, BloodPressure, Height, Weight) VALUES (211, 'Hypertension', 'No known allergies', 'Tonsillectomy', 'No significant history', '132/89', 169.4, 48.9);
INSERT INTO MedicalHistory (MemberID, ChronicConditions, KnownAllergies, PastSurgeries, FamilyHistory, BloodPressure, Height, Weight) VALUES (212, 'Asthma', 'No known allergies', 'Appendectomy', 'No significant history', '133/87', 158.4, 63.6);
INSERT INTO MedicalHistory (MemberID, ChronicConditions, KnownAllergies, PastSurgeries, FamilyHistory, BloodPressure, Height, Weight) VALUES (213, 'None', 'Sulfa drugs', 'None', 'Hypertension in family', '132/84', 176.0, 67.7);
INSERT INTO MedicalHistory (MemberID, ChronicConditions, KnownAllergies, PastSurgeries, FamilyHistory, BloodPressure, Height, Weight) VALUES (214, 'Hypertension', 'No known allergies', 'None', 'Diabetes in family', '118/78', 173.5, 60.0);
INSERT INTO MedicalHistory (MemberID, ChronicConditions, KnownAllergies, PastSurgeries, FamilyHistory, BloodPressure, Height, Weight) VALUES (215, 'Hypertension', 'No known allergies', 'Tonsillectomy', 'No significant history', '122/85', 150.8, 64.1);
INSERT INTO MedicalHistory (MemberID, ChronicConditions, KnownAllergies, PastSurgeries, FamilyHistory, BloodPressure, Height, Weight) VALUES (216, 'Obesity', 'No known allergies', 'Appendectomy', 'Hypertension in family', '122/75', 176.4, 71.6);
INSERT INTO MedicalHistory (MemberID, ChronicConditions, KnownAllergies, PastSurgeries, FamilyHistory, BloodPressure, Height, Weight) VALUES (217, 'None', 'Pollen', 'None', 'No significant history', '134/81', 187.5, 90.5);
INSERT INTO MedicalHistory (MemberID, ChronicConditions, KnownAllergies, PastSurgeries, FamilyHistory, BloodPressure, Height, Weight) VALUES (218, 'None', 'Shellfish', 'Tonsillectomy', 'No significant history', '116/70', 163.6, 86.5);
INSERT INTO MedicalHistory (MemberID, ChronicConditions, KnownAllergies, PastSurgeries, FamilyHistory, BloodPressure, Height, Weight) VALUES (219, 'GERD', 'Latex', 'None', 'Diabetes in family', '135/73', 172.1, 92.6);
INSERT INTO MedicalHistory (MemberID, ChronicConditions, KnownAllergies, PastSurgeries, FamilyHistory, BloodPressure, Height, Weight) VALUES (220, 'None', 'Pollen', 'None', 'No significant history', '123/88', 178.8, 83.5);
INSERT INTO MedicalHistory (MemberID, ChronicConditions, KnownAllergies, PastSurgeries, FamilyHistory, BloodPressure, Height, Weight) VALUES (221, 'Migraine', 'Sulfa drugs', 'None', 'No significant history', '133/77', 155.3, 45.8);
INSERT INTO MedicalHistory (MemberID, ChronicConditions, KnownAllergies, PastSurgeries, FamilyHistory, BloodPressure, Height, Weight) VALUES (222, 'None', 'No known allergies', 'Tonsillectomy', 'Diabetes in family', '117/87', 161.8, 73.6);
INSERT INTO MedicalHistory (MemberID, ChronicConditions, KnownAllergies, PastSurgeries, FamilyHistory, BloodPressure, Height, Weight) VALUES (223, 'Type 2 Diabetes', 'No known allergies', 'Tonsillectomy', 'No significant history', '118/78', 181.3, 85.5);
INSERT INTO MedicalHistory (MemberID, ChronicConditions, KnownAllergies, PastSurgeries, FamilyHistory, BloodPressure, Height, Weight) VALUES (224, 'None', 'No known allergies', 'None', 'No significant history', '128/80', 183.4, 87.4);
INSERT INTO MedicalHistory (MemberID, ChronicConditions, KnownAllergies, PastSurgeries, FamilyHistory, BloodPressure, Height, Weight) VALUES (225, 'Obesity', 'No known allergies', 'None', 'No significant history', '110/84', 151.5, 62.9);
INSERT INTO MedicalHistory (MemberID, ChronicConditions, KnownAllergies, PastSurgeries, FamilyHistory, BloodPressure, Height, Weight) VALUES (226, 'None', 'No known allergies', 'Appendectomy', 'No significant history', '111/88', 187.6, 58.8);
INSERT INTO MedicalHistory (MemberID, ChronicConditions, KnownAllergies, PastSurgeries, FamilyHistory, BloodPressure, Height, Weight) VALUES (227, 'None', 'No known allergies', 'Tonsillectomy', 'Diabetes in family', '124/75', 160.3, 84.3);
INSERT INTO MedicalHistory (MemberID, ChronicConditions, KnownAllergies, PastSurgeries, FamilyHistory, BloodPressure, Height, Weight) VALUES (228, 'Migraine', 'No known allergies', 'Appendectomy', 'Hypertension in family', '130/75', 155.9, 75.9);
INSERT INTO MedicalHistory (MemberID, ChronicConditions, KnownAllergies, PastSurgeries, FamilyHistory, BloodPressure, Height, Weight) VALUES (229, 'Type 2 Diabetes', 'Dust mites', 'None', 'Diabetes in family', '115/86', 184.4, 74.0);
INSERT INTO MedicalHistory (MemberID, ChronicConditions, KnownAllergies, PastSurgeries, FamilyHistory, BloodPressure, Height, Weight) VALUES (230, 'Type 2 Diabetes', 'No known allergies', 'None', 'Hypertension in family', '111/78', 189.0, 45.8);
INSERT INTO MedicalHistory (MemberID, ChronicConditions, KnownAllergies, PastSurgeries, FamilyHistory, BloodPressure, Height, Weight) VALUES (231, 'None', 'Shellfish', 'None', 'Diabetes in family', '129/77', 164.0, 48.9);
INSERT INTO MedicalHistory (MemberID, ChronicConditions, KnownAllergies, PastSurgeries, FamilyHistory, BloodPressure, Height, Weight) VALUES (232, 'Obesity', 'Penicillin', 'None', 'Diabetes in family', '117/76', 163.0, 63.6);
INSERT INTO MedicalHistory (MemberID, ChronicConditions, KnownAllergies, PastSurgeries, FamilyHistory, BloodPressure, Height, Weight) VALUES (233, 'None', 'No known allergies', 'None', 'Diabetes in family', '130/83', 185.0, 52.2);
INSERT INTO MedicalHistory (MemberID, ChronicConditions, KnownAllergies, PastSurgeries, FamilyHistory, BloodPressure, Height, Weight) VALUES (234, 'Anaemia', 'No known allergies', 'Tonsillectomy', 'No significant history', '123/90', 165.0, 92.1);
INSERT INTO MedicalHistory (MemberID, ChronicConditions, KnownAllergies, PastSurgeries, FamilyHistory, BloodPressure, Height, Weight) VALUES (235, 'Migraine', 'No known allergies', 'None', 'Hypertension in family', '121/71', 161.6, 52.5);
INSERT INTO MedicalHistory (MemberID, ChronicConditions, KnownAllergies, PastSurgeries, FamilyHistory, BloodPressure, Height, Weight) VALUES (236, 'None', 'No known allergies', 'None', 'No significant history', '116/80', 170.4, 84.0);
INSERT INTO MedicalHistory (MemberID, ChronicConditions, KnownAllergies, PastSurgeries, FamilyHistory, BloodPressure, Height, Weight) VALUES (237, 'None', 'No known allergies', 'None', 'No significant history', '140/76', 165.2, 74.1);
INSERT INTO MedicalHistory (MemberID, ChronicConditions, KnownAllergies, PastSurgeries, FamilyHistory, BloodPressure, Height, Weight) VALUES (238, 'None', 'No known allergies', 'Appendectomy', 'No significant history', '134/90', 153.1, 48.9);
INSERT INTO MedicalHistory (MemberID, ChronicConditions, KnownAllergies, PastSurgeries, FamilyHistory, BloodPressure, Height, Weight) VALUES (239, 'Hypothyroidism', 'No known allergies', 'None', 'No significant history', '130/87', 179.4, 71.9);
INSERT INTO MedicalHistory (MemberID, ChronicConditions, KnownAllergies, PastSurgeries, FamilyHistory, BloodPressure, Height, Weight) VALUES (240, 'Hypertension', 'No known allergies', 'None', 'No significant history', '125/86', 170.8, 60.8);
INSERT INTO MedicalHistory (MemberID, ChronicConditions, KnownAllergies, PastSurgeries, FamilyHistory, BloodPressure, Height, Weight) VALUES (241, 'Hypothyroidism', 'No known allergies', 'Tonsillectomy', 'Hypertension in family', '120/77', 182.0, 93.9);
INSERT INTO MedicalHistory (MemberID, ChronicConditions, KnownAllergies, PastSurgeries, FamilyHistory, BloodPressure, Height, Weight) VALUES (242, 'Hypothyroidism', 'No known allergies', 'Tonsillectomy', 'Diabetes in family', '132/77', 167.8, 92.9);
INSERT INTO MedicalHistory (MemberID, ChronicConditions, KnownAllergies, PastSurgeries, FamilyHistory, BloodPressure, Height, Weight) VALUES (243, 'GERD', 'Shellfish', 'None', 'No significant history', '127/86', 153.1, 63.1);
INSERT INTO MedicalHistory (MemberID, ChronicConditions, KnownAllergies, PastSurgeries, FamilyHistory, BloodPressure, Height, Weight) VALUES (244, 'Obesity', 'No known allergies', 'Appendectomy', 'No significant history', '135/83', 159.2, 86.4);
INSERT INTO MedicalHistory (MemberID, ChronicConditions, KnownAllergies, PastSurgeries, FamilyHistory, BloodPressure, Height, Weight) VALUES (245, 'Asthma', 'No known allergies', 'Appendectomy', 'No significant history', '131/88', 176.6, 75.3);
INSERT INTO MedicalHistory (MemberID, ChronicConditions, KnownAllergies, PastSurgeries, FamilyHistory, BloodPressure, Height, Weight) VALUES (246, 'None', 'Pollen', 'Tonsillectomy', 'No significant history', '113/72', 166.3, 70.3);
INSERT INTO MedicalHistory (MemberID, ChronicConditions, KnownAllergies, PastSurgeries, FamilyHistory, BloodPressure, Height, Weight) VALUES (247, 'Asthma', 'No known allergies', 'None', 'Hypertension in family', '138/75', 185.1, 45.8);
INSERT INTO MedicalHistory (MemberID, ChronicConditions, KnownAllergies, PastSurgeries, FamilyHistory, BloodPressure, Height, Weight) VALUES (248, 'Hypertension', 'Latex', 'Tonsillectomy', 'No significant history', '132/85', 179.7, 51.3);
INSERT INTO MedicalHistory (MemberID, ChronicConditions, KnownAllergies, PastSurgeries, FamilyHistory, BloodPressure, Height, Weight) VALUES (249, 'Type 2 Diabetes', 'Latex', 'None', 'Hypertension in family', '112/74', 170.6, 71.5);
INSERT INTO MedicalHistory (MemberID, ChronicConditions, KnownAllergies, PastSurgeries, FamilyHistory, BloodPressure, Height, Weight) VALUES (250, 'GERD', 'Latex', 'Tonsillectomy', 'Hypertension in family', '122/87', 159.7, 59.7);
INSERT INTO MedicalHistory (MemberID, ChronicConditions, KnownAllergies, PastSurgeries, FamilyHistory, BloodPressure, Height, Weight) VALUES (251, 'Anaemia', 'Shellfish', 'None', 'No significant history', '129/73', 189.8, 47.3);
INSERT INTO MedicalHistory (MemberID, ChronicConditions, KnownAllergies, PastSurgeries, FamilyHistory, BloodPressure, Height, Weight) VALUES (252, 'None', 'Shellfish', 'None', 'No significant history', '130/84', 179.6, 66.8);
INSERT INTO MedicalHistory (MemberID, ChronicConditions, KnownAllergies, PastSurgeries, FamilyHistory, BloodPressure, Height, Weight) VALUES (253, 'None', 'No known allergies', 'None', 'Hypertension in family', '133/75', 178.9, 74.5);
INSERT INTO MedicalHistory (MemberID, ChronicConditions, KnownAllergies, PastSurgeries, FamilyHistory, BloodPressure, Height, Weight) VALUES (254, 'None', 'No known allergies', 'None', 'Hypertension in family', '138/70', 173.7, 63.5);
INSERT INTO MedicalHistory (MemberID, ChronicConditions, KnownAllergies, PastSurgeries, FamilyHistory, BloodPressure, Height, Weight) VALUES (255, 'None', 'No known allergies', 'None', 'No significant history', '124/75', 170.3, 74.4);
INSERT INTO MedicalHistory (MemberID, ChronicConditions, KnownAllergies, PastSurgeries, FamilyHistory, BloodPressure, Height, Weight) VALUES (256, 'None', 'Penicillin', 'Appendectomy', 'No significant history', '125/80', 151.9, 70.9);
INSERT INTO MedicalHistory (MemberID, ChronicConditions, KnownAllergies, PastSurgeries, FamilyHistory, BloodPressure, Height, Weight) VALUES (257, 'None', 'No known allergies', 'None', 'No significant history', '119/80', 165.4, 82.9);
INSERT INTO MedicalHistory (MemberID, ChronicConditions, KnownAllergies, PastSurgeries, FamilyHistory, BloodPressure, Height, Weight) VALUES (258, 'Asthma', 'No known allergies', 'None', 'Hypertension in family', '123/86', 161.1, 89.0);
INSERT INTO MedicalHistory (MemberID, ChronicConditions, KnownAllergies, PastSurgeries, FamilyHistory, BloodPressure, Height, Weight) VALUES (259, 'Anaemia', 'Penicillin', 'Tonsillectomy', 'No significant history', '115/73', 161.5, 69.3);
INSERT INTO MedicalHistory (MemberID, ChronicConditions, KnownAllergies, PastSurgeries, FamilyHistory, BloodPressure, Height, Weight) VALUES (260, 'Hypothyroidism', 'Sulfa drugs', 'Tonsillectomy', 'No significant history', '129/73', 187.0, 78.3);

-- Appointments, Visits, Prescriptions, Billing
INSERT INTO Appointment (MemberID, DoctorID, AppointmentDate, AppointmentTime, Symptoms, Status, Priority, TokenNumber) VALUES (1, 10, '2025-06-08', '11:00:00', 'Acid reflux', 'Completed', 'Urgent', 238);
INSERT INTO Visit (MemberID, DoctorID, AppointmentID, VisitDate, VisitTime, ChiefComplaint, Diagnosis, VitalSigns, TreatmentNotes, FollowUpRequired, FollowUpDate, VisitType, Status) VALUES (1, 10, 11, '2025-06-08', '12:05:00', 'Acid reflux', 'Insomnia', '{"bp":"136/70","temp":99.0}', 'Advised rest, medication prescribed', FALSE, NULL, 'Scheduled', 'Completed');
INSERT INTO Prescription (VisitID, MemberID, DoctorID, IssueDate, ValidUntil, Diagnosis, SpecialInstructions, Status) VALUES (1, 1, 10, '2025-06-08', '2025-06-18', 'Insomnia', 'Take medicines after meals', 'Active');
INSERT INTO PrescriptionItem (PrescriptionID, MedicineID, Dosage, Frequency, Duration, Quantity) VALUES (1, 28, '250mg', 'As needed', '7 days', 4);
INSERT INTO PrescriptionItem (PrescriptionID, MedicineID, Dosage, Frequency, Duration, Quantity) VALUES (1, 29, '400mg', 'Once daily', '10 days', 9);
INSERT INTO PrescriptionItem (PrescriptionID, MedicineID, Dosage, Frequency, Duration, Quantity) VALUES (1, 34, '5mg', 'Thrice daily', '3 days', 5);
INSERT INTO BillPayment (VisitID, BillDate, BillTime, ConsultationFee, MedicineCost, LabTestCost, OtherCharges, SubTotal, DiscountAmount, TaxAmount, TotalAmount, PaymentMethod, PaymentStatus, PaidAmount, BalanceAmount, BilledBy) VALUES (1, '2025-06-08', '14:00:00', 100, 224.86, 0.00, 0.00, 324.86, 0.0, 0.0, 324.86, 'Cash', 'Paid', 324.86, 0.00, 2);
INSERT INTO Appointment (MemberID, DoctorID, AppointmentDate, AppointmentTime, Symptoms, Status, Priority, TokenNumber) VALUES (1, 48, '2026-03-28', '14:15:00', 'Fatigue', 'Scheduled', 'Normal', 216);
INSERT INTO Appointment (MemberID, DoctorID, AppointmentDate, AppointmentTime, Symptoms, Status, Priority, TokenNumber) VALUES (2, 41, '2026-06-13', '10:30:00', 'Cold and cough', 'Scheduled', 'Normal', 280);
INSERT INTO Appointment (MemberID, DoctorID, AppointmentDate, AppointmentTime, Symptoms, Status, Priority, TokenNumber) VALUES (2, 51, '2025-12-10', '09:00:00', 'Dizziness', 'Completed', 'Normal', 196);
INSERT INTO Visit (MemberID, DoctorID, AppointmentID, VisitDate, VisitTime, ChiefComplaint, Diagnosis, VitalSigns, TreatmentNotes, FollowUpRequired, FollowUpDate, VisitType, Status) VALUES (2, 51, 14, '2025-12-10', '12:20:00', 'Dizziness', 'Vertigo', '{"bp":"125/75","temp":101.0}', 'Advised rest, medication prescribed', FALSE, NULL, 'Scheduled', 'Completed');
INSERT INTO Prescription (VisitID, MemberID, DoctorID, IssueDate, ValidUntil, Diagnosis, SpecialInstructions, Status) VALUES (2, 2, 51, '2025-12-10', '2025-12-20', 'Vertigo', 'Take medicines after meals', 'Active');
INSERT INTO PrescriptionItem (PrescriptionID, MedicineID, Dosage, Frequency, Duration, Quantity) VALUES (2, 9, '20mg', 'Twice daily', '3 days', 9);
INSERT INTO PrescriptionItem (PrescriptionID, MedicineID, Dosage, Frequency, Duration, Quantity) VALUES (2, 13, '500mg', 'As needed', '5 days', 14);
INSERT INTO PrescriptionItem (PrescriptionID, MedicineID, Dosage, Frequency, Duration, Quantity) VALUES (2, 6, '250mg', 'Once daily', '10 days', 14);
INSERT INTO BillPayment (VisitID, BillDate, BillTime, ConsultationFee, MedicineCost, LabTestCost, OtherCharges, SubTotal, DiscountAmount, TaxAmount, TotalAmount, PaymentMethod, PaymentStatus, PaidAmount, BalanceAmount, BilledBy) VALUES (2, '2025-12-10', '14:45:00', 100, 191.75, 0.00, 0.00, 291.75, 0.0, 0.0, 291.75, 'UPI', 'Paid', 291.75, 0.00, 2);
INSERT INTO Appointment (MemberID, DoctorID, AppointmentDate, AppointmentTime, Symptoms, Status, Priority, TokenNumber) VALUES (3, 34, '2026-03-18', '11:30:00', 'Dizziness', 'Scheduled', 'Urgent', 271);
INSERT INTO Appointment (MemberID, DoctorID, AppointmentDate, AppointmentTime, Symptoms, Status, Priority, TokenNumber) VALUES (3, 32, '2025-04-29', '15:30:00', 'Insomnia', 'Completed', 'Normal', 124);
INSERT INTO Visit (MemberID, DoctorID, AppointmentID, VisitDate, VisitTime, ChiefComplaint, Diagnosis, VitalSigns, TreatmentNotes, FollowUpRequired, FollowUpDate, VisitType, Status) VALUES (3, 32, 16, '2025-04-29', '10:20:00', 'Insomnia', 'Vertigo', '{"bp":"124/80","temp":98.4}', 'Advised rest, medication prescribed', FALSE, NULL, 'Scheduled', 'Completed');
INSERT INTO Prescription (VisitID, MemberID, DoctorID, IssueDate, ValidUntil, Diagnosis, SpecialInstructions, Status) VALUES (3, 3, 32, '2025-04-29', '2025-05-09', 'Vertigo', 'Take medicines after meals', 'Active');
INSERT INTO PrescriptionItem (PrescriptionID, MedicineID, Dosage, Frequency, Duration, Quantity) VALUES (3, 8, '10mg', 'Once daily', '7 days', 14);
INSERT INTO PrescriptionItem (PrescriptionID, MedicineID, Dosage, Frequency, Duration, Quantity) VALUES (3, 12, '5mg', 'Twice daily', '10 days', 15);
INSERT INTO PrescriptionItem (PrescriptionID, MedicineID, Dosage, Frequency, Duration, Quantity) VALUES (3, 30, '5mg', 'As needed', '5 days', 3);
INSERT INTO BillPayment (VisitID, BillDate, BillTime, ConsultationFee, MedicineCost, LabTestCost, OtherCharges, SubTotal, DiscountAmount, TaxAmount, TotalAmount, PaymentMethod, PaymentStatus, PaidAmount, BalanceAmount, BilledBy) VALUES (3, '2025-04-29', '15:00:00', 100, 95.02, 0.00, 0.00, 195.02, 0.0, 0.0, 195.02, 'UPI', 'Paid', 195.02, 0.00, 2);
INSERT INTO Appointment (MemberID, DoctorID, AppointmentDate, AppointmentTime, Symptoms, Status, Priority, TokenNumber) VALUES (4, 36, '2026-04-21', '14:45:00', 'Skin rash', 'Scheduled', 'Urgent', 208);
INSERT INTO Appointment (MemberID, DoctorID, AppointmentDate, AppointmentTime, Symptoms, Status, Priority, TokenNumber) VALUES (4, 26, '2026-02-18', '13:45:00', 'Joint pain', 'Completed', 'Normal', 262);
INSERT INTO Visit (MemberID, DoctorID, AppointmentID, VisitDate, VisitTime, ChiefComplaint, Diagnosis, VitalSigns, TreatmentNotes, FollowUpRequired, FollowUpDate, VisitType, Status) VALUES (4, 26, 18, '2026-02-18', '13:35:00', 'Joint pain', 'Common cold', '{"bp":"128/75","temp":99.9}', 'Advised rest, medication prescribed', FALSE, NULL, 'Scheduled', 'Completed');
INSERT INTO Prescription (VisitID, MemberID, DoctorID, IssueDate, ValidUntil, Diagnosis, SpecialInstructions, Status) VALUES (4, 4, 26, '2026-02-18', '2026-02-28', 'Common cold', 'Take medicines after meals', 'Active');
INSERT INTO PrescriptionItem (PrescriptionID, MedicineID, Dosage, Frequency, Duration, Quantity) VALUES (4, 22, '20mg', 'Once daily', '3 days', 15);
INSERT INTO PrescriptionItem (PrescriptionID, MedicineID, Dosage, Frequency, Duration, Quantity) VALUES (4, 9, '5mg', 'Once daily', '7 days', 8);
INSERT INTO BillPayment (VisitID, BillDate, BillTime, ConsultationFee, MedicineCost, LabTestCost, OtherCharges, SubTotal, DiscountAmount, TaxAmount, TotalAmount, PaymentMethod, PaymentStatus, PaidAmount, BalanceAmount, BilledBy) VALUES (4, '2026-02-18', '17:15:00', 200, 37.77, 0.00, 0.00, 237.77, 0.0, 0.0, 237.77, 'Cash', 'Paid', 237.77, 0.00, 2);
INSERT INTO Appointment (MemberID, DoctorID, AppointmentDate, AppointmentTime, Symptoms, Status, Priority, TokenNumber) VALUES (5, 24, '2025-12-27', '15:15:00', 'Knee pain', 'Completed', 'Urgent', 195);
INSERT INTO Visit (MemberID, DoctorID, AppointmentID, VisitDate, VisitTime, ChiefComplaint, Diagnosis, VitalSigns, TreatmentNotes, FollowUpRequired, FollowUpDate, VisitType, Status) VALUES (5, 24, 19, '2025-12-27', '15:10:00', 'Knee pain', 'Hypertension', '{"bp":"117/70","temp":97.2}', 'Advised rest, medication prescribed', FALSE, NULL, 'Scheduled', 'Completed');
INSERT INTO Prescription (VisitID, MemberID, DoctorID, IssueDate, ValidUntil, Diagnosis, SpecialInstructions, Status) VALUES (5, 5, 24, '2025-12-27', '2026-01-06', 'Hypertension', 'Take medicines after meals', 'Active');
INSERT INTO PrescriptionItem (PrescriptionID, MedicineID, Dosage, Frequency, Duration, Quantity) VALUES (5, 34, '20mg', 'As needed', '10 days', 3);
INSERT INTO PrescriptionItem (PrescriptionID, MedicineID, Dosage, Frequency, Duration, Quantity) VALUES (5, 7, '250mg', 'Thrice daily', '7 days', 3);
INSERT INTO BillPayment (VisitID, BillDate, BillTime, ConsultationFee, MedicineCost, LabTestCost, OtherCharges, SubTotal, DiscountAmount, TaxAmount, TotalAmount, PaymentMethod, PaymentStatus, PaidAmount, BalanceAmount, BilledBy) VALUES (5, '2025-12-27', '09:30:00', 50, 196.84, 0.00, 0.00, 246.84, 0.0, 0.0, 246.84, 'UPI', 'Paid', 246.84, 0.00, 2);
INSERT INTO Appointment (MemberID, DoctorID, AppointmentDate, AppointmentTime, Symptoms, Status, Priority, TokenNumber) VALUES (5, 48, '2025-09-05', '15:15:00', 'Joint pain', 'Completed', 'Urgent', 121);
INSERT INTO Visit (MemberID, DoctorID, AppointmentID, VisitDate, VisitTime, ChiefComplaint, Diagnosis, VitalSigns, TreatmentNotes, FollowUpRequired, FollowUpDate, VisitType, Status) VALUES (5, 48, 20, '2025-09-05', '10:35:00', 'Joint pain', 'Tension headache', '{"bp":"136/87","temp":100.3}', 'Advised rest, medication prescribed', TRUE, '2026-04-17', 'Scheduled', 'Completed');
INSERT INTO Prescription (VisitID, MemberID, DoctorID, IssueDate, ValidUntil, Diagnosis, SpecialInstructions, Status) VALUES (6, 5, 48, '2025-09-05', '2025-09-15', 'Tension headache', 'Take medicines after meals', 'Active');
INSERT INTO PrescriptionItem (PrescriptionID, MedicineID, Dosage, Frequency, Duration, Quantity) VALUES (6, 7, '250mg', 'Thrice daily', '7 days', 9);
INSERT INTO PrescriptionItem (PrescriptionID, MedicineID, Dosage, Frequency, Duration, Quantity) VALUES (6, 26, '20mg', 'Once daily', '7 days', 7);
INSERT INTO BillPayment (VisitID, BillDate, BillTime, ConsultationFee, MedicineCost, LabTestCost, OtherCharges, SubTotal, DiscountAmount, TaxAmount, TotalAmount, PaymentMethod, PaymentStatus, PaidAmount, BalanceAmount, BilledBy) VALUES (6, '2025-09-05', '16:45:00', 150, 76.75, 0.00, 0.00, 226.75, 0.0, 0.0, 226.75, 'Card', 'Paid', 226.75, 0.00, 2);
INSERT INTO Appointment (MemberID, DoctorID, AppointmentDate, AppointmentTime, Symptoms, Status, Priority, TokenNumber) VALUES (6, 19, '2025-11-24', '15:30:00', 'Allergic reaction', 'Completed', 'Normal', 279);
INSERT INTO Visit (MemberID, DoctorID, AppointmentID, VisitDate, VisitTime, ChiefComplaint, Diagnosis, VitalSigns, TreatmentNotes, FollowUpRequired, FollowUpDate, VisitType, Status) VALUES (6, 19, 21, '2025-11-24', '12:35:00', 'Allergic reaction', 'Insomnia', '{"bp":"133/82","temp":102.2}', 'Advised rest, medication prescribed', TRUE, '2026-04-09', 'Scheduled', 'Completed');
INSERT INTO Prescription (VisitID, MemberID, DoctorID, IssueDate, ValidUntil, Diagnosis, SpecialInstructions, Status) VALUES (7, 6, 19, '2025-11-24', '2025-12-04', 'Insomnia', 'Take medicines after meals', 'Active');
INSERT INTO PrescriptionItem (PrescriptionID, MedicineID, Dosage, Frequency, Duration, Quantity) VALUES (7, 29, '20mg', 'Once daily', '10 days', 15);
INSERT INTO PrescriptionItem (PrescriptionID, MedicineID, Dosage, Frequency, Duration, Quantity) VALUES (7, 15, '250mg', 'As needed', '7 days', 10);
INSERT INTO BillPayment (VisitID, BillDate, BillTime, ConsultationFee, MedicineCost, LabTestCost, OtherCharges, SubTotal, DiscountAmount, TaxAmount, TotalAmount, PaymentMethod, PaymentStatus, PaidAmount, BalanceAmount, BilledBy) VALUES (7, '2025-11-24', '14:15:00', 200, 50.51, 0.00, 0.00, 250.51, 0.0, 0.0, 250.51, 'Card', 'Paid', 250.51, 0.00, 2);
INSERT INTO Appointment (MemberID, DoctorID, AppointmentDate, AppointmentTime, Symptoms, Status, Priority, TokenNumber) VALUES (6, 52, '2026-03-18', '10:00:00', 'Insomnia', 'Scheduled', 'Normal', 225);
INSERT INTO Appointment (MemberID, DoctorID, AppointmentDate, AppointmentTime, Symptoms, Status, Priority, TokenNumber) VALUES (7, 38, '2026-01-04', '15:45:00', 'Fatigue', 'Completed', 'Normal', 245);
INSERT INTO Visit (MemberID, DoctorID, AppointmentID, VisitDate, VisitTime, ChiefComplaint, Diagnosis, VitalSigns, TreatmentNotes, FollowUpRequired, FollowUpDate, VisitType, Status) VALUES (7, 38, 23, '2026-01-04', '09:35:00', 'Fatigue', 'Vertigo', '{"bp":"133/80","temp":101.6}', 'Advised rest, medication prescribed', TRUE, '2026-04-03', 'Scheduled', 'Completed');
INSERT INTO Prescription (VisitID, MemberID, DoctorID, IssueDate, ValidUntil, Diagnosis, SpecialInstructions, Status) VALUES (8, 7, 38, '2026-01-04', '2026-01-14', 'Vertigo', 'Take medicines after meals', 'Active');
INSERT INTO PrescriptionItem (PrescriptionID, MedicineID, Dosage, Frequency, Duration, Quantity) VALUES (8, 21, '500mg', 'Thrice daily', '5 days', 15);
INSERT INTO PrescriptionItem (PrescriptionID, MedicineID, Dosage, Frequency, Duration, Quantity) VALUES (8, 27, '20mg', 'As needed', '10 days', 8);
INSERT INTO BillPayment (VisitID, BillDate, BillTime, ConsultationFee, MedicineCost, LabTestCost, OtherCharges, SubTotal, DiscountAmount, TaxAmount, TotalAmount, PaymentMethod, PaymentStatus, PaidAmount, BalanceAmount, BilledBy) VALUES (8, '2026-01-04', '17:00:00', 50, 110.11, 0.00, 0.00, 160.11, 0.0, 0.0, 160.11, 'Free', 'Paid', 160.11, 0.00, 2);
INSERT INTO Appointment (MemberID, DoctorID, AppointmentDate, AppointmentTime, Symptoms, Status, Priority, TokenNumber) VALUES (7, 7, '2026-02-06', '15:15:00', 'Fever', 'Completed', 'Normal', 291);
INSERT INTO Visit (MemberID, DoctorID, AppointmentID, VisitDate, VisitTime, ChiefComplaint, Diagnosis, VitalSigns, TreatmentNotes, FollowUpRequired, FollowUpDate, VisitType, Status) VALUES (7, 7, 24, '2026-02-06', '11:10:00', 'Fever', 'Pharyngitis', '{"bp":"113/71","temp":101.9}', 'Advised rest, medication prescribed', FALSE, NULL, 'Scheduled', 'Completed');
INSERT INTO Prescription (VisitID, MemberID, DoctorID, IssueDate, ValidUntil, Diagnosis, SpecialInstructions, Status) VALUES (9, 7, 7, '2026-02-06', '2026-02-16', 'Pharyngitis', 'Take medicines after meals', 'Active');
INSERT INTO PrescriptionItem (PrescriptionID, MedicineID, Dosage, Frequency, Duration, Quantity) VALUES (9, 11, '250mg', 'As needed', '10 days', 3);
INSERT INTO PrescriptionItem (PrescriptionID, MedicineID, Dosage, Frequency, Duration, Quantity) VALUES (9, 34, '10mg', 'Once daily', '10 days', 7);
INSERT INTO PrescriptionItem (PrescriptionID, MedicineID, Dosage, Frequency, Duration, Quantity) VALUES (9, 32, '400mg', 'Thrice daily', '7 days', 12);
INSERT INTO BillPayment (VisitID, BillDate, BillTime, ConsultationFee, MedicineCost, LabTestCost, OtherCharges, SubTotal, DiscountAmount, TaxAmount, TotalAmount, PaymentMethod, PaymentStatus, PaidAmount, BalanceAmount, BilledBy) VALUES (9, '2026-02-06', '11:30:00', 100, 177.87, 0.00, 0.00, 277.87, 0.0, 0.0, 277.87, 'UPI', 'Paid', 277.87, 0.00, 2);
INSERT INTO Appointment (MemberID, DoctorID, AppointmentDate, AppointmentTime, Symptoms, Status, Priority, TokenNumber) VALUES (8, 34, '2026-03-18', '14:30:00', 'Allergic reaction', 'Scheduled', 'Normal', 184);
INSERT INTO Appointment (MemberID, DoctorID, AppointmentDate, AppointmentTime, Symptoms, Status, Priority, TokenNumber) VALUES (8, 48, '2026-04-05', '11:45:00', 'Fever', 'Scheduled', 'Normal', 145);
INSERT INTO Appointment (MemberID, DoctorID, AppointmentDate, AppointmentTime, Symptoms, Status, Priority, TokenNumber) VALUES (9, 10, '2026-03-15', '13:15:00', 'Nausea', 'Completed', 'Normal', 237);
INSERT INTO Visit (MemberID, DoctorID, AppointmentID, VisitDate, VisitTime, ChiefComplaint, Diagnosis, VitalSigns, TreatmentNotes, FollowUpRequired, FollowUpDate, VisitType, Status) VALUES (9, 10, 27, '2026-03-15', '14:05:00', 'Nausea', 'Otitis media', '{"bp":"129/75","temp":97.4}', 'Advised rest, medication prescribed', TRUE, '2026-04-08', 'Scheduled', 'Completed');
INSERT INTO Prescription (VisitID, MemberID, DoctorID, IssueDate, ValidUntil, Diagnosis, SpecialInstructions, Status) VALUES (10, 9, 10, '2026-03-15', '2026-03-25', 'Otitis media', 'Take medicines after meals', 'Active');
INSERT INTO PrescriptionItem (PrescriptionID, MedicineID, Dosage, Frequency, Duration, Quantity) VALUES (10, 23, '250mg', 'Thrice daily', '7 days', 9);
INSERT INTO PrescriptionItem (PrescriptionID, MedicineID, Dosage, Frequency, Duration, Quantity) VALUES (10, 1, '20mg', 'Thrice daily', '7 days', 12);
INSERT INTO BillPayment (VisitID, BillDate, BillTime, ConsultationFee, MedicineCost, LabTestCost, OtherCharges, SubTotal, DiscountAmount, TaxAmount, TotalAmount, PaymentMethod, PaymentStatus, PaidAmount, BalanceAmount, BilledBy) VALUES (10, '2026-03-15', '10:15:00', 150, 281.61, 0.00, 0.00, 431.61, 0.0, 0.0, 431.61, 'UPI', 'Paid', 431.61, 0.00, 2);
INSERT INTO Appointment (MemberID, DoctorID, AppointmentDate, AppointmentTime, Symptoms, Status, Priority, TokenNumber) VALUES (9, 7, '2026-04-23', '11:30:00', 'Anxiety', 'Scheduled', 'Normal', 233);
INSERT INTO Appointment (MemberID, DoctorID, AppointmentDate, AppointmentTime, Symptoms, Status, Priority, TokenNumber) VALUES (10, 38, '2026-03-18', '15:30:00', 'Anxiety', 'Scheduled', 'Normal', 251);
INSERT INTO Appointment (MemberID, DoctorID, AppointmentDate, AppointmentTime, Symptoms, Status, Priority, TokenNumber) VALUES (10, 39, '2025-05-06', '16:15:00', 'Stomach ache', 'Completed', 'Normal', 159);
INSERT INTO Visit (MemberID, DoctorID, AppointmentID, VisitDate, VisitTime, ChiefComplaint, Diagnosis, VitalSigns, TreatmentNotes, FollowUpRequired, FollowUpDate, VisitType, Status) VALUES (10, 39, 30, '2025-05-06', '10:10:00', 'Stomach ache', 'Nausea and vomiting', '{"bp":"137/70","temp":98.8}', 'Advised rest, medication prescribed', TRUE, '2026-04-09', 'Scheduled', 'Completed');
INSERT INTO Prescription (VisitID, MemberID, DoctorID, IssueDate, ValidUntil, Diagnosis, SpecialInstructions, Status) VALUES (11, 10, 39, '2025-05-06', '2025-05-16', 'Nausea and vomiting', 'Take medicines after meals', 'Active');
INSERT INTO PrescriptionItem (PrescriptionID, MedicineID, Dosage, Frequency, Duration, Quantity) VALUES (11, 9, '5mg', 'As needed', '10 days', 8);
INSERT INTO PrescriptionItem (PrescriptionID, MedicineID, Dosage, Frequency, Duration, Quantity) VALUES (11, 33, '10mg', 'Once daily', '5 days', 11);
INSERT INTO BillPayment (VisitID, BillDate, BillTime, ConsultationFee, MedicineCost, LabTestCost, OtherCharges, SubTotal, DiscountAmount, TaxAmount, TotalAmount, PaymentMethod, PaymentStatus, PaidAmount, BalanceAmount, BilledBy) VALUES (11, '2025-05-06', '16:30:00', 150, 125.65, 0.00, 0.00, 275.65, 0.0, 0.0, 275.65, 'Free', 'Paid', 275.65, 0.00, 2);
INSERT INTO Appointment (MemberID, DoctorID, AppointmentDate, AppointmentTime, Symptoms, Status, Priority, TokenNumber) VALUES (11, 20, '2026-04-28', '10:15:00', 'Stomach ache', 'Scheduled', 'Urgent', 171);
INSERT INTO Appointment (MemberID, DoctorID, AppointmentDate, AppointmentTime, Symptoms, Status, Priority, TokenNumber) VALUES (11, 46, '2025-08-06', '16:45:00', 'Muscle cramps', 'Completed', 'Normal', 275);
INSERT INTO Visit (MemberID, DoctorID, AppointmentID, VisitDate, VisitTime, ChiefComplaint, Diagnosis, VitalSigns, TreatmentNotes, FollowUpRequired, FollowUpDate, VisitType, Status) VALUES (11, 46, 32, '2025-08-06', '15:20:00', 'Muscle cramps', 'Pharyngitis', '{"bp":"137/84","temp":101.2}', 'Advised rest, medication prescribed', TRUE, '2026-04-05', 'Scheduled', 'Completed');
INSERT INTO Prescription (VisitID, MemberID, DoctorID, IssueDate, ValidUntil, Diagnosis, SpecialInstructions, Status) VALUES (12, 11, 46, '2025-08-06', '2025-08-16', 'Pharyngitis', 'Take medicines after meals', 'Active');
INSERT INTO PrescriptionItem (PrescriptionID, MedicineID, Dosage, Frequency, Duration, Quantity) VALUES (12, 28, '5mg', 'Thrice daily', '5 days', 14);
INSERT INTO PrescriptionItem (PrescriptionID, MedicineID, Dosage, Frequency, Duration, Quantity) VALUES (12, 14, '500mg', 'Twice daily', '10 days', 8);
INSERT INTO PrescriptionItem (PrescriptionID, MedicineID, Dosage, Frequency, Duration, Quantity) VALUES (12, 13, '20mg', 'Twice daily', '3 days', 12);
INSERT INTO BillPayment (VisitID, BillDate, BillTime, ConsultationFee, MedicineCost, LabTestCost, OtherCharges, SubTotal, DiscountAmount, TaxAmount, TotalAmount, PaymentMethod, PaymentStatus, PaidAmount, BalanceAmount, BilledBy) VALUES (12, '2025-08-06', '13:00:00', 100, 111.97, 0.00, 0.00, 211.97, 0.0, 0.0, 211.97, 'Card', 'Paid', 211.97, 0.00, 2);
INSERT INTO Appointment (MemberID, DoctorID, AppointmentDate, AppointmentTime, Symptoms, Status, Priority, TokenNumber) VALUES (12, 39, '2025-04-20', '13:45:00', 'Skin rash', 'Completed', 'Normal', 278);
INSERT INTO Visit (MemberID, DoctorID, AppointmentID, VisitDate, VisitTime, ChiefComplaint, Diagnosis, VitalSigns, TreatmentNotes, FollowUpRequired, FollowUpDate, VisitType, Status) VALUES (12, 39, 33, '2025-04-20', '13:20:00', 'Skin rash', 'Electrolyte imbalance', '{"bp":"128/70","temp":101.7}', 'Advised rest, medication prescribed', FALSE, NULL, 'Scheduled', 'Completed');
INSERT INTO Prescription (VisitID, MemberID, DoctorID, IssueDate, ValidUntil, Diagnosis, SpecialInstructions, Status) VALUES (13, 12, 39, '2025-04-20', '2025-04-30', 'Electrolyte imbalance', 'Take medicines after meals', 'Active');
INSERT INTO PrescriptionItem (PrescriptionID, MedicineID, Dosage, Frequency, Duration, Quantity) VALUES (13, 30, '5mg', 'Once daily', '3 days', 8);
INSERT INTO PrescriptionItem (PrescriptionID, MedicineID, Dosage, Frequency, Duration, Quantity) VALUES (13, 32, '500mg', 'Twice daily', '5 days', 5);
INSERT INTO PrescriptionItem (PrescriptionID, MedicineID, Dosage, Frequency, Duration, Quantity) VALUES (13, 12, '500mg', 'As needed', '3 days', 3);
INSERT INTO BillPayment (VisitID, BillDate, BillTime, ConsultationFee, MedicineCost, LabTestCost, OtherCharges, SubTotal, DiscountAmount, TaxAmount, TotalAmount, PaymentMethod, PaymentStatus, PaidAmount, BalanceAmount, BilledBy) VALUES (13, '2025-04-20', '14:00:00', 150, 198.49, 0.00, 0.00, 348.49, 0.0, 0.0, 348.49, 'Cash', 'Paid', 348.49, 0.00, 2);
INSERT INTO Appointment (MemberID, DoctorID, AppointmentDate, AppointmentTime, Symptoms, Status, Priority, TokenNumber) VALUES (12, 55, '2025-12-08', '09:30:00', 'Vomiting', 'Completed', 'Urgent', 181);
INSERT INTO Visit (MemberID, DoctorID, AppointmentID, VisitDate, VisitTime, ChiefComplaint, Diagnosis, VitalSigns, TreatmentNotes, FollowUpRequired, FollowUpDate, VisitType, Status) VALUES (12, 55, 34, '2025-12-08', '11:20:00', 'Vomiting', 'Electrolyte imbalance', '{"bp":"140/82","temp":99.3}', 'Advised rest, medication prescribed', FALSE, NULL, 'Scheduled', 'Completed');
INSERT INTO Prescription (VisitID, MemberID, DoctorID, IssueDate, ValidUntil, Diagnosis, SpecialInstructions, Status) VALUES (14, 12, 55, '2025-12-08', '2025-12-18', 'Electrolyte imbalance', 'Take medicines after meals', 'Active');
INSERT INTO PrescriptionItem (PrescriptionID, MedicineID, Dosage, Frequency, Duration, Quantity) VALUES (14, 5, '20mg', 'Twice daily', '7 days', 4);
INSERT INTO PrescriptionItem (PrescriptionID, MedicineID, Dosage, Frequency, Duration, Quantity) VALUES (14, 13, '250mg', 'As needed', '3 days', 7);
INSERT INTO BillPayment (VisitID, BillDate, BillTime, ConsultationFee, MedicineCost, LabTestCost, OtherCharges, SubTotal, DiscountAmount, TaxAmount, TotalAmount, PaymentMethod, PaymentStatus, PaidAmount, BalanceAmount, BilledBy) VALUES (14, '2025-12-08', '11:00:00', 200, 75.63, 0.00, 0.00, 275.63, 0.0, 0.0, 275.63, 'Free', 'Paid', 275.63, 0.00, 2);
INSERT INTO Appointment (MemberID, DoctorID, AppointmentDate, AppointmentTime, Symptoms, Status, Priority, TokenNumber) VALUES (13, 20, '2025-09-19', '10:30:00', 'Ear pain', 'Completed', 'Normal', 278);
INSERT INTO Visit (MemberID, DoctorID, AppointmentID, VisitDate, VisitTime, ChiefComplaint, Diagnosis, VitalSigns, TreatmentNotes, FollowUpRequired, FollowUpDate, VisitType, Status) VALUES (13, 20, 35, '2025-09-19', '16:05:00', 'Ear pain', 'Tension headache', '{"bp":"115/72","temp":98.0}', 'Advised rest, medication prescribed', TRUE, '2026-03-27', 'Scheduled', 'Completed');
INSERT INTO Prescription (VisitID, MemberID, DoctorID, IssueDate, ValidUntil, Diagnosis, SpecialInstructions, Status) VALUES (15, 13, 20, '2025-09-19', '2025-09-29', 'Tension headache', 'Take medicines after meals', 'Active');
INSERT INTO PrescriptionItem (PrescriptionID, MedicineID, Dosage, Frequency, Duration, Quantity) VALUES (15, 11, '250mg', 'Thrice daily', '10 days', 4);
INSERT INTO PrescriptionItem (PrescriptionID, MedicineID, Dosage, Frequency, Duration, Quantity) VALUES (15, 1, '400mg', 'Twice daily', '7 days', 13);
INSERT INTO BillPayment (VisitID, BillDate, BillTime, ConsultationFee, MedicineCost, LabTestCost, OtherCharges, SubTotal, DiscountAmount, TaxAmount, TotalAmount, PaymentMethod, PaymentStatus, PaidAmount, BalanceAmount, BilledBy) VALUES (15, '2025-09-19', '13:00:00', 50, 229.27, 0.00, 0.00, 279.27, 0.0, 0.0, 279.27, 'UPI', 'Paid', 279.27, 0.00, 2);
INSERT INTO Appointment (MemberID, DoctorID, AppointmentDate, AppointmentTime, Symptoms, Status, Priority, TokenNumber) VALUES (13, 25, '2026-04-10', '13:15:00', 'Anxiety', 'Scheduled', 'Normal', 157);
INSERT INTO Appointment (MemberID, DoctorID, AppointmentDate, AppointmentTime, Symptoms, Status, Priority, TokenNumber) VALUES (14, 54, '2025-12-05', '11:30:00', 'Back pain', 'Completed', 'Normal', 167);
INSERT INTO Visit (MemberID, DoctorID, AppointmentID, VisitDate, VisitTime, ChiefComplaint, Diagnosis, VitalSigns, TreatmentNotes, FollowUpRequired, FollowUpDate, VisitType, Status) VALUES (14, 54, 37, '2025-12-05', '16:20:00', 'Back pain', 'Tension headache', '{"bp":"121/90","temp":99.9}', 'Advised rest, medication prescribed', FALSE, NULL, 'Scheduled', 'Completed');
INSERT INTO Prescription (VisitID, MemberID, DoctorID, IssueDate, ValidUntil, Diagnosis, SpecialInstructions, Status) VALUES (16, 14, 54, '2025-12-05', '2025-12-15', 'Tension headache', 'Take medicines after meals', 'Active');
INSERT INTO PrescriptionItem (PrescriptionID, MedicineID, Dosage, Frequency, Duration, Quantity) VALUES (16, 3, '250mg', 'Twice daily', '10 days', 8);
INSERT INTO PrescriptionItem (PrescriptionID, MedicineID, Dosage, Frequency, Duration, Quantity) VALUES (16, 25, '400mg', 'Thrice daily', '5 days', 8);
INSERT INTO BillPayment (VisitID, BillDate, BillTime, ConsultationFee, MedicineCost, LabTestCost, OtherCharges, SubTotal, DiscountAmount, TaxAmount, TotalAmount, PaymentMethod, PaymentStatus, PaidAmount, BalanceAmount, BilledBy) VALUES (16, '2025-12-05', '10:15:00', 200, 174.45, 0.00, 0.00, 374.45, 0.0, 0.0, 374.45, 'Card', 'Paid', 374.45, 0.00, 2);
INSERT INTO Appointment (MemberID, DoctorID, AppointmentDate, AppointmentTime, Symptoms, Status, Priority, TokenNumber) VALUES (14, 17, '2025-11-04', '09:00:00', 'Fatigue', 'Completed', 'Normal', 147);
INSERT INTO Visit (MemberID, DoctorID, AppointmentID, VisitDate, VisitTime, ChiefComplaint, Diagnosis, VitalSigns, TreatmentNotes, FollowUpRequired, FollowUpDate, VisitType, Status) VALUES (14, 17, 38, '2025-11-04', '11:35:00', 'Fatigue', 'Allergic rhinitis', '{"bp":"121/88","temp":99.1}', 'Advised rest, medication prescribed', FALSE, NULL, 'Scheduled', 'Completed');
INSERT INTO Prescription (VisitID, MemberID, DoctorID, IssueDate, ValidUntil, Diagnosis, SpecialInstructions, Status) VALUES (17, 14, 17, '2025-11-04', '2025-11-14', 'Allergic rhinitis', 'Take medicines after meals', 'Active');
INSERT INTO PrescriptionItem (PrescriptionID, MedicineID, Dosage, Frequency, Duration, Quantity) VALUES (17, 21, '400mg', 'Thrice daily', '3 days', 5);
INSERT INTO PrescriptionItem (PrescriptionID, MedicineID, Dosage, Frequency, Duration, Quantity) VALUES (17, 7, '5mg', 'As needed', '7 days', 8);
INSERT INTO BillPayment (VisitID, BillDate, BillTime, ConsultationFee, MedicineCost, LabTestCost, OtherCharges, SubTotal, DiscountAmount, TaxAmount, TotalAmount, PaymentMethod, PaymentStatus, PaidAmount, BalanceAmount, BilledBy) VALUES (17, '2025-11-04', '13:15:00', 0, 72.39, 0.00, 0.00, 72.39, 0.0, 0.0, 72.39, 'Card', 'Paid', 72.39, 0.00, 2);
INSERT INTO Appointment (MemberID, DoctorID, AppointmentDate, AppointmentTime, Symptoms, Status, Priority, TokenNumber) VALUES (15, 30, '2026-03-06', '16:45:00', 'Anxiety', 'Completed', 'Normal', 211);
INSERT INTO Visit (MemberID, DoctorID, AppointmentID, VisitDate, VisitTime, ChiefComplaint, Diagnosis, VitalSigns, TreatmentNotes, FollowUpRequired, FollowUpDate, VisitType, Status) VALUES (15, 30, 39, '2026-03-06', '15:35:00', 'Anxiety', 'Vitamin D deficiency', '{"bp":"118/81","temp":100.3}', 'Advised rest, medication prescribed', FALSE, NULL, 'Scheduled', 'Completed');
INSERT INTO Prescription (VisitID, MemberID, DoctorID, IssueDate, ValidUntil, Diagnosis, SpecialInstructions, Status) VALUES (18, 15, 30, '2026-03-06', '2026-03-16', 'Vitamin D deficiency', 'Take medicines after meals', 'Active');
INSERT INTO PrescriptionItem (PrescriptionID, MedicineID, Dosage, Frequency, Duration, Quantity) VALUES (18, 26, '250mg', 'Once daily', '10 days', 9);
INSERT INTO PrescriptionItem (PrescriptionID, MedicineID, Dosage, Frequency, Duration, Quantity) VALUES (18, 20, '10mg', 'As needed', '3 days', 5);
INSERT INTO PrescriptionItem (PrescriptionID, MedicineID, Dosage, Frequency, Duration, Quantity) VALUES (18, 3, '20mg', 'Twice daily', '7 days', 12);
INSERT INTO BillPayment (VisitID, BillDate, BillTime, ConsultationFee, MedicineCost, LabTestCost, OtherCharges, SubTotal, DiscountAmount, TaxAmount, TotalAmount, PaymentMethod, PaymentStatus, PaidAmount, BalanceAmount, BilledBy) VALUES (18, '2026-03-06', '11:30:00', 200, 75.57, 0.00, 0.00, 275.57, 0.0, 0.0, 275.57, 'UPI', 'Paid', 275.57, 0.00, 2);
INSERT INTO Appointment (MemberID, DoctorID, AppointmentDate, AppointmentTime, Symptoms, Status, Priority, TokenNumber) VALUES (15, 51, '2026-03-30', '13:15:00', 'Shortness of breath', 'Scheduled', 'Normal', 142);
INSERT INTO Appointment (MemberID, DoctorID, AppointmentDate, AppointmentTime, Symptoms, Status, Priority, TokenNumber) VALUES (16, 30, '2026-01-01', '12:15:00', 'Knee pain', 'Completed', 'Normal', 147);
INSERT INTO Visit (MemberID, DoctorID, AppointmentID, VisitDate, VisitTime, ChiefComplaint, Diagnosis, VitalSigns, TreatmentNotes, FollowUpRequired, FollowUpDate, VisitType, Status) VALUES (16, 30, 41, '2026-01-01', '12:35:00', 'Knee pain', 'Vertigo', '{"bp":"114/87","temp":101.7}', 'Advised rest, medication prescribed', TRUE, '2026-04-01', 'Scheduled', 'Completed');
INSERT INTO Prescription (VisitID, MemberID, DoctorID, IssueDate, ValidUntil, Diagnosis, SpecialInstructions, Status) VALUES (19, 16, 30, '2026-01-01', '2026-01-11', 'Vertigo', 'Take medicines after meals', 'Active');
INSERT INTO PrescriptionItem (PrescriptionID, MedicineID, Dosage, Frequency, Duration, Quantity) VALUES (19, 1, '10mg', 'Once daily', '10 days', 11);
INSERT INTO PrescriptionItem (PrescriptionID, MedicineID, Dosage, Frequency, Duration, Quantity) VALUES (19, 31, '400mg', 'As needed', '5 days', 10);
INSERT INTO PrescriptionItem (PrescriptionID, MedicineID, Dosage, Frequency, Duration, Quantity) VALUES (19, 11, '400mg', 'As needed', '10 days', 14);
INSERT INTO BillPayment (VisitID, BillDate, BillTime, ConsultationFee, MedicineCost, LabTestCost, OtherCharges, SubTotal, DiscountAmount, TaxAmount, TotalAmount, PaymentMethod, PaymentStatus, PaidAmount, BalanceAmount, BilledBy) VALUES (19, '2026-01-01', '15:15:00', 50, 233.66, 0.00, 0.00, 283.66, 0.0, 0.0, 283.66, 'Cash', 'Paid', 283.66, 0.00, 2);
INSERT INTO Appointment (MemberID, DoctorID, AppointmentDate, AppointmentTime, Symptoms, Status, Priority, TokenNumber) VALUES (16, 21, '2026-04-05', '15:30:00', 'Knee pain', 'Scheduled', 'Urgent', 286);
INSERT INTO Appointment (MemberID, DoctorID, AppointmentDate, AppointmentTime, Symptoms, Status, Priority, TokenNumber) VALUES (17, 28, '2025-06-17', '10:30:00', 'Allergic reaction', 'Completed', 'Normal', 250);
INSERT INTO Visit (MemberID, DoctorID, AppointmentID, VisitDate, VisitTime, ChiefComplaint, Diagnosis, VitalSigns, TreatmentNotes, FollowUpRequired, FollowUpDate, VisitType, Status) VALUES (17, 28, 43, '2025-06-17', '12:10:00', 'Allergic reaction', 'Viral fever', '{"bp":"121/81","temp":98.9}', 'Advised rest, medication prescribed', FALSE, NULL, 'Scheduled', 'Completed');
INSERT INTO Prescription (VisitID, MemberID, DoctorID, IssueDate, ValidUntil, Diagnosis, SpecialInstructions, Status) VALUES (20, 17, 28, '2025-06-17', '2025-06-27', 'Viral fever', 'Take medicines after meals', 'Active');
INSERT INTO PrescriptionItem (PrescriptionID, MedicineID, Dosage, Frequency, Duration, Quantity) VALUES (20, 26, '400mg', 'Twice daily', '5 days', 10);
INSERT INTO PrescriptionItem (PrescriptionID, MedicineID, Dosage, Frequency, Duration, Quantity) VALUES (20, 5, '250mg', 'Once daily', '5 days', 7);
INSERT INTO BillPayment (VisitID, BillDate, BillTime, ConsultationFee, MedicineCost, LabTestCost, OtherCharges, SubTotal, DiscountAmount, TaxAmount, TotalAmount, PaymentMethod, PaymentStatus, PaidAmount, BalanceAmount, BilledBy) VALUES (20, '2025-06-17', '11:45:00', 150, 46.0, 0.00, 0.00, 196.0, 0.0, 0.0, 196.0, 'Free', 'Paid', 196.0, 0.00, 2);
INSERT INTO Appointment (MemberID, DoctorID, AppointmentDate, AppointmentTime, Symptoms, Status, Priority, TokenNumber) VALUES (17, 10, '2025-08-31', '16:00:00', 'Back pain', 'Completed', 'Emergency', 207);
INSERT INTO Visit (MemberID, DoctorID, AppointmentID, VisitDate, VisitTime, ChiefComplaint, Diagnosis, VitalSigns, TreatmentNotes, FollowUpRequired, FollowUpDate, VisitType, Status) VALUES (17, 10, 44, '2025-08-31', '11:35:00', 'Back pain', 'Gastritis', '{"bp":"136/73","temp":99.6}', 'Advised rest, medication prescribed', FALSE, NULL, 'Scheduled', 'Completed');
INSERT INTO Prescription (VisitID, MemberID, DoctorID, IssueDate, ValidUntil, Diagnosis, SpecialInstructions, Status) VALUES (21, 17, 10, '2025-08-31', '2025-09-10', 'Gastritis', 'Take medicines after meals', 'Active');
INSERT INTO PrescriptionItem (PrescriptionID, MedicineID, Dosage, Frequency, Duration, Quantity) VALUES (21, 23, '400mg', 'As needed', '3 days', 5);
INSERT INTO PrescriptionItem (PrescriptionID, MedicineID, Dosage, Frequency, Duration, Quantity) VALUES (21, 7, '10mg', 'Twice daily', '10 days', 13);
INSERT INTO BillPayment (VisitID, BillDate, BillTime, ConsultationFee, MedicineCost, LabTestCost, OtherCharges, SubTotal, DiscountAmount, TaxAmount, TotalAmount, PaymentMethod, PaymentStatus, PaidAmount, BalanceAmount, BilledBy) VALUES (21, '2025-08-31', '15:00:00', 150, 23.24, 0.00, 0.00, 173.24, 0.0, 0.0, 173.24, 'Free', 'Paid', 173.24, 0.00, 2);
INSERT INTO Appointment (MemberID, DoctorID, AppointmentDate, AppointmentTime, Symptoms, Status, Priority, TokenNumber) VALUES (18, 20, '2025-04-27', '10:45:00', 'Fatigue', 'Completed', 'Normal', 221);
INSERT INTO Visit (MemberID, DoctorID, AppointmentID, VisitDate, VisitTime, ChiefComplaint, Diagnosis, VitalSigns, TreatmentNotes, FollowUpRequired, FollowUpDate, VisitType, Status) VALUES (18, 20, 45, '2025-04-27', '14:20:00', 'Fatigue', 'Electrolyte imbalance', '{"bp":"123/87","temp":101.2}', 'Advised rest, medication prescribed', TRUE, '2026-03-30', 'Scheduled', 'Completed');
INSERT INTO Prescription (VisitID, MemberID, DoctorID, IssueDate, ValidUntil, Diagnosis, SpecialInstructions, Status) VALUES (22, 18, 20, '2025-04-27', '2025-05-07', 'Electrolyte imbalance', 'Take medicines after meals', 'Active');
INSERT INTO PrescriptionItem (PrescriptionID, MedicineID, Dosage, Frequency, Duration, Quantity) VALUES (22, 10, '10mg', 'Thrice daily', '5 days', 11);
INSERT INTO PrescriptionItem (PrescriptionID, MedicineID, Dosage, Frequency, Duration, Quantity) VALUES (22, 1, '20mg', 'As needed', '10 days', 3);
INSERT INTO BillPayment (VisitID, BillDate, BillTime, ConsultationFee, MedicineCost, LabTestCost, OtherCharges, SubTotal, DiscountAmount, TaxAmount, TotalAmount, PaymentMethod, PaymentStatus, PaidAmount, BalanceAmount, BilledBy) VALUES (22, '2025-04-27', '16:45:00', 150, 98.88, 0.00, 0.00, 248.88, 0.0, 0.0, 248.88, 'Cash', 'Paid', 248.88, 0.00, 2);
INSERT INTO Appointment (MemberID, DoctorID, AppointmentDate, AppointmentTime, Symptoms, Status, Priority, TokenNumber) VALUES (18, 24, '2025-05-15', '14:30:00', 'Eye irritation', 'Completed', 'Normal', 175);
INSERT INTO Visit (MemberID, DoctorID, AppointmentID, VisitDate, VisitTime, ChiefComplaint, Diagnosis, VitalSigns, TreatmentNotes, FollowUpRequired, FollowUpDate, VisitType, Status) VALUES (18, 24, 46, '2025-05-15', '13:10:00', 'Eye irritation', 'Viral fever', '{"bp":"110/84","temp":98.8}', 'Advised rest, medication prescribed', TRUE, '2026-04-07', 'Scheduled', 'Completed');
INSERT INTO Prescription (VisitID, MemberID, DoctorID, IssueDate, ValidUntil, Diagnosis, SpecialInstructions, Status) VALUES (23, 18, 24, '2025-05-15', '2025-05-25', 'Viral fever', 'Take medicines after meals', 'Active');
INSERT INTO PrescriptionItem (PrescriptionID, MedicineID, Dosage, Frequency, Duration, Quantity) VALUES (23, 8, '400mg', 'Once daily', '10 days', 6);
INSERT INTO PrescriptionItem (PrescriptionID, MedicineID, Dosage, Frequency, Duration, Quantity) VALUES (23, 23, '250mg', 'Once daily', '3 days', 5);
INSERT INTO BillPayment (VisitID, BillDate, BillTime, ConsultationFee, MedicineCost, LabTestCost, OtherCharges, SubTotal, DiscountAmount, TaxAmount, TotalAmount, PaymentMethod, PaymentStatus, PaidAmount, BalanceAmount, BilledBy) VALUES (23, '2025-05-15', '13:30:00', 50, 197.22, 0.00, 0.00, 247.22, 0.0, 0.0, 247.22, 'Free', 'Paid', 247.22, 0.00, 2);
INSERT INTO Appointment (MemberID, DoctorID, AppointmentDate, AppointmentTime, Symptoms, Status, Priority, TokenNumber) VALUES (19, 30, '2026-03-18', '12:45:00', 'Cold and cough', 'Scheduled', 'Normal', 195);
INSERT INTO Appointment (MemberID, DoctorID, AppointmentDate, AppointmentTime, Symptoms, Status, Priority, TokenNumber) VALUES (19, 3, '2025-04-25', '10:45:00', 'Fatigue', 'Completed', 'Emergency', 120);
INSERT INTO Visit (MemberID, DoctorID, AppointmentID, VisitDate, VisitTime, ChiefComplaint, Diagnosis, VitalSigns, TreatmentNotes, FollowUpRequired, FollowUpDate, VisitType, Status) VALUES (19, 3, 48, '2025-04-25', '13:35:00', 'Fatigue', 'Hypertension', '{"bp":"115/78","temp":101.0}', 'Advised rest, medication prescribed', FALSE, NULL, 'Scheduled', 'Completed');
INSERT INTO Prescription (VisitID, MemberID, DoctorID, IssueDate, ValidUntil, Diagnosis, SpecialInstructions, Status) VALUES (24, 19, 3, '2025-04-25', '2025-05-05', 'Hypertension', 'Take medicines after meals', 'Active');
INSERT INTO PrescriptionItem (PrescriptionID, MedicineID, Dosage, Frequency, Duration, Quantity) VALUES (24, 28, '250mg', 'Thrice daily', '7 days', 12);
INSERT INTO PrescriptionItem (PrescriptionID, MedicineID, Dosage, Frequency, Duration, Quantity) VALUES (24, 8, '20mg', 'Twice daily', '3 days', 8);
INSERT INTO BillPayment (VisitID, BillDate, BillTime, ConsultationFee, MedicineCost, LabTestCost, OtherCharges, SubTotal, DiscountAmount, TaxAmount, TotalAmount, PaymentMethod, PaymentStatus, PaidAmount, BalanceAmount, BilledBy) VALUES (24, '2025-04-25', '13:15:00', 200, 152.42, 0.00, 0.00, 352.42, 0.0, 0.0, 352.42, 'Free', 'Paid', 352.42, 0.00, 2);
INSERT INTO Appointment (MemberID, DoctorID, AppointmentDate, AppointmentTime, Symptoms, Status, Priority, TokenNumber) VALUES (20, 18, '2026-02-22', '15:15:00', 'Vomiting', 'Completed', 'Normal', 101);
INSERT INTO Visit (MemberID, DoctorID, AppointmentID, VisitDate, VisitTime, ChiefComplaint, Diagnosis, VitalSigns, TreatmentNotes, FollowUpRequired, FollowUpDate, VisitType, Status) VALUES (20, 18, 49, '2026-02-22', '12:05:00', 'Vomiting', 'Conjunctivitis', '{"bp":"131/74","temp":98.5}', 'Advised rest, medication prescribed', FALSE, NULL, 'Scheduled', 'Completed');
INSERT INTO Prescription (VisitID, MemberID, DoctorID, IssueDate, ValidUntil, Diagnosis, SpecialInstructions, Status) VALUES (25, 20, 18, '2026-02-22', '2026-03-04', 'Conjunctivitis', 'Take medicines after meals', 'Active');
INSERT INTO PrescriptionItem (PrescriptionID, MedicineID, Dosage, Frequency, Duration, Quantity) VALUES (25, 21, '250mg', 'Once daily', '7 days', 6);
INSERT INTO PrescriptionItem (PrescriptionID, MedicineID, Dosage, Frequency, Duration, Quantity) VALUES (25, 7, '500mg', 'Thrice daily', '10 days', 12);
INSERT INTO PrescriptionItem (PrescriptionID, MedicineID, Dosage, Frequency, Duration, Quantity) VALUES (25, 15, '5mg', 'Thrice daily', '10 days', 10);
INSERT INTO BillPayment (VisitID, BillDate, BillTime, ConsultationFee, MedicineCost, LabTestCost, OtherCharges, SubTotal, DiscountAmount, TaxAmount, TotalAmount, PaymentMethod, PaymentStatus, PaidAmount, BalanceAmount, BilledBy) VALUES (25, '2026-02-22', '14:30:00', 200, 23.52, 0.00, 0.00, 223.52, 0.0, 0.0, 223.52, 'Card', 'Paid', 223.52, 0.00, 2);
INSERT INTO Appointment (MemberID, DoctorID, AppointmentDate, AppointmentTime, Symptoms, Status, Priority, TokenNumber) VALUES (20, 53, '2025-07-24', '16:15:00', 'Insomnia', 'Completed', 'Normal', 272);
INSERT INTO Visit (MemberID, DoctorID, AppointmentID, VisitDate, VisitTime, ChiefComplaint, Diagnosis, VitalSigns, TreatmentNotes, FollowUpRequired, FollowUpDate, VisitType, Status) VALUES (20, 53, 50, '2025-07-24', '13:35:00', 'Insomnia', 'Contact dermatitis', '{"bp":"140/72","temp":100.5}', 'Advised rest, medication prescribed', TRUE, '2026-04-12', 'Scheduled', 'Completed');
INSERT INTO Prescription (VisitID, MemberID, DoctorID, IssueDate, ValidUntil, Diagnosis, SpecialInstructions, Status) VALUES (26, 20, 53, '2025-07-24', '2025-08-03', 'Contact dermatitis', 'Take medicines after meals', 'Active');
INSERT INTO PrescriptionItem (PrescriptionID, MedicineID, Dosage, Frequency, Duration, Quantity) VALUES (26, 6, '10mg', 'Thrice daily', '7 days', 15);
INSERT INTO PrescriptionItem (PrescriptionID, MedicineID, Dosage, Frequency, Duration, Quantity) VALUES (26, 14, '10mg', 'As needed', '10 days', 3);
INSERT INTO PrescriptionItem (PrescriptionID, MedicineID, Dosage, Frequency, Duration, Quantity) VALUES (26, 34, '250mg', 'Twice daily', '7 days', 12);
INSERT INTO BillPayment (VisitID, BillDate, BillTime, ConsultationFee, MedicineCost, LabTestCost, OtherCharges, SubTotal, DiscountAmount, TaxAmount, TotalAmount, PaymentMethod, PaymentStatus, PaidAmount, BalanceAmount, BilledBy) VALUES (26, '2025-07-24', '13:45:00', 150, 136.31, 0.00, 0.00, 286.31, 0.0, 0.0, 286.31, 'Cash', 'Paid', 286.31, 0.00, 2);
INSERT INTO Appointment (MemberID, DoctorID, AppointmentDate, AppointmentTime, Symptoms, Status, Priority, TokenNumber) VALUES (21, 16, '2025-06-15', '11:45:00', 'Acid reflux', 'Completed', 'Urgent', 131);
INSERT INTO Visit (MemberID, DoctorID, AppointmentID, VisitDate, VisitTime, ChiefComplaint, Diagnosis, VitalSigns, TreatmentNotes, FollowUpRequired, FollowUpDate, VisitType, Status) VALUES (21, 16, 51, '2025-06-15', '15:10:00', 'Acid reflux', 'Pharyngitis', '{"bp":"128/79","temp":98.0}', 'Advised rest, medication prescribed', TRUE, '2026-03-28', 'Scheduled', 'Completed');
INSERT INTO Prescription (VisitID, MemberID, DoctorID, IssueDate, ValidUntil, Diagnosis, SpecialInstructions, Status) VALUES (27, 21, 16, '2025-06-15', '2025-06-25', 'Pharyngitis', 'Take medicines after meals', 'Active');
INSERT INTO PrescriptionItem (PrescriptionID, MedicineID, Dosage, Frequency, Duration, Quantity) VALUES (27, 26, '10mg', 'Twice daily', '10 days', 12);
INSERT INTO PrescriptionItem (PrescriptionID, MedicineID, Dosage, Frequency, Duration, Quantity) VALUES (27, 27, '10mg', 'Thrice daily', '7 days', 13);
INSERT INTO BillPayment (VisitID, BillDate, BillTime, ConsultationFee, MedicineCost, LabTestCost, OtherCharges, SubTotal, DiscountAmount, TaxAmount, TotalAmount, PaymentMethod, PaymentStatus, PaidAmount, BalanceAmount, BilledBy) VALUES (27, '2025-06-15', '17:45:00', 0, 205.99, 0.00, 0.00, 205.99, 0.0, 0.0, 205.99, 'Card', 'Paid', 205.99, 0.00, 2);
INSERT INTO Appointment (MemberID, DoctorID, AppointmentDate, AppointmentTime, Symptoms, Status, Priority, TokenNumber) VALUES (21, 15, '2026-05-21', '16:30:00', 'Ear pain', 'Scheduled', 'Normal', 145);
INSERT INTO Appointment (MemberID, DoctorID, AppointmentDate, AppointmentTime, Symptoms, Status, Priority, TokenNumber) VALUES (22, 26, '2025-06-18', '14:45:00', 'Loose motions', 'Completed', 'Normal', 125);
INSERT INTO Visit (MemberID, DoctorID, AppointmentID, VisitDate, VisitTime, ChiefComplaint, Diagnosis, VitalSigns, TreatmentNotes, FollowUpRequired, FollowUpDate, VisitType, Status) VALUES (22, 26, 53, '2025-06-18', '15:35:00', 'Loose motions', 'Contact dermatitis', '{"bp":"130/70","temp":100.4}', 'Advised rest, medication prescribed', FALSE, NULL, 'Scheduled', 'Completed');
INSERT INTO Prescription (VisitID, MemberID, DoctorID, IssueDate, ValidUntil, Diagnosis, SpecialInstructions, Status) VALUES (28, 22, 26, '2025-06-18', '2025-06-28', 'Contact dermatitis', 'Take medicines after meals', 'Active');
INSERT INTO PrescriptionItem (PrescriptionID, MedicineID, Dosage, Frequency, Duration, Quantity) VALUES (28, 33, '20mg', 'As needed', '3 days', 8);
INSERT INTO PrescriptionItem (PrescriptionID, MedicineID, Dosage, Frequency, Duration, Quantity) VALUES (28, 6, '20mg', 'Twice daily', '5 days', 12);
INSERT INTO BillPayment (VisitID, BillDate, BillTime, ConsultationFee, MedicineCost, LabTestCost, OtherCharges, SubTotal, DiscountAmount, TaxAmount, TotalAmount, PaymentMethod, PaymentStatus, PaidAmount, BalanceAmount, BilledBy) VALUES (28, '2025-06-18', '09:45:00', 150, 211.62, 0.00, 0.00, 361.62, 0.0, 0.0, 361.62, 'Card', 'Paid', 361.62, 0.00, 2);
INSERT INTO Appointment (MemberID, DoctorID, AppointmentDate, AppointmentTime, Symptoms, Status, Priority, TokenNumber) VALUES (22, 36, '2025-12-09', '11:45:00', 'Shortness of breath', 'Completed', 'Normal', 161);
INSERT INTO Visit (MemberID, DoctorID, AppointmentID, VisitDate, VisitTime, ChiefComplaint, Diagnosis, VitalSigns, TreatmentNotes, FollowUpRequired, FollowUpDate, VisitType, Status) VALUES (22, 36, 54, '2025-12-09', '16:10:00', 'Shortness of breath', 'Gastritis', '{"bp":"119/72","temp":101.9}', 'Advised rest, medication prescribed', FALSE, NULL, 'Scheduled', 'Completed');
INSERT INTO Prescription (VisitID, MemberID, DoctorID, IssueDate, ValidUntil, Diagnosis, SpecialInstructions, Status) VALUES (29, 22, 36, '2025-12-09', '2025-12-19', 'Gastritis', 'Take medicines after meals', 'Active');
INSERT INTO PrescriptionItem (PrescriptionID, MedicineID, Dosage, Frequency, Duration, Quantity) VALUES (29, 30, '400mg', 'As needed', '5 days', 15);
INSERT INTO PrescriptionItem (PrescriptionID, MedicineID, Dosage, Frequency, Duration, Quantity) VALUES (29, 16, '250mg', 'As needed', '3 days', 15);
INSERT INTO BillPayment (VisitID, BillDate, BillTime, ConsultationFee, MedicineCost, LabTestCost, OtherCharges, SubTotal, DiscountAmount, TaxAmount, TotalAmount, PaymentMethod, PaymentStatus, PaidAmount, BalanceAmount, BilledBy) VALUES (29, '2025-12-09', '12:45:00', 200, 254.61, 0.00, 0.00, 454.61, 0.0, 0.0, 454.61, 'UPI', 'Paid', 454.61, 0.00, 2);
INSERT INTO Appointment (MemberID, DoctorID, AppointmentDate, AppointmentTime, Symptoms, Status, Priority, TokenNumber) VALUES (23, 47, '2026-03-19', '09:45:00', 'Fatigue', 'Scheduled', 'Emergency', 198);
INSERT INTO Appointment (MemberID, DoctorID, AppointmentDate, AppointmentTime, Symptoms, Status, Priority, TokenNumber) VALUES (23, 5, '2026-04-21', '10:00:00', 'Ear pain', 'Scheduled', 'Normal', 285);
INSERT INTO Appointment (MemberID, DoctorID, AppointmentDate, AppointmentTime, Symptoms, Status, Priority, TokenNumber) VALUES (24, 4, '2025-08-26', '09:30:00', 'Skin rash', 'Completed', 'Normal', 230);
INSERT INTO Visit (MemberID, DoctorID, AppointmentID, VisitDate, VisitTime, ChiefComplaint, Diagnosis, VitalSigns, TreatmentNotes, FollowUpRequired, FollowUpDate, VisitType, Status) VALUES (24, 4, 57, '2025-08-26', '16:35:00', 'Skin rash', 'Acute diarrhea', '{"bp":"113/74","temp":101.7}', 'Advised rest, medication prescribed', FALSE, NULL, 'Scheduled', 'Completed');
INSERT INTO Prescription (VisitID, MemberID, DoctorID, IssueDate, ValidUntil, Diagnosis, SpecialInstructions, Status) VALUES (30, 24, 4, '2025-08-26', '2025-09-05', 'Acute diarrhea', 'Take medicines after meals', 'Active');
INSERT INTO PrescriptionItem (PrescriptionID, MedicineID, Dosage, Frequency, Duration, Quantity) VALUES (30, 11, '5mg', 'Thrice daily', '5 days', 6);
INSERT INTO PrescriptionItem (PrescriptionID, MedicineID, Dosage, Frequency, Duration, Quantity) VALUES (30, 24, '5mg', 'Twice daily', '7 days', 4);
INSERT INTO BillPayment (VisitID, BillDate, BillTime, ConsultationFee, MedicineCost, LabTestCost, OtherCharges, SubTotal, DiscountAmount, TaxAmount, TotalAmount, PaymentMethod, PaymentStatus, PaidAmount, BalanceAmount, BilledBy) VALUES (30, '2025-08-26', '16:45:00', 100, 199.77, 0.00, 0.00, 299.77, 0.0, 0.0, 299.77, 'Cash', 'Paid', 299.77, 0.00, 2);
INSERT INTO Appointment (MemberID, DoctorID, AppointmentDate, AppointmentTime, Symptoms, Status, Priority, TokenNumber) VALUES (24, 49, '2025-11-04', '14:30:00', 'Muscle cramps', 'Completed', 'Normal', 215);
INSERT INTO Visit (MemberID, DoctorID, AppointmentID, VisitDate, VisitTime, ChiefComplaint, Diagnosis, VitalSigns, TreatmentNotes, FollowUpRequired, FollowUpDate, VisitType, Status) VALUES (24, 49, 58, '2025-11-04', '13:20:00', 'Muscle cramps', 'Electrolyte imbalance', '{"bp":"134/74","temp":97.8}', 'Advised rest, medication prescribed', FALSE, NULL, 'Scheduled', 'Completed');
INSERT INTO Prescription (VisitID, MemberID, DoctorID, IssueDate, ValidUntil, Diagnosis, SpecialInstructions, Status) VALUES (31, 24, 49, '2025-11-04', '2025-11-14', 'Electrolyte imbalance', 'Take medicines after meals', 'Active');
INSERT INTO PrescriptionItem (PrescriptionID, MedicineID, Dosage, Frequency, Duration, Quantity) VALUES (31, 2, '20mg', 'Thrice daily', '7 days', 7);
INSERT INTO PrescriptionItem (PrescriptionID, MedicineID, Dosage, Frequency, Duration, Quantity) VALUES (31, 15, '400mg', 'Twice daily', '7 days', 10);
INSERT INTO PrescriptionItem (PrescriptionID, MedicineID, Dosage, Frequency, Duration, Quantity) VALUES (31, 24, '400mg', 'As needed', '7 days', 5);
INSERT INTO BillPayment (VisitID, BillDate, BillTime, ConsultationFee, MedicineCost, LabTestCost, OtherCharges, SubTotal, DiscountAmount, TaxAmount, TotalAmount, PaymentMethod, PaymentStatus, PaidAmount, BalanceAmount, BilledBy) VALUES (31, '2025-11-04', '15:30:00', 50, 61.03, 0.00, 0.00, 111.03, 0.0, 0.0, 111.03, 'Card', 'Paid', 111.03, 0.00, 2);
INSERT INTO Appointment (MemberID, DoctorID, AppointmentDate, AppointmentTime, Symptoms, Status, Priority, TokenNumber) VALUES (25, 41, '2025-11-29', '13:15:00', 'Anxiety', 'Completed', 'Normal', 193);
INSERT INTO Visit (MemberID, DoctorID, AppointmentID, VisitDate, VisitTime, ChiefComplaint, Diagnosis, VitalSigns, TreatmentNotes, FollowUpRequired, FollowUpDate, VisitType, Status) VALUES (25, 41, 59, '2025-11-29', '15:35:00', 'Anxiety', 'Vitamin D deficiency', '{"bp":"115/81","temp":100.5}', 'Advised rest, medication prescribed', FALSE, NULL, 'Scheduled', 'Completed');
INSERT INTO Prescription (VisitID, MemberID, DoctorID, IssueDate, ValidUntil, Diagnosis, SpecialInstructions, Status) VALUES (32, 25, 41, '2025-11-29', '2025-12-09', 'Vitamin D deficiency', 'Take medicines after meals', 'Active');
INSERT INTO PrescriptionItem (PrescriptionID, MedicineID, Dosage, Frequency, Duration, Quantity) VALUES (32, 34, '5mg', 'Twice daily', '10 days', 5);
INSERT INTO PrescriptionItem (PrescriptionID, MedicineID, Dosage, Frequency, Duration, Quantity) VALUES (32, 24, '5mg', 'As needed', '3 days', 13);
INSERT INTO PrescriptionItem (PrescriptionID, MedicineID, Dosage, Frequency, Duration, Quantity) VALUES (32, 25, '500mg', 'Thrice daily', '5 days', 7);
INSERT INTO BillPayment (VisitID, BillDate, BillTime, ConsultationFee, MedicineCost, LabTestCost, OtherCharges, SubTotal, DiscountAmount, TaxAmount, TotalAmount, PaymentMethod, PaymentStatus, PaidAmount, BalanceAmount, BilledBy) VALUES (32, '2025-11-29', '10:15:00', 50, 82.81, 0.00, 0.00, 132.81, 0.0, 0.0, 132.81, 'Card', 'Paid', 132.81, 0.00, 2);
INSERT INTO Appointment (MemberID, DoctorID, AppointmentDate, AppointmentTime, Symptoms, Status, Priority, TokenNumber) VALUES (25, 23, '2025-05-30', '09:15:00', 'Joint pain', 'Completed', 'Normal', 270);
INSERT INTO Visit (MemberID, DoctorID, AppointmentID, VisitDate, VisitTime, ChiefComplaint, Diagnosis, VitalSigns, TreatmentNotes, FollowUpRequired, FollowUpDate, VisitType, Status) VALUES (25, 23, 60, '2025-05-30', '15:05:00', 'Joint pain', 'Common cold', '{"bp":"126/72","temp":98.5}', 'Advised rest, medication prescribed', FALSE, NULL, 'Scheduled', 'Completed');
INSERT INTO Prescription (VisitID, MemberID, DoctorID, IssueDate, ValidUntil, Diagnosis, SpecialInstructions, Status) VALUES (33, 25, 23, '2025-05-30', '2025-06-09', 'Common cold', 'Take medicines after meals', 'Active');
INSERT INTO PrescriptionItem (PrescriptionID, MedicineID, Dosage, Frequency, Duration, Quantity) VALUES (33, 4, '20mg', 'Twice daily', '5 days', 7);
INSERT INTO PrescriptionItem (PrescriptionID, MedicineID, Dosage, Frequency, Duration, Quantity) VALUES (33, 29, '400mg', 'Twice daily', '5 days', 6);
INSERT INTO BillPayment (VisitID, BillDate, BillTime, ConsultationFee, MedicineCost, LabTestCost, OtherCharges, SubTotal, DiscountAmount, TaxAmount, TotalAmount, PaymentMethod, PaymentStatus, PaidAmount, BalanceAmount, BilledBy) VALUES (33, '2025-05-30', '17:30:00', 150, 69.68, 0.00, 0.00, 219.68, 0.0, 0.0, 219.68, 'Card', 'Paid', 219.68, 0.00, 2);
INSERT INTO Appointment (MemberID, DoctorID, AppointmentDate, AppointmentTime, Symptoms, Status, Priority, TokenNumber) VALUES (26, 6, '2026-03-27', '11:30:00', 'Cold and cough', 'Scheduled', 'Normal', 162);
INSERT INTO Appointment (MemberID, DoctorID, AppointmentDate, AppointmentTime, Symptoms, Status, Priority, TokenNumber) VALUES (26, 38, '2026-05-19', '16:00:00', 'Insomnia', 'Scheduled', 'Urgent', 113);
INSERT INTO Appointment (MemberID, DoctorID, AppointmentDate, AppointmentTime, Symptoms, Status, Priority, TokenNumber) VALUES (27, 21, '2026-03-28', '12:45:00', 'Sore throat', 'Scheduled', 'Normal', 221);
INSERT INTO Appointment (MemberID, DoctorID, AppointmentDate, AppointmentTime, Symptoms, Status, Priority, TokenNumber) VALUES (27, 13, '2025-05-20', '12:45:00', 'Knee pain', 'Completed', 'Normal', 248);
INSERT INTO Visit (MemberID, DoctorID, AppointmentID, VisitDate, VisitTime, ChiefComplaint, Diagnosis, VitalSigns, TreatmentNotes, FollowUpRequired, FollowUpDate, VisitType, Status) VALUES (27, 13, 64, '2025-05-20', '10:35:00', 'Knee pain', 'Conjunctivitis', '{"bp":"116/88","temp":101.4}', 'Advised rest, medication prescribed', FALSE, NULL, 'Scheduled', 'Completed');
INSERT INTO Prescription (VisitID, MemberID, DoctorID, IssueDate, ValidUntil, Diagnosis, SpecialInstructions, Status) VALUES (34, 27, 13, '2025-05-20', '2025-05-30', 'Conjunctivitis', 'Take medicines after meals', 'Active');
INSERT INTO PrescriptionItem (PrescriptionID, MedicineID, Dosage, Frequency, Duration, Quantity) VALUES (34, 1, '20mg', 'Thrice daily', '10 days', 13);
INSERT INTO PrescriptionItem (PrescriptionID, MedicineID, Dosage, Frequency, Duration, Quantity) VALUES (34, 17, '250mg', 'Thrice daily', '10 days', 11);
INSERT INTO PrescriptionItem (PrescriptionID, MedicineID, Dosage, Frequency, Duration, Quantity) VALUES (34, 27, '10mg', 'Thrice daily', '7 days', 11);
INSERT INTO BillPayment (VisitID, BillDate, BillTime, ConsultationFee, MedicineCost, LabTestCost, OtherCharges, SubTotal, DiscountAmount, TaxAmount, TotalAmount, PaymentMethod, PaymentStatus, PaidAmount, BalanceAmount, BilledBy) VALUES (34, '2025-05-20', '16:00:00', 50, 115.52, 0.00, 0.00, 165.52, 0.0, 0.0, 165.52, 'Card', 'Paid', 165.52, 0.00, 2);
INSERT INTO Appointment (MemberID, DoctorID, AppointmentDate, AppointmentTime, Symptoms, Status, Priority, TokenNumber) VALUES (28, 49, '2026-05-20', '09:30:00', 'Fatigue', 'Scheduled', 'Normal', 141);
INSERT INTO Appointment (MemberID, DoctorID, AppointmentDate, AppointmentTime, Symptoms, Status, Priority, TokenNumber) VALUES (28, 12, '2025-08-08', '13:00:00', 'Ear pain', 'Completed', 'Normal', 275);
INSERT INTO Visit (MemberID, DoctorID, AppointmentID, VisitDate, VisitTime, ChiefComplaint, Diagnosis, VitalSigns, TreatmentNotes, FollowUpRequired, FollowUpDate, VisitType, Status) VALUES (28, 12, 66, '2025-08-08', '11:10:00', 'Ear pain', 'Insomnia', '{"bp":"134/77","temp":98.2}', 'Advised rest, medication prescribed', FALSE, NULL, 'Scheduled', 'Completed');
INSERT INTO Prescription (VisitID, MemberID, DoctorID, IssueDate, ValidUntil, Diagnosis, SpecialInstructions, Status) VALUES (35, 28, 12, '2025-08-08', '2025-08-18', 'Insomnia', 'Take medicines after meals', 'Active');
INSERT INTO PrescriptionItem (PrescriptionID, MedicineID, Dosage, Frequency, Duration, Quantity) VALUES (35, 21, '500mg', 'Thrice daily', '5 days', 12);
INSERT INTO PrescriptionItem (PrescriptionID, MedicineID, Dosage, Frequency, Duration, Quantity) VALUES (35, 34, '400mg', 'Twice daily', '7 days', 5);
INSERT INTO PrescriptionItem (PrescriptionID, MedicineID, Dosage, Frequency, Duration, Quantity) VALUES (35, 31, '250mg', 'As needed', '5 days', 5);
INSERT INTO BillPayment (VisitID, BillDate, BillTime, ConsultationFee, MedicineCost, LabTestCost, OtherCharges, SubTotal, DiscountAmount, TaxAmount, TotalAmount, PaymentMethod, PaymentStatus, PaidAmount, BalanceAmount, BilledBy) VALUES (35, '2025-08-08', '17:45:00', 200, 205.53, 0.00, 0.00, 405.53, 0.0, 0.0, 405.53, 'Card', 'Paid', 405.53, 0.00, 2);
INSERT INTO Appointment (MemberID, DoctorID, AppointmentDate, AppointmentTime, Symptoms, Status, Priority, TokenNumber) VALUES (29, 42, '2025-08-16', '13:15:00', 'Back pain', 'Completed', 'Normal', 177);
INSERT INTO Visit (MemberID, DoctorID, AppointmentID, VisitDate, VisitTime, ChiefComplaint, Diagnosis, VitalSigns, TreatmentNotes, FollowUpRequired, FollowUpDate, VisitType, Status) VALUES (29, 42, 67, '2025-08-16', '11:20:00', 'Back pain', 'Asthma', '{"bp":"121/80","temp":99.5}', 'Advised rest, medication prescribed', FALSE, NULL, 'Scheduled', 'Completed');
INSERT INTO Prescription (VisitID, MemberID, DoctorID, IssueDate, ValidUntil, Diagnosis, SpecialInstructions, Status) VALUES (36, 29, 42, '2025-08-16', '2025-08-26', 'Asthma', 'Take medicines after meals', 'Active');
INSERT INTO PrescriptionItem (PrescriptionID, MedicineID, Dosage, Frequency, Duration, Quantity) VALUES (36, 26, '5mg', 'Once daily', '10 days', 8);
INSERT INTO PrescriptionItem (PrescriptionID, MedicineID, Dosage, Frequency, Duration, Quantity) VALUES (36, 27, '400mg', 'Twice daily', '10 days', 15);
INSERT INTO PrescriptionItem (PrescriptionID, MedicineID, Dosage, Frequency, Duration, Quantity) VALUES (36, 1, '10mg', 'Once daily', '5 days', 6);
INSERT INTO BillPayment (VisitID, BillDate, BillTime, ConsultationFee, MedicineCost, LabTestCost, OtherCharges, SubTotal, DiscountAmount, TaxAmount, TotalAmount, PaymentMethod, PaymentStatus, PaidAmount, BalanceAmount, BilledBy) VALUES (36, '2025-08-16', '09:30:00', 100, 102.54, 0.00, 0.00, 202.54, 0.0, 0.0, 202.54, 'Card', 'Paid', 202.54, 0.00, 2);
INSERT INTO Appointment (MemberID, DoctorID, AppointmentDate, AppointmentTime, Symptoms, Status, Priority, TokenNumber) VALUES (29, 28, '2026-04-29', '12:15:00', 'Acid reflux', 'Scheduled', 'Normal', 170);
INSERT INTO Appointment (MemberID, DoctorID, AppointmentDate, AppointmentTime, Symptoms, Status, Priority, TokenNumber) VALUES (30, 7, '2025-12-25', '14:45:00', 'Joint pain', 'Completed', 'Normal', 111);
INSERT INTO Visit (MemberID, DoctorID, AppointmentID, VisitDate, VisitTime, ChiefComplaint, Diagnosis, VitalSigns, TreatmentNotes, FollowUpRequired, FollowUpDate, VisitType, Status) VALUES (30, 7, 69, '2025-12-25', '15:35:00', 'Joint pain', 'Viral gastroenteritis', '{"bp":"128/82","temp":97.3}', 'Advised rest, medication prescribed', TRUE, '2026-04-13', 'Scheduled', 'Completed');
INSERT INTO Prescription (VisitID, MemberID, DoctorID, IssueDate, ValidUntil, Diagnosis, SpecialInstructions, Status) VALUES (37, 30, 7, '2025-12-25', '2026-01-04', 'Viral gastroenteritis', 'Take medicines after meals', 'Active');
INSERT INTO PrescriptionItem (PrescriptionID, MedicineID, Dosage, Frequency, Duration, Quantity) VALUES (37, 22, '20mg', 'Thrice daily', '10 days', 7);
INSERT INTO PrescriptionItem (PrescriptionID, MedicineID, Dosage, Frequency, Duration, Quantity) VALUES (37, 18, '500mg', 'As needed', '5 days', 14);
INSERT INTO BillPayment (VisitID, BillDate, BillTime, ConsultationFee, MedicineCost, LabTestCost, OtherCharges, SubTotal, DiscountAmount, TaxAmount, TotalAmount, PaymentMethod, PaymentStatus, PaidAmount, BalanceAmount, BilledBy) VALUES (37, '2025-12-25', '11:15:00', 0, 110.87, 0.00, 0.00, 110.87, 0.0, 0.0, 110.87, 'Free', 'Paid', 110.87, 0.00, 2);
INSERT INTO Appointment (MemberID, DoctorID, AppointmentDate, AppointmentTime, Symptoms, Status, Priority, TokenNumber) VALUES (30, 38, '2025-12-05', '10:45:00', 'Dizziness', 'Completed', 'Normal', 239);
INSERT INTO Visit (MemberID, DoctorID, AppointmentID, VisitDate, VisitTime, ChiefComplaint, Diagnosis, VitalSigns, TreatmentNotes, FollowUpRequired, FollowUpDate, VisitType, Status) VALUES (30, 38, 70, '2025-12-05', '13:20:00', 'Dizziness', 'Viral gastroenteritis', '{"bp":"114/72","temp":101.8}', 'Advised rest, medication prescribed', FALSE, NULL, 'Scheduled', 'Completed');
INSERT INTO Prescription (VisitID, MemberID, DoctorID, IssueDate, ValidUntil, Diagnosis, SpecialInstructions, Status) VALUES (38, 30, 38, '2025-12-05', '2025-12-15', 'Viral gastroenteritis', 'Take medicines after meals', 'Active');
INSERT INTO PrescriptionItem (PrescriptionID, MedicineID, Dosage, Frequency, Duration, Quantity) VALUES (38, 24, '250mg', 'Thrice daily', '10 days', 6);
INSERT INTO PrescriptionItem (PrescriptionID, MedicineID, Dosage, Frequency, Duration, Quantity) VALUES (38, 29, '5mg', 'Thrice daily', '7 days', 6);
INSERT INTO PrescriptionItem (PrescriptionID, MedicineID, Dosage, Frequency, Duration, Quantity) VALUES (38, 14, '400mg', 'Thrice daily', '7 days', 12);
INSERT INTO BillPayment (VisitID, BillDate, BillTime, ConsultationFee, MedicineCost, LabTestCost, OtherCharges, SubTotal, DiscountAmount, TaxAmount, TotalAmount, PaymentMethod, PaymentStatus, PaidAmount, BalanceAmount, BilledBy) VALUES (38, '2025-12-05', '15:45:00', 0, 59.28, 0.00, 0.00, 59.28, 0.0, 0.0, 59.28, 'Free', 'Paid', 59.28, 0.00, 2);
INSERT INTO Appointment (MemberID, DoctorID, AppointmentDate, AppointmentTime, Symptoms, Status, Priority, TokenNumber) VALUES (31, 52, '2026-02-21', '09:30:00', 'Fever', 'Completed', 'Normal', 108);
INSERT INTO Visit (MemberID, DoctorID, AppointmentID, VisitDate, VisitTime, ChiefComplaint, Diagnosis, VitalSigns, TreatmentNotes, FollowUpRequired, FollowUpDate, VisitType, Status) VALUES (31, 52, 71, '2026-02-21', '14:35:00', 'Fever', 'Iron deficiency anaemia', '{"bp":"130/72","temp":101.0}', 'Advised rest, medication prescribed', TRUE, '2026-04-04', 'Scheduled', 'Completed');
INSERT INTO Prescription (VisitID, MemberID, DoctorID, IssueDate, ValidUntil, Diagnosis, SpecialInstructions, Status) VALUES (39, 31, 52, '2026-02-21', '2026-03-03', 'Iron deficiency anaemia', 'Take medicines after meals', 'Active');
INSERT INTO PrescriptionItem (PrescriptionID, MedicineID, Dosage, Frequency, Duration, Quantity) VALUES (39, 8, '250mg', 'Once daily', '10 days', 12);
INSERT INTO PrescriptionItem (PrescriptionID, MedicineID, Dosage, Frequency, Duration, Quantity) VALUES (39, 35, '400mg', 'Twice daily', '3 days', 15);
INSERT INTO BillPayment (VisitID, BillDate, BillTime, ConsultationFee, MedicineCost, LabTestCost, OtherCharges, SubTotal, DiscountAmount, TaxAmount, TotalAmount, PaymentMethod, PaymentStatus, PaidAmount, BalanceAmount, BilledBy) VALUES (39, '2026-02-21', '16:15:00', 150, 248.97, 0.00, 0.00, 398.97, 0.0, 0.0, 398.97, 'Free', 'Paid', 398.97, 0.00, 2);
INSERT INTO Appointment (MemberID, DoctorID, AppointmentDate, AppointmentTime, Symptoms, Status, Priority, TokenNumber) VALUES (31, 42, '2025-12-14', '14:45:00', 'Fatigue', 'Completed', 'Normal', 289);
INSERT INTO Visit (MemberID, DoctorID, AppointmentID, VisitDate, VisitTime, ChiefComplaint, Diagnosis, VitalSigns, TreatmentNotes, FollowUpRequired, FollowUpDate, VisitType, Status) VALUES (31, 42, 72, '2025-12-14', '09:35:00', 'Fatigue', 'Conjunctivitis', '{"bp":"110/89","temp":101.6}', 'Advised rest, medication prescribed', FALSE, NULL, 'Scheduled', 'Completed');
INSERT INTO Prescription (VisitID, MemberID, DoctorID, IssueDate, ValidUntil, Diagnosis, SpecialInstructions, Status) VALUES (40, 31, 42, '2025-12-14', '2025-12-24', 'Conjunctivitis', 'Take medicines after meals', 'Active');
INSERT INTO PrescriptionItem (PrescriptionID, MedicineID, Dosage, Frequency, Duration, Quantity) VALUES (40, 1, '10mg', 'As needed', '5 days', 7);
INSERT INTO PrescriptionItem (PrescriptionID, MedicineID, Dosage, Frequency, Duration, Quantity) VALUES (40, 15, '250mg', 'Thrice daily', '10 days', 13);
INSERT INTO BillPayment (VisitID, BillDate, BillTime, ConsultationFee, MedicineCost, LabTestCost, OtherCharges, SubTotal, DiscountAmount, TaxAmount, TotalAmount, PaymentMethod, PaymentStatus, PaidAmount, BalanceAmount, BilledBy) VALUES (40, '2025-12-14', '11:15:00', 50, 235.58, 0.00, 0.00, 285.58, 0.0, 0.0, 285.58, 'Card', 'Paid', 285.58, 0.00, 2);
INSERT INTO Appointment (MemberID, DoctorID, AppointmentDate, AppointmentTime, Symptoms, Status, Priority, TokenNumber) VALUES (32, 50, '2025-10-11', '11:00:00', 'Fever', 'Completed', 'Normal', 110);
INSERT INTO Visit (MemberID, DoctorID, AppointmentID, VisitDate, VisitTime, ChiefComplaint, Diagnosis, VitalSigns, TreatmentNotes, FollowUpRequired, FollowUpDate, VisitType, Status) VALUES (32, 50, 73, '2025-10-11', '14:05:00', 'Fever', 'Myalgia', '{"bp":"120/77","temp":100.6}', 'Advised rest, medication prescribed', FALSE, NULL, 'Scheduled', 'Completed');
INSERT INTO Prescription (VisitID, MemberID, DoctorID, IssueDate, ValidUntil, Diagnosis, SpecialInstructions, Status) VALUES (41, 32, 50, '2025-10-11', '2025-10-21', 'Myalgia', 'Take medicines after meals', 'Active');
INSERT INTO PrescriptionItem (PrescriptionID, MedicineID, Dosage, Frequency, Duration, Quantity) VALUES (41, 20, '5mg', 'Thrice daily', '5 days', 6);
INSERT INTO PrescriptionItem (PrescriptionID, MedicineID, Dosage, Frequency, Duration, Quantity) VALUES (41, 11, '10mg', 'Once daily', '5 days', 10);
INSERT INTO BillPayment (VisitID, BillDate, BillTime, ConsultationFee, MedicineCost, LabTestCost, OtherCharges, SubTotal, DiscountAmount, TaxAmount, TotalAmount, PaymentMethod, PaymentStatus, PaidAmount, BalanceAmount, BilledBy) VALUES (41, '2025-10-11', '09:45:00', 0, 253.56, 0.00, 0.00, 253.56, 0.0, 0.0, 253.56, 'Free', 'Paid', 253.56, 0.00, 2);
INSERT INTO Appointment (MemberID, DoctorID, AppointmentDate, AppointmentTime, Symptoms, Status, Priority, TokenNumber) VALUES (32, 48, '2026-04-14', '15:00:00', 'Ear pain', 'Scheduled', 'Normal', 150);
INSERT INTO Appointment (MemberID, DoctorID, AppointmentDate, AppointmentTime, Symptoms, Status, Priority, TokenNumber) VALUES (33, 14, '2026-06-02', '10:00:00', 'Stomach ache', 'Scheduled', 'Normal', 248);
INSERT INTO Appointment (MemberID, DoctorID, AppointmentDate, AppointmentTime, Symptoms, Status, Priority, TokenNumber) VALUES (33, 47, '2025-12-24', '12:00:00', 'Allergic reaction', 'Completed', 'Normal', 191);
INSERT INTO Visit (MemberID, DoctorID, AppointmentID, VisitDate, VisitTime, ChiefComplaint, Diagnosis, VitalSigns, TreatmentNotes, FollowUpRequired, FollowUpDate, VisitType, Status) VALUES (33, 47, 76, '2025-12-24', '14:35:00', 'Allergic reaction', 'Vitamin D deficiency', '{"bp":"135/86","temp":99.0}', 'Advised rest, medication prescribed', TRUE, '2026-03-27', 'Scheduled', 'Completed');
INSERT INTO Prescription (VisitID, MemberID, DoctorID, IssueDate, ValidUntil, Diagnosis, SpecialInstructions, Status) VALUES (42, 33, 47, '2025-12-24', '2026-01-03', 'Vitamin D deficiency', 'Take medicines after meals', 'Active');
INSERT INTO PrescriptionItem (PrescriptionID, MedicineID, Dosage, Frequency, Duration, Quantity) VALUES (42, 33, '500mg', 'Once daily', '10 days', 15);
INSERT INTO PrescriptionItem (PrescriptionID, MedicineID, Dosage, Frequency, Duration, Quantity) VALUES (42, 8, '5mg', 'As needed', '3 days', 8);
INSERT INTO PrescriptionItem (PrescriptionID, MedicineID, Dosage, Frequency, Duration, Quantity) VALUES (42, 30, '10mg', 'Thrice daily', '3 days', 9);
INSERT INTO BillPayment (VisitID, BillDate, BillTime, ConsultationFee, MedicineCost, LabTestCost, OtherCharges, SubTotal, DiscountAmount, TaxAmount, TotalAmount, PaymentMethod, PaymentStatus, PaidAmount, BalanceAmount, BilledBy) VALUES (42, '2025-12-24', '15:45:00', 100, 84.22, 0.00, 0.00, 184.22, 0.0, 0.0, 184.22, 'Cash', 'Paid', 184.22, 0.00, 2);
INSERT INTO Appointment (MemberID, DoctorID, AppointmentDate, AppointmentTime, Symptoms, Status, Priority, TokenNumber) VALUES (34, 2, '2026-04-23', '14:00:00', 'Body pain', 'Scheduled', 'Urgent', 145);
INSERT INTO Appointment (MemberID, DoctorID, AppointmentDate, AppointmentTime, Symptoms, Status, Priority, TokenNumber) VALUES (34, 37, '2025-06-25', '11:15:00', 'Muscle cramps', 'Completed', 'Normal', 109);
INSERT INTO Visit (MemberID, DoctorID, AppointmentID, VisitDate, VisitTime, ChiefComplaint, Diagnosis, VitalSigns, TreatmentNotes, FollowUpRequired, FollowUpDate, VisitType, Status) VALUES (34, 37, 78, '2025-06-25', '12:20:00', 'Muscle cramps', 'Common cold', '{"bp":"123/75","temp":99.3}', 'Advised rest, medication prescribed', FALSE, NULL, 'Scheduled', 'Completed');
INSERT INTO Prescription (VisitID, MemberID, DoctorID, IssueDate, ValidUntil, Diagnosis, SpecialInstructions, Status) VALUES (43, 34, 37, '2025-06-25', '2025-07-05', 'Common cold', 'Take medicines after meals', 'Active');
INSERT INTO PrescriptionItem (PrescriptionID, MedicineID, Dosage, Frequency, Duration, Quantity) VALUES (43, 34, '400mg', 'Twice daily', '7 days', 4);
INSERT INTO PrescriptionItem (PrescriptionID, MedicineID, Dosage, Frequency, Duration, Quantity) VALUES (43, 10, '250mg', 'Once daily', '10 days', 6);
INSERT INTO BillPayment (VisitID, BillDate, BillTime, ConsultationFee, MedicineCost, LabTestCost, OtherCharges, SubTotal, DiscountAmount, TaxAmount, TotalAmount, PaymentMethod, PaymentStatus, PaidAmount, BalanceAmount, BilledBy) VALUES (43, '2025-06-25', '13:30:00', 100, 133.02, 0.00, 0.00, 233.02, 0.0, 0.0, 233.02, 'Card', 'Paid', 233.02, 0.00, 2);
INSERT INTO Appointment (MemberID, DoctorID, AppointmentDate, AppointmentTime, Symptoms, Status, Priority, TokenNumber) VALUES (35, 2, '2026-04-30', '09:45:00', 'Cold and cough', 'Scheduled', 'Normal', 136);
INSERT INTO Appointment (MemberID, DoctorID, AppointmentDate, AppointmentTime, Symptoms, Status, Priority, TokenNumber) VALUES (35, 27, '2025-09-05', '11:15:00', 'Sore throat', 'Completed', 'Normal', 157);
INSERT INTO Visit (MemberID, DoctorID, AppointmentID, VisitDate, VisitTime, ChiefComplaint, Diagnosis, VitalSigns, TreatmentNotes, FollowUpRequired, FollowUpDate, VisitType, Status) VALUES (35, 27, 80, '2025-09-05', '15:05:00', 'Sore throat', 'Tension headache', '{"bp":"124/83","temp":101.7}', 'Advised rest, medication prescribed', TRUE, '2026-04-09', 'Scheduled', 'Completed');
INSERT INTO Prescription (VisitID, MemberID, DoctorID, IssueDate, ValidUntil, Diagnosis, SpecialInstructions, Status) VALUES (44, 35, 27, '2025-09-05', '2025-09-15', 'Tension headache', 'Take medicines after meals', 'Active');
INSERT INTO PrescriptionItem (PrescriptionID, MedicineID, Dosage, Frequency, Duration, Quantity) VALUES (44, 9, '5mg', 'As needed', '7 days', 5);
INSERT INTO PrescriptionItem (PrescriptionID, MedicineID, Dosage, Frequency, Duration, Quantity) VALUES (44, 1, '10mg', 'Thrice daily', '3 days', 10);
INSERT INTO PrescriptionItem (PrescriptionID, MedicineID, Dosage, Frequency, Duration, Quantity) VALUES (44, 20, '5mg', 'Twice daily', '5 days', 6);
INSERT INTO BillPayment (VisitID, BillDate, BillTime, ConsultationFee, MedicineCost, LabTestCost, OtherCharges, SubTotal, DiscountAmount, TaxAmount, TotalAmount, PaymentMethod, PaymentStatus, PaidAmount, BalanceAmount, BilledBy) VALUES (44, '2025-09-05', '12:00:00', 200, 56.35, 0.00, 0.00, 256.35, 0.0, 0.0, 256.35, 'UPI', 'Paid', 256.35, 0.00, 2);
INSERT INTO Appointment (MemberID, DoctorID, AppointmentDate, AppointmentTime, Symptoms, Status, Priority, TokenNumber) VALUES (36, 48, '2025-08-23', '13:00:00', 'Dizziness', 'Completed', 'Normal', 147);
INSERT INTO Visit (MemberID, DoctorID, AppointmentID, VisitDate, VisitTime, ChiefComplaint, Diagnosis, VitalSigns, TreatmentNotes, FollowUpRequired, FollowUpDate, VisitType, Status) VALUES (36, 48, 81, '2025-08-23', '13:20:00', 'Dizziness', 'Vitamin D deficiency', '{"bp":"124/88","temp":99.9}', 'Advised rest, medication prescribed', FALSE, NULL, 'Scheduled', 'Completed');
INSERT INTO Prescription (VisitID, MemberID, DoctorID, IssueDate, ValidUntil, Diagnosis, SpecialInstructions, Status) VALUES (45, 36, 48, '2025-08-23', '2025-09-02', 'Vitamin D deficiency', 'Take medicines after meals', 'Active');
INSERT INTO PrescriptionItem (PrescriptionID, MedicineID, Dosage, Frequency, Duration, Quantity) VALUES (45, 9, '10mg', 'Twice daily', '3 days', 14);
INSERT INTO PrescriptionItem (PrescriptionID, MedicineID, Dosage, Frequency, Duration, Quantity) VALUES (45, 21, '5mg', 'Once daily', '5 days', 5);
INSERT INTO PrescriptionItem (PrescriptionID, MedicineID, Dosage, Frequency, Duration, Quantity) VALUES (45, 28, '500mg', 'Twice daily', '3 days', 15);
INSERT INTO BillPayment (VisitID, BillDate, BillTime, ConsultationFee, MedicineCost, LabTestCost, OtherCharges, SubTotal, DiscountAmount, TaxAmount, TotalAmount, PaymentMethod, PaymentStatus, PaidAmount, BalanceAmount, BilledBy) VALUES (45, '2025-08-23', '09:45:00', 50, 65.33, 0.00, 0.00, 115.33, 0.0, 0.0, 115.33, 'Card', 'Paid', 115.33, 0.00, 2);
INSERT INTO Appointment (MemberID, DoctorID, AppointmentDate, AppointmentTime, Symptoms, Status, Priority, TokenNumber) VALUES (36, 31, '2026-04-12', '15:45:00', 'Nausea', 'Scheduled', 'Normal', 167);
INSERT INTO Appointment (MemberID, DoctorID, AppointmentDate, AppointmentTime, Symptoms, Status, Priority, TokenNumber) VALUES (37, 35, '2025-10-25', '14:30:00', 'Stomach ache', 'Completed', 'Normal', 224);
INSERT INTO Visit (MemberID, DoctorID, AppointmentID, VisitDate, VisitTime, ChiefComplaint, Diagnosis, VitalSigns, TreatmentNotes, FollowUpRequired, FollowUpDate, VisitType, Status) VALUES (37, 35, 83, '2025-10-25', '16:05:00', 'Stomach ache', 'Insomnia', '{"bp":"120/86","temp":98.4}', 'Advised rest, medication prescribed', FALSE, NULL, 'Scheduled', 'Completed');
INSERT INTO Prescription (VisitID, MemberID, DoctorID, IssueDate, ValidUntil, Diagnosis, SpecialInstructions, Status) VALUES (46, 37, 35, '2025-10-25', '2025-11-04', 'Insomnia', 'Take medicines after meals', 'Active');
INSERT INTO PrescriptionItem (PrescriptionID, MedicineID, Dosage, Frequency, Duration, Quantity) VALUES (46, 28, '250mg', 'Once daily', '5 days', 10);
INSERT INTO PrescriptionItem (PrescriptionID, MedicineID, Dosage, Frequency, Duration, Quantity) VALUES (46, 2, '500mg', 'Once daily', '7 days', 5);
INSERT INTO PrescriptionItem (PrescriptionID, MedicineID, Dosage, Frequency, Duration, Quantity) VALUES (46, 35, '10mg', 'Thrice daily', '10 days', 9);
INSERT INTO BillPayment (VisitID, BillDate, BillTime, ConsultationFee, MedicineCost, LabTestCost, OtherCharges, SubTotal, DiscountAmount, TaxAmount, TotalAmount, PaymentMethod, PaymentStatus, PaidAmount, BalanceAmount, BilledBy) VALUES (46, '2025-10-25', '17:15:00', 200, 295.61, 0.00, 0.00, 495.61, 0.0, 0.0, 495.61, 'Cash', 'Paid', 495.61, 0.00, 2);
INSERT INTO Appointment (MemberID, DoctorID, AppointmentDate, AppointmentTime, Symptoms, Status, Priority, TokenNumber) VALUES (37, 26, '2026-05-23', '12:15:00', 'Vomiting', 'Scheduled', 'Normal', 104);
INSERT INTO Appointment (MemberID, DoctorID, AppointmentDate, AppointmentTime, Symptoms, Status, Priority, TokenNumber) VALUES (38, 13, '2026-05-03', '11:00:00', 'Insomnia', 'Scheduled', 'Normal', 158);
INSERT INTO Appointment (MemberID, DoctorID, AppointmentDate, AppointmentTime, Symptoms, Status, Priority, TokenNumber) VALUES (38, 45, '2026-05-25', '11:30:00', 'Stomach ache', 'Scheduled', 'Normal', 142);
INSERT INTO Appointment (MemberID, DoctorID, AppointmentDate, AppointmentTime, Symptoms, Status, Priority, TokenNumber) VALUES (39, 41, '2026-03-18', '12:15:00', 'Insomnia', 'Scheduled', 'Urgent', 256);
INSERT INTO Appointment (MemberID, DoctorID, AppointmentDate, AppointmentTime, Symptoms, Status, Priority, TokenNumber) VALUES (39, 28, '2026-04-23', '09:45:00', 'Knee pain', 'Scheduled', 'Normal', 233);
INSERT INTO Appointment (MemberID, DoctorID, AppointmentDate, AppointmentTime, Symptoms, Status, Priority, TokenNumber) VALUES (40, 27, '2026-05-17', '14:15:00', 'Joint pain', 'Scheduled', 'Urgent', 100);
INSERT INTO Appointment (MemberID, DoctorID, AppointmentDate, AppointmentTime, Symptoms, Status, Priority, TokenNumber) VALUES (40, 5, '2025-06-06', '13:15:00', 'Joint pain', 'Completed', 'Normal', 117);
INSERT INTO Visit (MemberID, DoctorID, AppointmentID, VisitDate, VisitTime, ChiefComplaint, Diagnosis, VitalSigns, TreatmentNotes, FollowUpRequired, FollowUpDate, VisitType, Status) VALUES (40, 5, 90, '2025-06-06', '15:10:00', 'Joint pain', 'Common cold', '{"bp":"134/77","temp":99.2}', 'Advised rest, medication prescribed', TRUE, '2026-03-30', 'Scheduled', 'Completed');
INSERT INTO Prescription (VisitID, MemberID, DoctorID, IssueDate, ValidUntil, Diagnosis, SpecialInstructions, Status) VALUES (47, 40, 5, '2025-06-06', '2025-06-16', 'Common cold', 'Take medicines after meals', 'Active');
INSERT INTO PrescriptionItem (PrescriptionID, MedicineID, Dosage, Frequency, Duration, Quantity) VALUES (47, 27, '20mg', 'Twice daily', '5 days', 8);
INSERT INTO PrescriptionItem (PrescriptionID, MedicineID, Dosage, Frequency, Duration, Quantity) VALUES (47, 26, '500mg', 'Twice daily', '7 days', 5);
INSERT INTO BillPayment (VisitID, BillDate, BillTime, ConsultationFee, MedicineCost, LabTestCost, OtherCharges, SubTotal, DiscountAmount, TaxAmount, TotalAmount, PaymentMethod, PaymentStatus, PaidAmount, BalanceAmount, BilledBy) VALUES (47, '2025-06-06', '12:45:00', 150, 54.57, 0.00, 0.00, 204.57, 0.0, 0.0, 204.57, 'UPI', 'Paid', 204.57, 0.00, 2);
INSERT INTO Appointment (MemberID, DoctorID, AppointmentDate, AppointmentTime, Symptoms, Status, Priority, TokenNumber) VALUES (41, 10, '2026-03-18', '14:00:00', 'Loose motions', 'Scheduled', 'Normal', 179);
INSERT INTO Appointment (MemberID, DoctorID, AppointmentDate, AppointmentTime, Symptoms, Status, Priority, TokenNumber) VALUES (41, 34, '2025-04-30', '16:15:00', 'Vomiting', 'Completed', 'Normal', 131);
INSERT INTO Visit (MemberID, DoctorID, AppointmentID, VisitDate, VisitTime, ChiefComplaint, Diagnosis, VitalSigns, TreatmentNotes, FollowUpRequired, FollowUpDate, VisitType, Status) VALUES (41, 34, 92, '2025-04-30', '16:10:00', 'Vomiting', 'Insomnia', '{"bp":"120/78","temp":102.2}', 'Advised rest, medication prescribed', TRUE, '2026-04-17', 'Scheduled', 'Completed');
INSERT INTO Prescription (VisitID, MemberID, DoctorID, IssueDate, ValidUntil, Diagnosis, SpecialInstructions, Status) VALUES (48, 41, 34, '2025-04-30', '2025-05-10', 'Insomnia', 'Take medicines after meals', 'Active');
INSERT INTO PrescriptionItem (PrescriptionID, MedicineID, Dosage, Frequency, Duration, Quantity) VALUES (48, 25, '500mg', 'As needed', '10 days', 12);
INSERT INTO PrescriptionItem (PrescriptionID, MedicineID, Dosage, Frequency, Duration, Quantity) VALUES (48, 17, '250mg', 'As needed', '7 days', 6);
INSERT INTO BillPayment (VisitID, BillDate, BillTime, ConsultationFee, MedicineCost, LabTestCost, OtherCharges, SubTotal, DiscountAmount, TaxAmount, TotalAmount, PaymentMethod, PaymentStatus, PaidAmount, BalanceAmount, BilledBy) VALUES (48, '2025-04-30', '12:45:00', 200, 48.85, 0.00, 0.00, 248.85, 0.0, 0.0, 248.85, 'Card', 'Paid', 248.85, 0.00, 2);
INSERT INTO Appointment (MemberID, DoctorID, AppointmentDate, AppointmentTime, Symptoms, Status, Priority, TokenNumber) VALUES (42, 54, '2026-05-13', '15:00:00', 'Loose motions', 'Scheduled', 'Normal', 297);
INSERT INTO Appointment (MemberID, DoctorID, AppointmentDate, AppointmentTime, Symptoms, Status, Priority, TokenNumber) VALUES (42, 18, '2026-04-23', '13:30:00', 'Eye irritation', 'Scheduled', 'Normal', 164);
INSERT INTO Appointment (MemberID, DoctorID, AppointmentDate, AppointmentTime, Symptoms, Status, Priority, TokenNumber) VALUES (43, 23, '2026-01-25', '16:15:00', 'Anxiety', 'Completed', 'Normal', 251);
INSERT INTO Visit (MemberID, DoctorID, AppointmentID, VisitDate, VisitTime, ChiefComplaint, Diagnosis, VitalSigns, TreatmentNotes, FollowUpRequired, FollowUpDate, VisitType, Status) VALUES (43, 23, 95, '2026-01-25', '13:05:00', 'Anxiety', 'Conjunctivitis', '{"bp":"136/85","temp":100.1}', 'Advised rest, medication prescribed', FALSE, NULL, 'Scheduled', 'Completed');
INSERT INTO Prescription (VisitID, MemberID, DoctorID, IssueDate, ValidUntil, Diagnosis, SpecialInstructions, Status) VALUES (49, 43, 23, '2026-01-25', '2026-02-04', 'Conjunctivitis', 'Take medicines after meals', 'Active');
INSERT INTO PrescriptionItem (PrescriptionID, MedicineID, Dosage, Frequency, Duration, Quantity) VALUES (49, 34, '20mg', 'Once daily', '3 days', 12);
INSERT INTO PrescriptionItem (PrescriptionID, MedicineID, Dosage, Frequency, Duration, Quantity) VALUES (49, 25, '500mg', 'Once daily', '5 days', 8);
INSERT INTO PrescriptionItem (PrescriptionID, MedicineID, Dosage, Frequency, Duration, Quantity) VALUES (49, 3, '20mg', 'As needed', '10 days', 14);
INSERT INTO BillPayment (VisitID, BillDate, BillTime, ConsultationFee, MedicineCost, LabTestCost, OtherCharges, SubTotal, DiscountAmount, TaxAmount, TotalAmount, PaymentMethod, PaymentStatus, PaidAmount, BalanceAmount, BilledBy) VALUES (49, '2026-01-25', '16:00:00', 0, 117.25, 0.00, 0.00, 117.25, 0.0, 0.0, 117.25, 'Free', 'Paid', 117.25, 0.00, 2);
INSERT INTO Appointment (MemberID, DoctorID, AppointmentDate, AppointmentTime, Symptoms, Status, Priority, TokenNumber) VALUES (43, 26, '2026-06-07', '15:00:00', 'Nausea', 'Scheduled', 'Normal', 106);
INSERT INTO Appointment (MemberID, DoctorID, AppointmentDate, AppointmentTime, Symptoms, Status, Priority, TokenNumber) VALUES (44, 41, '2026-03-31', '13:45:00', 'Fever', 'Scheduled', 'Normal', 164);
INSERT INTO Appointment (MemberID, DoctorID, AppointmentDate, AppointmentTime, Symptoms, Status, Priority, TokenNumber) VALUES (44, 23, '2026-05-02', '14:15:00', 'Back pain', 'Scheduled', 'Normal', 112);
INSERT INTO Appointment (MemberID, DoctorID, AppointmentDate, AppointmentTime, Symptoms, Status, Priority, TokenNumber) VALUES (45, 21, '2025-04-26', '13:15:00', 'Nausea', 'Completed', 'Normal', 240);
INSERT INTO Visit (MemberID, DoctorID, AppointmentID, VisitDate, VisitTime, ChiefComplaint, Diagnosis, VitalSigns, TreatmentNotes, FollowUpRequired, FollowUpDate, VisitType, Status) VALUES (45, 21, 99, '2025-04-26', '14:35:00', 'Nausea', 'Acute diarrhea', '{"bp":"134/75","temp":101.6}', 'Advised rest, medication prescribed', FALSE, NULL, 'Scheduled', 'Completed');
INSERT INTO Prescription (VisitID, MemberID, DoctorID, IssueDate, ValidUntil, Diagnosis, SpecialInstructions, Status) VALUES (50, 45, 21, '2025-04-26', '2025-05-06', 'Acute diarrhea', 'Take medicines after meals', 'Active');
INSERT INTO PrescriptionItem (PrescriptionID, MedicineID, Dosage, Frequency, Duration, Quantity) VALUES (50, 22, '20mg', 'Twice daily', '7 days', 7);
INSERT INTO PrescriptionItem (PrescriptionID, MedicineID, Dosage, Frequency, Duration, Quantity) VALUES (50, 23, '500mg', 'Once daily', '10 days', 8);
INSERT INTO BillPayment (VisitID, BillDate, BillTime, ConsultationFee, MedicineCost, LabTestCost, OtherCharges, SubTotal, DiscountAmount, TaxAmount, TotalAmount, PaymentMethod, PaymentStatus, PaidAmount, BalanceAmount, BilledBy) VALUES (50, '2025-04-26', '15:15:00', 200, 159.21, 0.00, 0.00, 359.21, 0.0, 0.0, 359.21, 'UPI', 'Paid', 359.21, 0.00, 2);
INSERT INTO Appointment (MemberID, DoctorID, AppointmentDate, AppointmentTime, Symptoms, Status, Priority, TokenNumber) VALUES (45, 17, '2026-05-20', '14:30:00', 'Ear pain', 'Scheduled', 'Urgent', 293);
INSERT INTO Appointment (MemberID, DoctorID, AppointmentDate, AppointmentTime, Symptoms, Status, Priority, TokenNumber) VALUES (46, 11, '2026-04-29', '09:00:00', 'Nausea', 'Scheduled', 'Normal', 229);
INSERT INTO Appointment (MemberID, DoctorID, AppointmentDate, AppointmentTime, Symptoms, Status, Priority, TokenNumber) VALUES (46, 45, '2026-03-18', '13:15:00', 'Skin rash', 'Scheduled', 'Normal', 119);
INSERT INTO Appointment (MemberID, DoctorID, AppointmentDate, AppointmentTime, Symptoms, Status, Priority, TokenNumber) VALUES (47, 13, '2025-03-18', '15:30:00', 'Body pain', 'Completed', 'Normal', 236);
INSERT INTO Visit (MemberID, DoctorID, AppointmentID, VisitDate, VisitTime, ChiefComplaint, Diagnosis, VitalSigns, TreatmentNotes, FollowUpRequired, FollowUpDate, VisitType, Status) VALUES (47, 13, 103, '2025-03-18', '15:10:00', 'Body pain', 'Asthma', '{"bp":"113/79","temp":100.4}', 'Advised rest, medication prescribed', FALSE, NULL, 'Scheduled', 'Completed');
INSERT INTO Prescription (VisitID, MemberID, DoctorID, IssueDate, ValidUntil, Diagnosis, SpecialInstructions, Status) VALUES (51, 47, 13, '2025-03-18', '2025-03-28', 'Asthma', 'Take medicines after meals', 'Active');
INSERT INTO PrescriptionItem (PrescriptionID, MedicineID, Dosage, Frequency, Duration, Quantity) VALUES (51, 21, '5mg', 'Once daily', '5 days', 11);
INSERT INTO PrescriptionItem (PrescriptionID, MedicineID, Dosage, Frequency, Duration, Quantity) VALUES (51, 15, '250mg', 'Thrice daily', '3 days', 10);
INSERT INTO BillPayment (VisitID, BillDate, BillTime, ConsultationFee, MedicineCost, LabTestCost, OtherCharges, SubTotal, DiscountAmount, TaxAmount, TotalAmount, PaymentMethod, PaymentStatus, PaidAmount, BalanceAmount, BilledBy) VALUES (51, '2025-03-18', '12:15:00', 50, 253.31, 0.00, 0.00, 303.31, 0.0, 0.0, 303.31, 'UPI', 'Paid', 303.31, 0.00, 2);
INSERT INTO Appointment (MemberID, DoctorID, AppointmentDate, AppointmentTime, Symptoms, Status, Priority, TokenNumber) VALUES (47, 29, '2026-03-18', '12:15:00', 'Fever', 'Scheduled', 'Normal', 105);
INSERT INTO Appointment (MemberID, DoctorID, AppointmentDate, AppointmentTime, Symptoms, Status, Priority, TokenNumber) VALUES (48, 55, '2026-03-18', '16:45:00', 'Insomnia', 'Scheduled', 'Normal', 245);
INSERT INTO Appointment (MemberID, DoctorID, AppointmentDate, AppointmentTime, Symptoms, Status, Priority, TokenNumber) VALUES (48, 13, '2025-06-25', '15:45:00', 'Joint pain', 'Completed', 'Normal', 193);
INSERT INTO Visit (MemberID, DoctorID, AppointmentID, VisitDate, VisitTime, ChiefComplaint, Diagnosis, VitalSigns, TreatmentNotes, FollowUpRequired, FollowUpDate, VisitType, Status) VALUES (48, 13, 106, '2025-06-25', '15:20:00', 'Joint pain', 'Lumbar spondylosis', '{"bp":"139/77","temp":98.8}', 'Advised rest, medication prescribed', FALSE, NULL, 'Scheduled', 'Completed');
INSERT INTO Prescription (VisitID, MemberID, DoctorID, IssueDate, ValidUntil, Diagnosis, SpecialInstructions, Status) VALUES (52, 48, 13, '2025-06-25', '2025-07-05', 'Lumbar spondylosis', 'Take medicines after meals', 'Active');
INSERT INTO PrescriptionItem (PrescriptionID, MedicineID, Dosage, Frequency, Duration, Quantity) VALUES (52, 5, '400mg', 'Twice daily', '5 days', 4);
INSERT INTO PrescriptionItem (PrescriptionID, MedicineID, Dosage, Frequency, Duration, Quantity) VALUES (52, 9, '20mg', 'As needed', '7 days', 4);
INSERT INTO PrescriptionItem (PrescriptionID, MedicineID, Dosage, Frequency, Duration, Quantity) VALUES (52, 21, '20mg', 'Twice daily', '7 days', 14);
INSERT INTO BillPayment (VisitID, BillDate, BillTime, ConsultationFee, MedicineCost, LabTestCost, OtherCharges, SubTotal, DiscountAmount, TaxAmount, TotalAmount, PaymentMethod, PaymentStatus, PaidAmount, BalanceAmount, BilledBy) VALUES (52, '2025-06-25', '16:30:00', 200, 249.9, 0.00, 0.00, 449.9, 0.0, 0.0, 449.9, 'UPI', 'Paid', 449.9, 0.00, 2);
INSERT INTO Appointment (MemberID, DoctorID, AppointmentDate, AppointmentTime, Symptoms, Status, Priority, TokenNumber) VALUES (49, 37, '2026-05-16', '16:45:00', 'Anxiety', 'Scheduled', 'Normal', 143);
INSERT INTO Appointment (MemberID, DoctorID, AppointmentDate, AppointmentTime, Symptoms, Status, Priority, TokenNumber) VALUES (49, 2, '2025-06-04', '09:30:00', 'Allergic reaction', 'Completed', 'Urgent', 137);
INSERT INTO Visit (MemberID, DoctorID, AppointmentID, VisitDate, VisitTime, ChiefComplaint, Diagnosis, VitalSigns, TreatmentNotes, FollowUpRequired, FollowUpDate, VisitType, Status) VALUES (49, 2, 108, '2025-06-04', '14:05:00', 'Allergic reaction', 'Tension headache', '{"bp":"118/88","temp":98.4}', 'Advised rest, medication prescribed', FALSE, NULL, 'Scheduled', 'Completed');
INSERT INTO Prescription (VisitID, MemberID, DoctorID, IssueDate, ValidUntil, Diagnosis, SpecialInstructions, Status) VALUES (53, 49, 2, '2025-06-04', '2025-06-14', 'Tension headache', 'Take medicines after meals', 'Active');
INSERT INTO PrescriptionItem (PrescriptionID, MedicineID, Dosage, Frequency, Duration, Quantity) VALUES (53, 32, '400mg', 'Twice daily', '10 days', 6);
INSERT INTO PrescriptionItem (PrescriptionID, MedicineID, Dosage, Frequency, Duration, Quantity) VALUES (53, 28, '400mg', 'As needed', '7 days', 11);
INSERT INTO BillPayment (VisitID, BillDate, BillTime, ConsultationFee, MedicineCost, LabTestCost, OtherCharges, SubTotal, DiscountAmount, TaxAmount, TotalAmount, PaymentMethod, PaymentStatus, PaidAmount, BalanceAmount, BilledBy) VALUES (53, '2025-06-04', '11:30:00', 100, 112.55, 0.00, 0.00, 212.55, 0.0, 0.0, 212.55, 'Free', 'Paid', 212.55, 0.00, 2);
INSERT INTO Appointment (MemberID, DoctorID, AppointmentDate, AppointmentTime, Symptoms, Status, Priority, TokenNumber) VALUES (50, 1, '2026-03-25', '14:00:00', 'Headache', 'Scheduled', 'Normal', 235);
INSERT INTO Appointment (MemberID, DoctorID, AppointmentDate, AppointmentTime, Symptoms, Status, Priority, TokenNumber) VALUES (50, 27, '2026-04-12', '12:15:00', 'Stomach ache', 'Scheduled', 'Normal', 226);
INSERT INTO Appointment (MemberID, DoctorID, AppointmentDate, AppointmentTime, Symptoms, Status, Priority, TokenNumber) VALUES (51, 47, '2026-01-31', '10:45:00', 'Anxiety', 'Completed', 'Normal', 275);
INSERT INTO Visit (MemberID, DoctorID, AppointmentID, VisitDate, VisitTime, ChiefComplaint, Diagnosis, VitalSigns, TreatmentNotes, FollowUpRequired, FollowUpDate, VisitType, Status) VALUES (51, 47, 111, '2026-01-31', '15:35:00', 'Anxiety', 'Contact dermatitis', '{"bp":"114/80","temp":98.0}', 'Advised rest, medication prescribed', FALSE, NULL, 'Scheduled', 'Completed');
INSERT INTO Prescription (VisitID, MemberID, DoctorID, IssueDate, ValidUntil, Diagnosis, SpecialInstructions, Status) VALUES (54, 51, 47, '2026-01-31', '2026-02-10', 'Contact dermatitis', 'Take medicines after meals', 'Active');
INSERT INTO PrescriptionItem (PrescriptionID, MedicineID, Dosage, Frequency, Duration, Quantity) VALUES (54, 23, '10mg', 'As needed', '3 days', 5);
INSERT INTO PrescriptionItem (PrescriptionID, MedicineID, Dosage, Frequency, Duration, Quantity) VALUES (54, 12, '10mg', 'As needed', '5 days', 6);
INSERT INTO PrescriptionItem (PrescriptionID, MedicineID, Dosage, Frequency, Duration, Quantity) VALUES (54, 28, '10mg', 'Once daily', '7 days', 10);
INSERT INTO BillPayment (VisitID, BillDate, BillTime, ConsultationFee, MedicineCost, LabTestCost, OtherCharges, SubTotal, DiscountAmount, TaxAmount, TotalAmount, PaymentMethod, PaymentStatus, PaidAmount, BalanceAmount, BilledBy) VALUES (54, '2026-01-31', '09:00:00', 0, 166.68, 0.00, 0.00, 166.68, 0.0, 0.0, 166.68, 'Cash', 'Paid', 166.68, 0.00, 2);
INSERT INTO Appointment (MemberID, DoctorID, AppointmentDate, AppointmentTime, Symptoms, Status, Priority, TokenNumber) VALUES (51, 44, '2025-12-21', '09:00:00', 'Fever', 'Completed', 'Normal', 178);
INSERT INTO Visit (MemberID, DoctorID, AppointmentID, VisitDate, VisitTime, ChiefComplaint, Diagnosis, VitalSigns, TreatmentNotes, FollowUpRequired, FollowUpDate, VisitType, Status) VALUES (51, 44, 112, '2025-12-21', '14:05:00', 'Fever', 'Viral fever', '{"bp":"116/90","temp":100.4}', 'Advised rest, medication prescribed', FALSE, NULL, 'Scheduled', 'Completed');
INSERT INTO Prescription (VisitID, MemberID, DoctorID, IssueDate, ValidUntil, Diagnosis, SpecialInstructions, Status) VALUES (55, 51, 44, '2025-12-21', '2025-12-31', 'Viral fever', 'Take medicines after meals', 'Active');
INSERT INTO PrescriptionItem (PrescriptionID, MedicineID, Dosage, Frequency, Duration, Quantity) VALUES (55, 35, '10mg', 'Once daily', '5 days', 12);
INSERT INTO PrescriptionItem (PrescriptionID, MedicineID, Dosage, Frequency, Duration, Quantity) VALUES (55, 14, '10mg', 'Twice daily', '10 days', 14);
INSERT INTO BillPayment (VisitID, BillDate, BillTime, ConsultationFee, MedicineCost, LabTestCost, OtherCharges, SubTotal, DiscountAmount, TaxAmount, TotalAmount, PaymentMethod, PaymentStatus, PaidAmount, BalanceAmount, BilledBy) VALUES (55, '2025-12-21', '09:00:00', 50, 162.05, 0.00, 0.00, 212.05, 0.0, 0.0, 212.05, 'Free', 'Paid', 212.05, 0.00, 2);
INSERT INTO Appointment (MemberID, DoctorID, AppointmentDate, AppointmentTime, Symptoms, Status, Priority, TokenNumber) VALUES (52, 35, '2026-04-03', '13:30:00', 'Sore throat', 'Scheduled', 'Normal', 146);
INSERT INTO Appointment (MemberID, DoctorID, AppointmentDate, AppointmentTime, Symptoms, Status, Priority, TokenNumber) VALUES (52, 38, '2026-01-25', '16:15:00', 'Acid reflux', 'Completed', 'Normal', 256);
INSERT INTO Visit (MemberID, DoctorID, AppointmentID, VisitDate, VisitTime, ChiefComplaint, Diagnosis, VitalSigns, TreatmentNotes, FollowUpRequired, FollowUpDate, VisitType, Status) VALUES (52, 38, 114, '2026-01-25', '16:35:00', 'Acid reflux', 'Hypertension', '{"bp":"140/73","temp":100.7}', 'Advised rest, medication prescribed', FALSE, NULL, 'Scheduled', 'Completed');
INSERT INTO Prescription (VisitID, MemberID, DoctorID, IssueDate, ValidUntil, Diagnosis, SpecialInstructions, Status) VALUES (56, 52, 38, '2026-01-25', '2026-02-04', 'Hypertension', 'Take medicines after meals', 'Active');
INSERT INTO PrescriptionItem (PrescriptionID, MedicineID, Dosage, Frequency, Duration, Quantity) VALUES (56, 22, '10mg', 'Twice daily', '5 days', 10);
INSERT INTO PrescriptionItem (PrescriptionID, MedicineID, Dosage, Frequency, Duration, Quantity) VALUES (56, 16, '250mg', 'As needed', '3 days', 8);
INSERT INTO BillPayment (VisitID, BillDate, BillTime, ConsultationFee, MedicineCost, LabTestCost, OtherCharges, SubTotal, DiscountAmount, TaxAmount, TotalAmount, PaymentMethod, PaymentStatus, PaidAmount, BalanceAmount, BilledBy) VALUES (56, '2026-01-25', '10:00:00', 0, 276.65, 0.00, 0.00, 276.65, 0.0, 0.0, 276.65, 'Free', 'Paid', 276.65, 0.00, 2);
INSERT INTO Appointment (MemberID, DoctorID, AppointmentDate, AppointmentTime, Symptoms, Status, Priority, TokenNumber) VALUES (53, 43, '2026-03-18', '15:15:00', 'Knee pain', 'Scheduled', 'Normal', 214);
INSERT INTO Appointment (MemberID, DoctorID, AppointmentDate, AppointmentTime, Symptoms, Status, Priority, TokenNumber) VALUES (53, 49, '2025-05-01', '15:45:00', 'Eye irritation', 'Completed', 'Normal', 225);
INSERT INTO Visit (MemberID, DoctorID, AppointmentID, VisitDate, VisitTime, ChiefComplaint, Diagnosis, VitalSigns, TreatmentNotes, FollowUpRequired, FollowUpDate, VisitType, Status) VALUES (53, 49, 116, '2025-05-01', '16:05:00', 'Eye irritation', 'Viral fever', '{"bp":"125/89","temp":99.1}', 'Advised rest, medication prescribed', FALSE, NULL, 'Scheduled', 'Completed');
INSERT INTO Prescription (VisitID, MemberID, DoctorID, IssueDate, ValidUntil, Diagnosis, SpecialInstructions, Status) VALUES (57, 53, 49, '2025-05-01', '2025-05-11', 'Viral fever', 'Take medicines after meals', 'Active');
INSERT INTO PrescriptionItem (PrescriptionID, MedicineID, Dosage, Frequency, Duration, Quantity) VALUES (57, 19, '500mg', 'Twice daily', '3 days', 7);
INSERT INTO PrescriptionItem (PrescriptionID, MedicineID, Dosage, Frequency, Duration, Quantity) VALUES (57, 4, '20mg', 'Twice daily', '7 days', 14);
INSERT INTO PrescriptionItem (PrescriptionID, MedicineID, Dosage, Frequency, Duration, Quantity) VALUES (57, 34, '500mg', 'Once daily', '3 days', 7);
INSERT INTO BillPayment (VisitID, BillDate, BillTime, ConsultationFee, MedicineCost, LabTestCost, OtherCharges, SubTotal, DiscountAmount, TaxAmount, TotalAmount, PaymentMethod, PaymentStatus, PaidAmount, BalanceAmount, BilledBy) VALUES (57, '2025-05-01', '15:15:00', 150, 72.71, 0.00, 0.00, 222.71, 0.0, 0.0, 222.71, 'Cash', 'Paid', 222.71, 0.00, 2);
INSERT INTO Appointment (MemberID, DoctorID, AppointmentDate, AppointmentTime, Symptoms, Status, Priority, TokenNumber) VALUES (54, 33, '2025-03-25', '09:15:00', 'Sore throat', 'Completed', 'Normal', 147);
INSERT INTO Visit (MemberID, DoctorID, AppointmentID, VisitDate, VisitTime, ChiefComplaint, Diagnosis, VitalSigns, TreatmentNotes, FollowUpRequired, FollowUpDate, VisitType, Status) VALUES (54, 33, 117, '2025-03-25', '14:05:00', 'Sore throat', 'Vertigo', '{"bp":"125/76","temp":100.1}', 'Advised rest, medication prescribed', FALSE, NULL, 'Scheduled', 'Completed');
INSERT INTO Prescription (VisitID, MemberID, DoctorID, IssueDate, ValidUntil, Diagnosis, SpecialInstructions, Status) VALUES (58, 54, 33, '2025-03-25', '2025-04-04', 'Vertigo', 'Take medicines after meals', 'Active');
INSERT INTO PrescriptionItem (PrescriptionID, MedicineID, Dosage, Frequency, Duration, Quantity) VALUES (58, 3, '250mg', 'Once daily', '7 days', 3);
INSERT INTO PrescriptionItem (PrescriptionID, MedicineID, Dosage, Frequency, Duration, Quantity) VALUES (58, 25, '250mg', 'Thrice daily', '5 days', 9);
INSERT INTO BillPayment (VisitID, BillDate, BillTime, ConsultationFee, MedicineCost, LabTestCost, OtherCharges, SubTotal, DiscountAmount, TaxAmount, TotalAmount, PaymentMethod, PaymentStatus, PaidAmount, BalanceAmount, BilledBy) VALUES (58, '2025-03-25', '09:15:00', 50, 124.1, 0.00, 0.00, 174.1, 0.0, 0.0, 174.1, 'Free', 'Paid', 174.1, 0.00, 2);
INSERT INTO Appointment (MemberID, DoctorID, AppointmentDate, AppointmentTime, Symptoms, Status, Priority, TokenNumber) VALUES (54, 10, '2025-05-03', '13:45:00', 'Vomiting', 'Completed', 'Normal', 260);
INSERT INTO Visit (MemberID, DoctorID, AppointmentID, VisitDate, VisitTime, ChiefComplaint, Diagnosis, VitalSigns, TreatmentNotes, FollowUpRequired, FollowUpDate, VisitType, Status) VALUES (54, 10, 118, '2025-05-03', '12:20:00', 'Vomiting', 'Knee arthritis', '{"bp":"110/83","temp":101.5}', 'Advised rest, medication prescribed', FALSE, NULL, 'Scheduled', 'Completed');
INSERT INTO Prescription (VisitID, MemberID, DoctorID, IssueDate, ValidUntil, Diagnosis, SpecialInstructions, Status) VALUES (59, 54, 10, '2025-05-03', '2025-05-13', 'Knee arthritis', 'Take medicines after meals', 'Active');
INSERT INTO PrescriptionItem (PrescriptionID, MedicineID, Dosage, Frequency, Duration, Quantity) VALUES (59, 18, '10mg', 'Once daily', '10 days', 3);
INSERT INTO PrescriptionItem (PrescriptionID, MedicineID, Dosage, Frequency, Duration, Quantity) VALUES (59, 13, '400mg', 'As needed', '5 days', 13);
INSERT INTO PrescriptionItem (PrescriptionID, MedicineID, Dosage, Frequency, Duration, Quantity) VALUES (59, 32, '400mg', 'Twice daily', '3 days', 13);
INSERT INTO BillPayment (VisitID, BillDate, BillTime, ConsultationFee, MedicineCost, LabTestCost, OtherCharges, SubTotal, DiscountAmount, TaxAmount, TotalAmount, PaymentMethod, PaymentStatus, PaidAmount, BalanceAmount, BilledBy) VALUES (59, '2025-05-03', '10:15:00', 0, 52.28, 0.00, 0.00, 52.28, 0.0, 0.0, 52.28, 'Free', 'Paid', 52.28, 0.00, 2);
INSERT INTO Appointment (MemberID, DoctorID, AppointmentDate, AppointmentTime, Symptoms, Status, Priority, TokenNumber) VALUES (55, 35, '2025-11-06', '15:30:00', 'Insomnia', 'Completed', 'Normal', 245);
INSERT INTO Visit (MemberID, DoctorID, AppointmentID, VisitDate, VisitTime, ChiefComplaint, Diagnosis, VitalSigns, TreatmentNotes, FollowUpRequired, FollowUpDate, VisitType, Status) VALUES (55, 35, 119, '2025-11-06', '10:05:00', 'Insomnia', 'Lumbar spondylosis', '{"bp":"138/76","temp":102.2}', 'Advised rest, medication prescribed', FALSE, NULL, 'Scheduled', 'Completed');
INSERT INTO Prescription (VisitID, MemberID, DoctorID, IssueDate, ValidUntil, Diagnosis, SpecialInstructions, Status) VALUES (60, 55, 35, '2025-11-06', '2025-11-16', 'Lumbar spondylosis', 'Take medicines after meals', 'Active');
INSERT INTO PrescriptionItem (PrescriptionID, MedicineID, Dosage, Frequency, Duration, Quantity) VALUES (60, 13, '500mg', 'As needed', '10 days', 4);
INSERT INTO PrescriptionItem (PrescriptionID, MedicineID, Dosage, Frequency, Duration, Quantity) VALUES (60, 9, '500mg', 'Twice daily', '3 days', 9);
INSERT INTO PrescriptionItem (PrescriptionID, MedicineID, Dosage, Frequency, Duration, Quantity) VALUES (60, 34, '250mg', 'Once daily', '3 days', 6);
INSERT INTO BillPayment (VisitID, BillDate, BillTime, ConsultationFee, MedicineCost, LabTestCost, OtherCharges, SubTotal, DiscountAmount, TaxAmount, TotalAmount, PaymentMethod, PaymentStatus, PaidAmount, BalanceAmount, BilledBy) VALUES (60, '2025-11-06', '11:45:00', 150, 192.29, 0.00, 0.00, 342.29, 0.0, 0.0, 342.29, 'Free', 'Paid', 342.29, 0.00, 2);
INSERT INTO Appointment (MemberID, DoctorID, AppointmentDate, AppointmentTime, Symptoms, Status, Priority, TokenNumber) VALUES (55, 39, '2026-06-11', '12:15:00', 'Joint pain', 'Scheduled', 'Normal', 245);
INSERT INTO Appointment (MemberID, DoctorID, AppointmentDate, AppointmentTime, Symptoms, Status, Priority, TokenNumber) VALUES (56, 1, '2026-05-01', '13:15:00', 'Shortness of breath', 'Scheduled', 'Normal', 264);
INSERT INTO Appointment (MemberID, DoctorID, AppointmentDate, AppointmentTime, Symptoms, Status, Priority, TokenNumber) VALUES (56, 4, '2025-12-29', '13:00:00', 'Dizziness', 'Completed', 'Normal', 149);
INSERT INTO Visit (MemberID, DoctorID, AppointmentID, VisitDate, VisitTime, ChiefComplaint, Diagnosis, VitalSigns, TreatmentNotes, FollowUpRequired, FollowUpDate, VisitType, Status) VALUES (56, 4, 122, '2025-12-29', '16:05:00', 'Dizziness', 'Hypertension', '{"bp":"112/77","temp":100.3}', 'Advised rest, medication prescribed', FALSE, NULL, 'Scheduled', 'Completed');
INSERT INTO Prescription (VisitID, MemberID, DoctorID, IssueDate, ValidUntil, Diagnosis, SpecialInstructions, Status) VALUES (61, 56, 4, '2025-12-29', '2026-01-08', 'Hypertension', 'Take medicines after meals', 'Active');
INSERT INTO PrescriptionItem (PrescriptionID, MedicineID, Dosage, Frequency, Duration, Quantity) VALUES (61, 11, '500mg', 'Once daily', '3 days', 9);
INSERT INTO PrescriptionItem (PrescriptionID, MedicineID, Dosage, Frequency, Duration, Quantity) VALUES (61, 10, '20mg', 'Once daily', '5 days', 14);
INSERT INTO PrescriptionItem (PrescriptionID, MedicineID, Dosage, Frequency, Duration, Quantity) VALUES (61, 21, '10mg', 'Thrice daily', '3 days', 5);
INSERT INTO BillPayment (VisitID, BillDate, BillTime, ConsultationFee, MedicineCost, LabTestCost, OtherCharges, SubTotal, DiscountAmount, TaxAmount, TotalAmount, PaymentMethod, PaymentStatus, PaidAmount, BalanceAmount, BilledBy) VALUES (61, '2025-12-29', '15:00:00', 0, 211.61, 0.00, 0.00, 211.61, 0.0, 0.0, 211.61, 'Cash', 'Paid', 211.61, 0.00, 2);
INSERT INTO Appointment (MemberID, DoctorID, AppointmentDate, AppointmentTime, Symptoms, Status, Priority, TokenNumber) VALUES (57, 37, '2025-08-31', '10:15:00', 'Loose motions', 'Completed', 'Normal', 239);
INSERT INTO Visit (MemberID, DoctorID, AppointmentID, VisitDate, VisitTime, ChiefComplaint, Diagnosis, VitalSigns, TreatmentNotes, FollowUpRequired, FollowUpDate, VisitType, Status) VALUES (57, 37, 123, '2025-08-31', '09:35:00', 'Loose motions', 'Tension headache', '{"bp":"130/82","temp":98.6}', 'Advised rest, medication prescribed', FALSE, NULL, 'Scheduled', 'Completed');
INSERT INTO Prescription (VisitID, MemberID, DoctorID, IssueDate, ValidUntil, Diagnosis, SpecialInstructions, Status) VALUES (62, 57, 37, '2025-08-31', '2025-09-10', 'Tension headache', 'Take medicines after meals', 'Active');
INSERT INTO PrescriptionItem (PrescriptionID, MedicineID, Dosage, Frequency, Duration, Quantity) VALUES (62, 29, '20mg', 'Thrice daily', '7 days', 13);
INSERT INTO PrescriptionItem (PrescriptionID, MedicineID, Dosage, Frequency, Duration, Quantity) VALUES (62, 16, '5mg', 'As needed', '5 days', 10);
INSERT INTO PrescriptionItem (PrescriptionID, MedicineID, Dosage, Frequency, Duration, Quantity) VALUES (62, 32, '20mg', 'Thrice daily', '5 days', 5);
INSERT INTO BillPayment (VisitID, BillDate, BillTime, ConsultationFee, MedicineCost, LabTestCost, OtherCharges, SubTotal, DiscountAmount, TaxAmount, TotalAmount, PaymentMethod, PaymentStatus, PaidAmount, BalanceAmount, BilledBy) VALUES (62, '2025-08-31', '15:30:00', 100, 198.39, 0.00, 0.00, 298.39, 0.0, 0.0, 298.39, 'UPI', 'Paid', 298.39, 0.00, 2);
INSERT INTO Appointment (MemberID, DoctorID, AppointmentDate, AppointmentTime, Symptoms, Status, Priority, TokenNumber) VALUES (57, 11, '2026-03-07', '15:30:00', 'Body pain', 'Completed', 'Normal', 205);
INSERT INTO Visit (MemberID, DoctorID, AppointmentID, VisitDate, VisitTime, ChiefComplaint, Diagnosis, VitalSigns, TreatmentNotes, FollowUpRequired, FollowUpDate, VisitType, Status) VALUES (57, 11, 124, '2026-03-07', '12:35:00', 'Body pain', 'Electrolyte imbalance', '{"bp":"121/76","temp":102.2}', 'Advised rest, medication prescribed', TRUE, '2026-04-14', 'Scheduled', 'Completed');
INSERT INTO Prescription (VisitID, MemberID, DoctorID, IssueDate, ValidUntil, Diagnosis, SpecialInstructions, Status) VALUES (63, 57, 11, '2026-03-07', '2026-03-17', 'Electrolyte imbalance', 'Take medicines after meals', 'Active');
INSERT INTO PrescriptionItem (PrescriptionID, MedicineID, Dosage, Frequency, Duration, Quantity) VALUES (63, 27, '5mg', 'As needed', '10 days', 8);
INSERT INTO PrescriptionItem (PrescriptionID, MedicineID, Dosage, Frequency, Duration, Quantity) VALUES (63, 30, '10mg', 'Thrice daily', '10 days', 5);
INSERT INTO PrescriptionItem (PrescriptionID, MedicineID, Dosage, Frequency, Duration, Quantity) VALUES (63, 29, '400mg', 'Twice daily', '5 days', 6);
INSERT INTO BillPayment (VisitID, BillDate, BillTime, ConsultationFee, MedicineCost, LabTestCost, OtherCharges, SubTotal, DiscountAmount, TaxAmount, TotalAmount, PaymentMethod, PaymentStatus, PaidAmount, BalanceAmount, BilledBy) VALUES (63, '2026-03-07', '16:45:00', 50, 179.15, 0.00, 0.00, 229.15, 0.0, 0.0, 229.15, 'Card', 'Paid', 229.15, 0.00, 2);
INSERT INTO Appointment (MemberID, DoctorID, AppointmentDate, AppointmentTime, Symptoms, Status, Priority, TokenNumber) VALUES (58, 24, '2026-03-18', '12:45:00', 'Body pain', 'Scheduled', 'Normal', 238);
INSERT INTO Appointment (MemberID, DoctorID, AppointmentDate, AppointmentTime, Symptoms, Status, Priority, TokenNumber) VALUES (58, 42, '2025-05-02', '15:00:00', 'Nausea', 'Completed', 'Normal', 241);
INSERT INTO Visit (MemberID, DoctorID, AppointmentID, VisitDate, VisitTime, ChiefComplaint, Diagnosis, VitalSigns, TreatmentNotes, FollowUpRequired, FollowUpDate, VisitType, Status) VALUES (58, 42, 126, '2025-05-02', '15:35:00', 'Nausea', 'Gastritis', '{"bp":"110/76","temp":99.1}', 'Advised rest, medication prescribed', TRUE, '2026-04-08', 'Scheduled', 'Completed');
INSERT INTO Prescription (VisitID, MemberID, DoctorID, IssueDate, ValidUntil, Diagnosis, SpecialInstructions, Status) VALUES (64, 58, 42, '2025-05-02', '2025-05-12', 'Gastritis', 'Take medicines after meals', 'Active');
INSERT INTO PrescriptionItem (PrescriptionID, MedicineID, Dosage, Frequency, Duration, Quantity) VALUES (64, 18, '400mg', 'As needed', '5 days', 5);
INSERT INTO PrescriptionItem (PrescriptionID, MedicineID, Dosage, Frequency, Duration, Quantity) VALUES (64, 10, '5mg', 'Thrice daily', '10 days', 6);
INSERT INTO BillPayment (VisitID, BillDate, BillTime, ConsultationFee, MedicineCost, LabTestCost, OtherCharges, SubTotal, DiscountAmount, TaxAmount, TotalAmount, PaymentMethod, PaymentStatus, PaidAmount, BalanceAmount, BilledBy) VALUES (64, '2025-05-02', '14:00:00', 50, 233.53, 0.00, 0.00, 283.53, 0.0, 0.0, 283.53, 'Free', 'Paid', 283.53, 0.00, 2);
INSERT INTO Appointment (MemberID, DoctorID, AppointmentDate, AppointmentTime, Symptoms, Status, Priority, TokenNumber) VALUES (59, 44, '2026-02-12', '10:00:00', 'Fever', 'Completed', 'Urgent', 113);
INSERT INTO Visit (MemberID, DoctorID, AppointmentID, VisitDate, VisitTime, ChiefComplaint, Diagnosis, VitalSigns, TreatmentNotes, FollowUpRequired, FollowUpDate, VisitType, Status) VALUES (59, 44, 127, '2026-02-12', '10:20:00', 'Fever', 'Hypertension', '{"bp":"121/76","temp":101.1}', 'Advised rest, medication prescribed', FALSE, NULL, 'Scheduled', 'Completed');
INSERT INTO Prescription (VisitID, MemberID, DoctorID, IssueDate, ValidUntil, Diagnosis, SpecialInstructions, Status) VALUES (65, 59, 44, '2026-02-12', '2026-02-22', 'Hypertension', 'Take medicines after meals', 'Active');
INSERT INTO PrescriptionItem (PrescriptionID, MedicineID, Dosage, Frequency, Duration, Quantity) VALUES (65, 20, '10mg', 'Thrice daily', '10 days', 10);
INSERT INTO PrescriptionItem (PrescriptionID, MedicineID, Dosage, Frequency, Duration, Quantity) VALUES (65, 5, '10mg', 'Twice daily', '7 days', 7);
INSERT INTO BillPayment (VisitID, BillDate, BillTime, ConsultationFee, MedicineCost, LabTestCost, OtherCharges, SubTotal, DiscountAmount, TaxAmount, TotalAmount, PaymentMethod, PaymentStatus, PaidAmount, BalanceAmount, BilledBy) VALUES (65, '2026-02-12', '11:15:00', 0, 244.65, 0.00, 0.00, 244.65, 0.0, 0.0, 244.65, 'UPI', 'Paid', 244.65, 0.00, 2);
INSERT INTO Appointment (MemberID, DoctorID, AppointmentDate, AppointmentTime, Symptoms, Status, Priority, TokenNumber) VALUES (59, 27, '2025-05-05', '15:15:00', 'Insomnia', 'Completed', 'Normal', 220);
INSERT INTO Visit (MemberID, DoctorID, AppointmentID, VisitDate, VisitTime, ChiefComplaint, Diagnosis, VitalSigns, TreatmentNotes, FollowUpRequired, FollowUpDate, VisitType, Status) VALUES (59, 27, 128, '2025-05-05', '13:10:00', 'Insomnia', 'Electrolyte imbalance', '{"bp":"131/74","temp":102.0}', 'Advised rest, medication prescribed', FALSE, NULL, 'Scheduled', 'Completed');
INSERT INTO Prescription (VisitID, MemberID, DoctorID, IssueDate, ValidUntil, Diagnosis, SpecialInstructions, Status) VALUES (66, 59, 27, '2025-05-05', '2025-05-15', 'Electrolyte imbalance', 'Take medicines after meals', 'Active');
INSERT INTO PrescriptionItem (PrescriptionID, MedicineID, Dosage, Frequency, Duration, Quantity) VALUES (66, 3, '5mg', 'As needed', '10 days', 10);
INSERT INTO PrescriptionItem (PrescriptionID, MedicineID, Dosage, Frequency, Duration, Quantity) VALUES (66, 9, '250mg', 'Once daily', '7 days', 10);
INSERT INTO BillPayment (VisitID, BillDate, BillTime, ConsultationFee, MedicineCost, LabTestCost, OtherCharges, SubTotal, DiscountAmount, TaxAmount, TotalAmount, PaymentMethod, PaymentStatus, PaidAmount, BalanceAmount, BilledBy) VALUES (66, '2025-05-05', '09:45:00', 200, 180.13, 0.00, 0.00, 380.13, 0.0, 0.0, 380.13, 'Free', 'Paid', 380.13, 0.00, 2);
INSERT INTO Appointment (MemberID, DoctorID, AppointmentDate, AppointmentTime, Symptoms, Status, Priority, TokenNumber) VALUES (60, 43, '2025-09-25', '10:30:00', 'Headache', 'Completed', 'Normal', 259);
INSERT INTO Visit (MemberID, DoctorID, AppointmentID, VisitDate, VisitTime, ChiefComplaint, Diagnosis, VitalSigns, TreatmentNotes, FollowUpRequired, FollowUpDate, VisitType, Status) VALUES (60, 43, 129, '2025-09-25', '15:10:00', 'Headache', 'Knee arthritis', '{"bp":"116/90","temp":98.8}', 'Advised rest, medication prescribed', TRUE, '2026-04-15', 'Scheduled', 'Completed');
INSERT INTO Prescription (VisitID, MemberID, DoctorID, IssueDate, ValidUntil, Diagnosis, SpecialInstructions, Status) VALUES (67, 60, 43, '2025-09-25', '2025-10-05', 'Knee arthritis', 'Take medicines after meals', 'Active');
INSERT INTO PrescriptionItem (PrescriptionID, MedicineID, Dosage, Frequency, Duration, Quantity) VALUES (67, 23, '500mg', 'As needed', '5 days', 8);
INSERT INTO PrescriptionItem (PrescriptionID, MedicineID, Dosage, Frequency, Duration, Quantity) VALUES (67, 32, '10mg', 'Twice daily', '7 days', 11);
INSERT INTO BillPayment (VisitID, BillDate, BillTime, ConsultationFee, MedicineCost, LabTestCost, OtherCharges, SubTotal, DiscountAmount, TaxAmount, TotalAmount, PaymentMethod, PaymentStatus, PaidAmount, BalanceAmount, BilledBy) VALUES (67, '2025-09-25', '09:15:00', 0, 157.09, 0.00, 0.00, 157.09, 0.0, 0.0, 157.09, 'UPI', 'Paid', 157.09, 0.00, 2);
INSERT INTO Appointment (MemberID, DoctorID, AppointmentDate, AppointmentTime, Symptoms, Status, Priority, TokenNumber) VALUES (60, 45, '2025-07-31', '15:30:00', 'Cold and cough', 'Completed', 'Normal', 294);
INSERT INTO Visit (MemberID, DoctorID, AppointmentID, VisitDate, VisitTime, ChiefComplaint, Diagnosis, VitalSigns, TreatmentNotes, FollowUpRequired, FollowUpDate, VisitType, Status) VALUES (60, 45, 130, '2025-07-31', '16:05:00', 'Cold and cough', 'Viral gastroenteritis', '{"bp":"111/74","temp":101.8}', 'Advised rest, medication prescribed', FALSE, NULL, 'Scheduled', 'Completed');
INSERT INTO Prescription (VisitID, MemberID, DoctorID, IssueDate, ValidUntil, Diagnosis, SpecialInstructions, Status) VALUES (68, 60, 45, '2025-07-31', '2025-08-10', 'Viral gastroenteritis', 'Take medicines after meals', 'Active');
INSERT INTO PrescriptionItem (PrescriptionID, MedicineID, Dosage, Frequency, Duration, Quantity) VALUES (68, 2, '5mg', 'Twice daily', '10 days', 9);
INSERT INTO PrescriptionItem (PrescriptionID, MedicineID, Dosage, Frequency, Duration, Quantity) VALUES (68, 20, '5mg', 'Once daily', '7 days', 14);
INSERT INTO BillPayment (VisitID, BillDate, BillTime, ConsultationFee, MedicineCost, LabTestCost, OtherCharges, SubTotal, DiscountAmount, TaxAmount, TotalAmount, PaymentMethod, PaymentStatus, PaidAmount, BalanceAmount, BilledBy) VALUES (68, '2025-07-31', '15:30:00', 150, 113.98, 0.00, 0.00, 263.98, 0.0, 0.0, 263.98, 'Free', 'Paid', 263.98, 0.00, 2);
INSERT INTO Appointment (MemberID, DoctorID, AppointmentDate, AppointmentTime, Symptoms, Status, Priority, TokenNumber) VALUES (61, 9, '2026-04-21', '12:45:00', 'Knee pain', 'Scheduled', 'Normal', 215);
INSERT INTO Appointment (MemberID, DoctorID, AppointmentDate, AppointmentTime, Symptoms, Status, Priority, TokenNumber) VALUES (61, 43, '2025-04-10', '14:00:00', 'Fever', 'Completed', 'Urgent', 295);
INSERT INTO Visit (MemberID, DoctorID, AppointmentID, VisitDate, VisitTime, ChiefComplaint, Diagnosis, VitalSigns, TreatmentNotes, FollowUpRequired, FollowUpDate, VisitType, Status) VALUES (61, 43, 132, '2025-04-10', '12:05:00', 'Fever', 'Pharyngitis', '{"bp":"114/88","temp":101.4}', 'Advised rest, medication prescribed', TRUE, '2026-03-27', 'Scheduled', 'Completed');
INSERT INTO Prescription (VisitID, MemberID, DoctorID, IssueDate, ValidUntil, Diagnosis, SpecialInstructions, Status) VALUES (69, 61, 43, '2025-04-10', '2025-04-20', 'Pharyngitis', 'Take medicines after meals', 'Active');
INSERT INTO PrescriptionItem (PrescriptionID, MedicineID, Dosage, Frequency, Duration, Quantity) VALUES (69, 5, '400mg', 'Once daily', '7 days', 12);
INSERT INTO PrescriptionItem (PrescriptionID, MedicineID, Dosage, Frequency, Duration, Quantity) VALUES (69, 1, '500mg', 'Twice daily', '10 days', 13);
INSERT INTO BillPayment (VisitID, BillDate, BillTime, ConsultationFee, MedicineCost, LabTestCost, OtherCharges, SubTotal, DiscountAmount, TaxAmount, TotalAmount, PaymentMethod, PaymentStatus, PaidAmount, BalanceAmount, BilledBy) VALUES (69, '2025-04-10', '10:00:00', 100, 240.12, 0.00, 0.00, 340.12, 0.0, 0.0, 340.12, 'Cash', 'Paid', 340.12, 0.00, 2);
INSERT INTO Appointment (MemberID, DoctorID, AppointmentDate, AppointmentTime, Symptoms, Status, Priority, TokenNumber) VALUES (62, 46, '2026-02-04', '11:00:00', 'Muscle cramps', 'Completed', 'Emergency', 100);
INSERT INTO Visit (MemberID, DoctorID, AppointmentID, VisitDate, VisitTime, ChiefComplaint, Diagnosis, VitalSigns, TreatmentNotes, FollowUpRequired, FollowUpDate, VisitType, Status) VALUES (62, 46, 133, '2026-02-04', '12:10:00', 'Muscle cramps', 'Conjunctivitis', '{"bp":"122/80","temp":100.4}', 'Advised rest, medication prescribed', TRUE, '2026-03-27', 'Scheduled', 'Completed');
INSERT INTO Prescription (VisitID, MemberID, DoctorID, IssueDate, ValidUntil, Diagnosis, SpecialInstructions, Status) VALUES (70, 62, 46, '2026-02-04', '2026-02-14', 'Conjunctivitis', 'Take medicines after meals', 'Active');
INSERT INTO PrescriptionItem (PrescriptionID, MedicineID, Dosage, Frequency, Duration, Quantity) VALUES (70, 31, '400mg', 'As needed', '5 days', 10);
INSERT INTO PrescriptionItem (PrescriptionID, MedicineID, Dosage, Frequency, Duration, Quantity) VALUES (70, 13, '10mg', 'Once daily', '10 days', 5);
INSERT INTO BillPayment (VisitID, BillDate, BillTime, ConsultationFee, MedicineCost, LabTestCost, OtherCharges, SubTotal, DiscountAmount, TaxAmount, TotalAmount, PaymentMethod, PaymentStatus, PaidAmount, BalanceAmount, BilledBy) VALUES (70, '2026-02-04', '12:30:00', 200, 21.77, 0.00, 0.00, 221.77, 0.0, 0.0, 221.77, 'UPI', 'Paid', 221.77, 0.00, 2);
INSERT INTO Appointment (MemberID, DoctorID, AppointmentDate, AppointmentTime, Symptoms, Status, Priority, TokenNumber) VALUES (62, 10, '2026-05-31', '12:00:00', 'Muscle cramps', 'Scheduled', 'Normal', 148);
INSERT INTO Appointment (MemberID, DoctorID, AppointmentDate, AppointmentTime, Symptoms, Status, Priority, TokenNumber) VALUES (63, 12, '2026-04-17', '11:45:00', 'Loose motions', 'Scheduled', 'Urgent', 175);
INSERT INTO Appointment (MemberID, DoctorID, AppointmentDate, AppointmentTime, Symptoms, Status, Priority, TokenNumber) VALUES (63, 39, '2025-04-24', '13:15:00', 'Eye irritation', 'Completed', 'Normal', 188);
INSERT INTO Visit (MemberID, DoctorID, AppointmentID, VisitDate, VisitTime, ChiefComplaint, Diagnosis, VitalSigns, TreatmentNotes, FollowUpRequired, FollowUpDate, VisitType, Status) VALUES (63, 39, 136, '2025-04-24', '12:05:00', 'Eye irritation', 'Vitamin D deficiency', '{"bp":"140/78","temp":98.5}', 'Advised rest, medication prescribed', FALSE, NULL, 'Scheduled', 'Completed');
INSERT INTO Prescription (VisitID, MemberID, DoctorID, IssueDate, ValidUntil, Diagnosis, SpecialInstructions, Status) VALUES (71, 63, 39, '2025-04-24', '2025-05-04', 'Vitamin D deficiency', 'Take medicines after meals', 'Active');
INSERT INTO PrescriptionItem (PrescriptionID, MedicineID, Dosage, Frequency, Duration, Quantity) VALUES (71, 5, '500mg', 'As needed', '7 days', 14);
INSERT INTO PrescriptionItem (PrescriptionID, MedicineID, Dosage, Frequency, Duration, Quantity) VALUES (71, 4, '500mg', 'As needed', '3 days', 13);
INSERT INTO BillPayment (VisitID, BillDate, BillTime, ConsultationFee, MedicineCost, LabTestCost, OtherCharges, SubTotal, DiscountAmount, TaxAmount, TotalAmount, PaymentMethod, PaymentStatus, PaidAmount, BalanceAmount, BilledBy) VALUES (71, '2025-04-24', '14:30:00', 150, 23.36, 0.00, 0.00, 173.36, 0.0, 0.0, 173.36, 'Cash', 'Paid', 173.36, 0.00, 2);
INSERT INTO Appointment (MemberID, DoctorID, AppointmentDate, AppointmentTime, Symptoms, Status, Priority, TokenNumber) VALUES (64, 45, '2026-03-18', '10:30:00', 'Joint pain', 'Scheduled', 'Urgent', 215);
INSERT INTO Appointment (MemberID, DoctorID, AppointmentDate, AppointmentTime, Symptoms, Status, Priority, TokenNumber) VALUES (64, 23, '2026-05-19', '14:45:00', 'Knee pain', 'Scheduled', 'Normal', 180);
INSERT INTO Appointment (MemberID, DoctorID, AppointmentDate, AppointmentTime, Symptoms, Status, Priority, TokenNumber) VALUES (65, 35, '2026-04-12', '12:15:00', 'Cold and cough', 'Scheduled', 'Normal', 204);
INSERT INTO Appointment (MemberID, DoctorID, AppointmentDate, AppointmentTime, Symptoms, Status, Priority, TokenNumber) VALUES (65, 30, '2026-04-29', '15:45:00', 'Ear pain', 'Scheduled', 'Normal', 136);
INSERT INTO Appointment (MemberID, DoctorID, AppointmentDate, AppointmentTime, Symptoms, Status, Priority, TokenNumber) VALUES (66, 48, '2026-05-11', '09:15:00', 'Chest pain', 'Scheduled', 'Normal', 261);
INSERT INTO Appointment (MemberID, DoctorID, AppointmentDate, AppointmentTime, Symptoms, Status, Priority, TokenNumber) VALUES (66, 10, '2026-03-10', '15:15:00', 'Body pain', 'Completed', 'Normal', 147);
INSERT INTO Visit (MemberID, DoctorID, AppointmentID, VisitDate, VisitTime, ChiefComplaint, Diagnosis, VitalSigns, TreatmentNotes, FollowUpRequired, FollowUpDate, VisitType, Status) VALUES (66, 10, 142, '2026-03-10', '10:05:00', 'Body pain', 'Nausea and vomiting', '{"bp":"114/78","temp":98.9}', 'Advised rest, medication prescribed', FALSE, NULL, 'Scheduled', 'Completed');
INSERT INTO Prescription (VisitID, MemberID, DoctorID, IssueDate, ValidUntil, Diagnosis, SpecialInstructions, Status) VALUES (72, 66, 10, '2026-03-10', '2026-03-20', 'Nausea and vomiting', 'Take medicines after meals', 'Active');
INSERT INTO PrescriptionItem (PrescriptionID, MedicineID, Dosage, Frequency, Duration, Quantity) VALUES (72, 32, '250mg', 'Thrice daily', '7 days', 6);
INSERT INTO PrescriptionItem (PrescriptionID, MedicineID, Dosage, Frequency, Duration, Quantity) VALUES (72, 26, '250mg', 'As needed', '10 days', 9);
INSERT INTO BillPayment (VisitID, BillDate, BillTime, ConsultationFee, MedicineCost, LabTestCost, OtherCharges, SubTotal, DiscountAmount, TaxAmount, TotalAmount, PaymentMethod, PaymentStatus, PaidAmount, BalanceAmount, BilledBy) VALUES (72, '2026-03-10', '16:00:00', 150, 285.25, 0.00, 0.00, 435.25, 0.0, 0.0, 435.25, 'UPI', 'Paid', 435.25, 0.00, 2);
INSERT INTO Appointment (MemberID, DoctorID, AppointmentDate, AppointmentTime, Symptoms, Status, Priority, TokenNumber) VALUES (67, 23, '2026-03-27', '14:45:00', 'Acid reflux', 'Scheduled', 'Normal', 160);
INSERT INTO Appointment (MemberID, DoctorID, AppointmentDate, AppointmentTime, Symptoms, Status, Priority, TokenNumber) VALUES (67, 34, '2026-04-15', '15:45:00', 'Fever', 'Scheduled', 'Emergency', 261);
INSERT INTO Appointment (MemberID, DoctorID, AppointmentDate, AppointmentTime, Symptoms, Status, Priority, TokenNumber) VALUES (68, 11, '2025-10-09', '15:00:00', 'Acid reflux', 'Completed', 'Normal', 172);
INSERT INTO Visit (MemberID, DoctorID, AppointmentID, VisitDate, VisitTime, ChiefComplaint, Diagnosis, VitalSigns, TreatmentNotes, FollowUpRequired, FollowUpDate, VisitType, Status) VALUES (68, 11, 145, '2025-10-09', '14:10:00', 'Acid reflux', 'Hypertension', '{"bp":"125/72","temp":97.1}', 'Advised rest, medication prescribed', FALSE, NULL, 'Scheduled', 'Completed');
INSERT INTO Prescription (VisitID, MemberID, DoctorID, IssueDate, ValidUntil, Diagnosis, SpecialInstructions, Status) VALUES (73, 68, 11, '2025-10-09', '2025-10-19', 'Hypertension', 'Take medicines after meals', 'Active');
INSERT INTO PrescriptionItem (PrescriptionID, MedicineID, Dosage, Frequency, Duration, Quantity) VALUES (73, 27, '10mg', 'Twice daily', '7 days', 13);
INSERT INTO PrescriptionItem (PrescriptionID, MedicineID, Dosage, Frequency, Duration, Quantity) VALUES (73, 16, '5mg', 'Thrice daily', '7 days', 12);
INSERT INTO PrescriptionItem (PrescriptionID, MedicineID, Dosage, Frequency, Duration, Quantity) VALUES (73, 14, '10mg', 'Twice daily', '5 days', 8);
INSERT INTO BillPayment (VisitID, BillDate, BillTime, ConsultationFee, MedicineCost, LabTestCost, OtherCharges, SubTotal, DiscountAmount, TaxAmount, TotalAmount, PaymentMethod, PaymentStatus, PaidAmount, BalanceAmount, BilledBy) VALUES (73, '2025-10-09', '12:15:00', 200, 291.92, 0.00, 0.00, 491.92, 0.0, 0.0, 491.92, 'UPI', 'Paid', 491.92, 0.00, 2);
INSERT INTO Appointment (MemberID, DoctorID, AppointmentDate, AppointmentTime, Symptoms, Status, Priority, TokenNumber) VALUES (68, 32, '2026-03-08', '14:00:00', 'Skin rash', 'Completed', 'Normal', 259);
INSERT INTO Visit (MemberID, DoctorID, AppointmentID, VisitDate, VisitTime, ChiefComplaint, Diagnosis, VitalSigns, TreatmentNotes, FollowUpRequired, FollowUpDate, VisitType, Status) VALUES (68, 32, 146, '2026-03-08', '10:35:00', 'Skin rash', 'Hypertension', '{"bp":"138/78","temp":97.4}', 'Advised rest, medication prescribed', FALSE, NULL, 'Scheduled', 'Completed');
INSERT INTO Prescription (VisitID, MemberID, DoctorID, IssueDate, ValidUntil, Diagnosis, SpecialInstructions, Status) VALUES (74, 68, 32, '2026-03-08', '2026-03-18', 'Hypertension', 'Take medicines after meals', 'Active');
INSERT INTO PrescriptionItem (PrescriptionID, MedicineID, Dosage, Frequency, Duration, Quantity) VALUES (74, 13, '10mg', 'Once daily', '10 days', 6);
INSERT INTO PrescriptionItem (PrescriptionID, MedicineID, Dosage, Frequency, Duration, Quantity) VALUES (74, 18, '250mg', 'Once daily', '7 days', 8);
INSERT INTO PrescriptionItem (PrescriptionID, MedicineID, Dosage, Frequency, Duration, Quantity) VALUES (74, 10, '20mg', 'As needed', '5 days', 15);
INSERT INTO BillPayment (VisitID, BillDate, BillTime, ConsultationFee, MedicineCost, LabTestCost, OtherCharges, SubTotal, DiscountAmount, TaxAmount, TotalAmount, PaymentMethod, PaymentStatus, PaidAmount, BalanceAmount, BilledBy) VALUES (74, '2026-03-08', '14:15:00', 100, 287.87, 0.00, 0.00, 387.87, 0.0, 0.0, 387.87, 'Free', 'Paid', 387.87, 0.00, 2);
INSERT INTO Appointment (MemberID, DoctorID, AppointmentDate, AppointmentTime, Symptoms, Status, Priority, TokenNumber) VALUES (69, 53, '2026-04-12', '10:30:00', 'Joint pain', 'Scheduled', 'Normal', 149);
INSERT INTO Appointment (MemberID, DoctorID, AppointmentDate, AppointmentTime, Symptoms, Status, Priority, TokenNumber) VALUES (69, 34, '2026-04-24', '12:45:00', 'Eye irritation', 'Scheduled', 'Normal', 102);
INSERT INTO Appointment (MemberID, DoctorID, AppointmentDate, AppointmentTime, Symptoms, Status, Priority, TokenNumber) VALUES (70, 20, '2026-01-03', '13:00:00', 'Fever', 'Completed', 'Normal', 295);
INSERT INTO Visit (MemberID, DoctorID, AppointmentID, VisitDate, VisitTime, ChiefComplaint, Diagnosis, VitalSigns, TreatmentNotes, FollowUpRequired, FollowUpDate, VisitType, Status) VALUES (70, 20, 149, '2026-01-03', '10:20:00', 'Fever', 'Conjunctivitis', '{"bp":"139/74","temp":99.5}', 'Advised rest, medication prescribed', FALSE, NULL, 'Scheduled', 'Completed');
INSERT INTO Prescription (VisitID, MemberID, DoctorID, IssueDate, ValidUntil, Diagnosis, SpecialInstructions, Status) VALUES (75, 70, 20, '2026-01-03', '2026-01-13', 'Conjunctivitis', 'Take medicines after meals', 'Active');
INSERT INTO PrescriptionItem (PrescriptionID, MedicineID, Dosage, Frequency, Duration, Quantity) VALUES (75, 11, '500mg', 'Thrice daily', '10 days', 7);
INSERT INTO PrescriptionItem (PrescriptionID, MedicineID, Dosage, Frequency, Duration, Quantity) VALUES (75, 29, '250mg', 'As needed', '7 days', 5);
INSERT INTO PrescriptionItem (PrescriptionID, MedicineID, Dosage, Frequency, Duration, Quantity) VALUES (75, 21, '20mg', 'Twice daily', '7 days', 3);
INSERT INTO BillPayment (VisitID, BillDate, BillTime, ConsultationFee, MedicineCost, LabTestCost, OtherCharges, SubTotal, DiscountAmount, TaxAmount, TotalAmount, PaymentMethod, PaymentStatus, PaidAmount, BalanceAmount, BilledBy) VALUES (75, '2026-01-03', '17:45:00', 0, 34.68, 0.00, 0.00, 34.68, 0.0, 0.0, 34.68, 'Card', 'Paid', 34.68, 0.00, 2);
INSERT INTO Appointment (MemberID, DoctorID, AppointmentDate, AppointmentTime, Symptoms, Status, Priority, TokenNumber) VALUES (70, 24, '2025-09-06', '09:45:00', 'Loose motions', 'Completed', 'Normal', 145);
INSERT INTO Visit (MemberID, DoctorID, AppointmentID, VisitDate, VisitTime, ChiefComplaint, Diagnosis, VitalSigns, TreatmentNotes, FollowUpRequired, FollowUpDate, VisitType, Status) VALUES (70, 24, 150, '2025-09-06', '09:20:00', 'Loose motions', 'Hypertension', '{"bp":"134/88","temp":97.2}', 'Advised rest, medication prescribed', FALSE, NULL, 'Scheduled', 'Completed');
INSERT INTO Prescription (VisitID, MemberID, DoctorID, IssueDate, ValidUntil, Diagnosis, SpecialInstructions, Status) VALUES (76, 70, 24, '2025-09-06', '2025-09-16', 'Hypertension', 'Take medicines after meals', 'Active');
INSERT INTO PrescriptionItem (PrescriptionID, MedicineID, Dosage, Frequency, Duration, Quantity) VALUES (76, 9, '500mg', 'Once daily', '5 days', 5);
INSERT INTO PrescriptionItem (PrescriptionID, MedicineID, Dosage, Frequency, Duration, Quantity) VALUES (76, 32, '500mg', 'Twice daily', '5 days', 4);
INSERT INTO BillPayment (VisitID, BillDate, BillTime, ConsultationFee, MedicineCost, LabTestCost, OtherCharges, SubTotal, DiscountAmount, TaxAmount, TotalAmount, PaymentMethod, PaymentStatus, PaidAmount, BalanceAmount, BilledBy) VALUES (76, '2025-09-06', '10:45:00', 100, 292.25, 0.00, 0.00, 392.25, 0.0, 0.0, 392.25, 'Card', 'Paid', 392.25, 0.00, 2);
INSERT INTO Appointment (MemberID, DoctorID, AppointmentDate, AppointmentTime, Symptoms, Status, Priority, TokenNumber) VALUES (71, 22, '2026-05-21', '15:00:00', 'Fatigue', 'Scheduled', 'Normal', 201);
INSERT INTO Appointment (MemberID, DoctorID, AppointmentDate, AppointmentTime, Symptoms, Status, Priority, TokenNumber) VALUES (71, 45, '2026-01-31', '12:45:00', 'Stomach ache', 'Completed', 'Normal', 166);
INSERT INTO Visit (MemberID, DoctorID, AppointmentID, VisitDate, VisitTime, ChiefComplaint, Diagnosis, VitalSigns, TreatmentNotes, FollowUpRequired, FollowUpDate, VisitType, Status) VALUES (71, 45, 152, '2026-01-31', '12:05:00', 'Stomach ache', 'Vertigo', '{"bp":"127/70","temp":97.3}', 'Advised rest, medication prescribed', FALSE, NULL, 'Scheduled', 'Completed');
INSERT INTO Prescription (VisitID, MemberID, DoctorID, IssueDate, ValidUntil, Diagnosis, SpecialInstructions, Status) VALUES (77, 71, 45, '2026-01-31', '2026-02-10', 'Vertigo', 'Take medicines after meals', 'Active');
INSERT INTO PrescriptionItem (PrescriptionID, MedicineID, Dosage, Frequency, Duration, Quantity) VALUES (77, 31, '500mg', 'Twice daily', '5 days', 5);
INSERT INTO PrescriptionItem (PrescriptionID, MedicineID, Dosage, Frequency, Duration, Quantity) VALUES (77, 3, '250mg', 'Thrice daily', '7 days', 9);
INSERT INTO BillPayment (VisitID, BillDate, BillTime, ConsultationFee, MedicineCost, LabTestCost, OtherCharges, SubTotal, DiscountAmount, TaxAmount, TotalAmount, PaymentMethod, PaymentStatus, PaidAmount, BalanceAmount, BilledBy) VALUES (77, '2026-01-31', '16:00:00', 150, 25.39, 0.00, 0.00, 175.39, 0.0, 0.0, 175.39, 'Card', 'Paid', 175.39, 0.00, 2);
INSERT INTO Appointment (MemberID, DoctorID, AppointmentDate, AppointmentTime, Symptoms, Status, Priority, TokenNumber) VALUES (72, 43, '2026-05-11', '10:00:00', 'Nausea', 'Scheduled', 'Normal', 153);
INSERT INTO Appointment (MemberID, DoctorID, AppointmentDate, AppointmentTime, Symptoms, Status, Priority, TokenNumber) VALUES (72, 15, '2026-03-14', '14:00:00', 'Anxiety', 'Completed', 'Urgent', 230);
INSERT INTO Visit (MemberID, DoctorID, AppointmentID, VisitDate, VisitTime, ChiefComplaint, Diagnosis, VitalSigns, TreatmentNotes, FollowUpRequired, FollowUpDate, VisitType, Status) VALUES (72, 15, 154, '2026-03-14', '15:10:00', 'Anxiety', 'Gastritis', '{"bp":"139/90","temp":101.1}', 'Advised rest, medication prescribed', TRUE, '2026-03-25', 'Scheduled', 'Completed');
INSERT INTO Prescription (VisitID, MemberID, DoctorID, IssueDate, ValidUntil, Diagnosis, SpecialInstructions, Status) VALUES (78, 72, 15, '2026-03-14', '2026-03-24', 'Gastritis', 'Take medicines after meals', 'Active');
INSERT INTO PrescriptionItem (PrescriptionID, MedicineID, Dosage, Frequency, Duration, Quantity) VALUES (78, 18, '5mg', 'Twice daily', '5 days', 15);
INSERT INTO PrescriptionItem (PrescriptionID, MedicineID, Dosage, Frequency, Duration, Quantity) VALUES (78, 24, '20mg', 'Thrice daily', '7 days', 6);
INSERT INTO PrescriptionItem (PrescriptionID, MedicineID, Dosage, Frequency, Duration, Quantity) VALUES (78, 33, '10mg', 'Thrice daily', '10 days', 4);
INSERT INTO BillPayment (VisitID, BillDate, BillTime, ConsultationFee, MedicineCost, LabTestCost, OtherCharges, SubTotal, DiscountAmount, TaxAmount, TotalAmount, PaymentMethod, PaymentStatus, PaidAmount, BalanceAmount, BilledBy) VALUES (78, '2026-03-14', '17:45:00', 100, 146.46, 0.00, 0.00, 246.46, 0.0, 0.0, 246.46, 'Free', 'Paid', 246.46, 0.00, 2);
INSERT INTO Appointment (MemberID, DoctorID, AppointmentDate, AppointmentTime, Symptoms, Status, Priority, TokenNumber) VALUES (73, 14, '2026-02-24', '15:00:00', 'Joint pain', 'Completed', 'Urgent', 152);
INSERT INTO Visit (MemberID, DoctorID, AppointmentID, VisitDate, VisitTime, ChiefComplaint, Diagnosis, VitalSigns, TreatmentNotes, FollowUpRequired, FollowUpDate, VisitType, Status) VALUES (73, 14, 155, '2026-02-24', '13:10:00', 'Joint pain', 'Nausea and vomiting', '{"bp":"136/79","temp":99.0}', 'Advised rest, medication prescribed', FALSE, NULL, 'Scheduled', 'Completed');
INSERT INTO Prescription (VisitID, MemberID, DoctorID, IssueDate, ValidUntil, Diagnosis, SpecialInstructions, Status) VALUES (79, 73, 14, '2026-02-24', '2026-03-06', 'Nausea and vomiting', 'Take medicines after meals', 'Active');
INSERT INTO PrescriptionItem (PrescriptionID, MedicineID, Dosage, Frequency, Duration, Quantity) VALUES (79, 15, '250mg', 'Once daily', '7 days', 3);
INSERT INTO PrescriptionItem (PrescriptionID, MedicineID, Dosage, Frequency, Duration, Quantity) VALUES (79, 17, '250mg', 'Twice daily', '7 days', 6);
INSERT INTO BillPayment (VisitID, BillDate, BillTime, ConsultationFee, MedicineCost, LabTestCost, OtherCharges, SubTotal, DiscountAmount, TaxAmount, TotalAmount, PaymentMethod, PaymentStatus, PaidAmount, BalanceAmount, BilledBy) VALUES (79, '2026-02-24', '14:45:00', 150, 285.1, 0.00, 0.00, 435.1, 0.0, 0.0, 435.1, 'Free', 'Paid', 435.1, 0.00, 2);
INSERT INTO Appointment (MemberID, DoctorID, AppointmentDate, AppointmentTime, Symptoms, Status, Priority, TokenNumber) VALUES (73, 26, '2026-03-18', '11:45:00', 'Allergic reaction', 'Scheduled', 'Normal', 173);
INSERT INTO Appointment (MemberID, DoctorID, AppointmentDate, AppointmentTime, Symptoms, Status, Priority, TokenNumber) VALUES (74, 51, '2026-04-19', '10:00:00', 'Fever', 'Scheduled', 'Urgent', 258);
INSERT INTO Appointment (MemberID, DoctorID, AppointmentDate, AppointmentTime, Symptoms, Status, Priority, TokenNumber) VALUES (74, 4, '2026-04-23', '09:30:00', 'Ear pain', 'Scheduled', 'Normal', 245);
INSERT INTO Appointment (MemberID, DoctorID, AppointmentDate, AppointmentTime, Symptoms, Status, Priority, TokenNumber) VALUES (75, 11, '2025-09-10', '12:15:00', 'Eye irritation', 'Completed', 'Normal', 195);
INSERT INTO Visit (MemberID, DoctorID, AppointmentID, VisitDate, VisitTime, ChiefComplaint, Diagnosis, VitalSigns, TreatmentNotes, FollowUpRequired, FollowUpDate, VisitType, Status) VALUES (75, 11, 159, '2025-09-10', '13:35:00', 'Eye irritation', 'Tension headache', '{"bp":"119/71","temp":101.9}', 'Advised rest, medication prescribed', FALSE, NULL, 'Scheduled', 'Completed');
INSERT INTO Prescription (VisitID, MemberID, DoctorID, IssueDate, ValidUntil, Diagnosis, SpecialInstructions, Status) VALUES (80, 75, 11, '2025-09-10', '2025-09-20', 'Tension headache', 'Take medicines after meals', 'Active');
INSERT INTO PrescriptionItem (PrescriptionID, MedicineID, Dosage, Frequency, Duration, Quantity) VALUES (80, 10, '250mg', 'Once daily', '3 days', 10);
INSERT INTO PrescriptionItem (PrescriptionID, MedicineID, Dosage, Frequency, Duration, Quantity) VALUES (80, 17, '250mg', 'Once daily', '3 days', 4);
INSERT INTO PrescriptionItem (PrescriptionID, MedicineID, Dosage, Frequency, Duration, Quantity) VALUES (80, 30, '400mg', 'Twice daily', '10 days', 12);
INSERT INTO BillPayment (VisitID, BillDate, BillTime, ConsultationFee, MedicineCost, LabTestCost, OtherCharges, SubTotal, DiscountAmount, TaxAmount, TotalAmount, PaymentMethod, PaymentStatus, PaidAmount, BalanceAmount, BilledBy) VALUES (80, '2025-09-10', '16:00:00', 200, 96.48, 0.00, 0.00, 296.48, 0.0, 0.0, 296.48, 'Cash', 'Paid', 296.48, 0.00, 2);
INSERT INTO Appointment (MemberID, DoctorID, AppointmentDate, AppointmentTime, Symptoms, Status, Priority, TokenNumber) VALUES (75, 47, '2026-03-18', '12:00:00', 'Skin rash', 'Scheduled', 'Normal', 107);
INSERT INTO Appointment (MemberID, DoctorID, AppointmentDate, AppointmentTime, Symptoms, Status, Priority, TokenNumber) VALUES (76, 3, '2025-07-22', '15:15:00', 'Fever', 'Completed', 'Normal', 111);
INSERT INTO Visit (MemberID, DoctorID, AppointmentID, VisitDate, VisitTime, ChiefComplaint, Diagnosis, VitalSigns, TreatmentNotes, FollowUpRequired, FollowUpDate, VisitType, Status) VALUES (76, 3, 161, '2025-07-22', '10:20:00', 'Fever', 'Viral gastroenteritis', '{"bp":"133/85","temp":98.1}', 'Advised rest, medication prescribed', FALSE, NULL, 'Scheduled', 'Completed');
INSERT INTO Prescription (VisitID, MemberID, DoctorID, IssueDate, ValidUntil, Diagnosis, SpecialInstructions, Status) VALUES (81, 76, 3, '2025-07-22', '2025-08-01', 'Viral gastroenteritis', 'Take medicines after meals', 'Active');
INSERT INTO PrescriptionItem (PrescriptionID, MedicineID, Dosage, Frequency, Duration, Quantity) VALUES (81, 2, '250mg', 'As needed', '3 days', 13);
INSERT INTO PrescriptionItem (PrescriptionID, MedicineID, Dosage, Frequency, Duration, Quantity) VALUES (81, 18, '500mg', 'As needed', '10 days', 15);
INSERT INTO PrescriptionItem (PrescriptionID, MedicineID, Dosage, Frequency, Duration, Quantity) VALUES (81, 13, '250mg', 'Once daily', '7 days', 8);
INSERT INTO BillPayment (VisitID, BillDate, BillTime, ConsultationFee, MedicineCost, LabTestCost, OtherCharges, SubTotal, DiscountAmount, TaxAmount, TotalAmount, PaymentMethod, PaymentStatus, PaidAmount, BalanceAmount, BilledBy) VALUES (81, '2025-07-22', '16:15:00', 0, 187.45, 0.00, 0.00, 187.45, 0.0, 0.0, 187.45, 'Free', 'Paid', 187.45, 0.00, 2);
INSERT INTO Appointment (MemberID, DoctorID, AppointmentDate, AppointmentTime, Symptoms, Status, Priority, TokenNumber) VALUES (76, 24, '2026-03-18', '14:15:00', 'Chest pain', 'Scheduled', 'Normal', 188);
INSERT INTO Appointment (MemberID, DoctorID, AppointmentDate, AppointmentTime, Symptoms, Status, Priority, TokenNumber) VALUES (77, 27, '2025-08-24', '14:45:00', 'Shortness of breath', 'Completed', 'Normal', 137);
INSERT INTO Visit (MemberID, DoctorID, AppointmentID, VisitDate, VisitTime, ChiefComplaint, Diagnosis, VitalSigns, TreatmentNotes, FollowUpRequired, FollowUpDate, VisitType, Status) VALUES (77, 27, 163, '2025-08-24', '16:35:00', 'Shortness of breath', 'Viral gastroenteritis', '{"bp":"123/72","temp":100.3}', 'Advised rest, medication prescribed', FALSE, NULL, 'Scheduled', 'Completed');
INSERT INTO Prescription (VisitID, MemberID, DoctorID, IssueDate, ValidUntil, Diagnosis, SpecialInstructions, Status) VALUES (82, 77, 27, '2025-08-24', '2025-09-03', 'Viral gastroenteritis', 'Take medicines after meals', 'Active');
INSERT INTO PrescriptionItem (PrescriptionID, MedicineID, Dosage, Frequency, Duration, Quantity) VALUES (82, 22, '400mg', 'As needed', '10 days', 15);
INSERT INTO PrescriptionItem (PrescriptionID, MedicineID, Dosage, Frequency, Duration, Quantity) VALUES (82, 23, '20mg', 'Twice daily', '3 days', 8);
INSERT INTO BillPayment (VisitID, BillDate, BillTime, ConsultationFee, MedicineCost, LabTestCost, OtherCharges, SubTotal, DiscountAmount, TaxAmount, TotalAmount, PaymentMethod, PaymentStatus, PaidAmount, BalanceAmount, BilledBy) VALUES (82, '2025-08-24', '14:15:00', 200, 277.12, 0.00, 0.00, 477.12, 0.0, 0.0, 477.12, 'UPI', 'Paid', 477.12, 0.00, 2);
INSERT INTO Appointment (MemberID, DoctorID, AppointmentDate, AppointmentTime, Symptoms, Status, Priority, TokenNumber) VALUES (77, 55, '2026-04-05', '12:45:00', 'Headache', 'Scheduled', 'Urgent', 128);
INSERT INTO Appointment (MemberID, DoctorID, AppointmentDate, AppointmentTime, Symptoms, Status, Priority, TokenNumber) VALUES (78, 33, '2025-06-24', '10:00:00', 'Back pain', 'Completed', 'Urgent', 270);
INSERT INTO Visit (MemberID, DoctorID, AppointmentID, VisitDate, VisitTime, ChiefComplaint, Diagnosis, VitalSigns, TreatmentNotes, FollowUpRequired, FollowUpDate, VisitType, Status) VALUES (78, 33, 165, '2025-06-24', '12:20:00', 'Back pain', 'Gastritis', '{"bp":"120/81","temp":100.0}', 'Advised rest, medication prescribed', FALSE, NULL, 'Scheduled', 'Completed');
INSERT INTO Prescription (VisitID, MemberID, DoctorID, IssueDate, ValidUntil, Diagnosis, SpecialInstructions, Status) VALUES (83, 78, 33, '2025-06-24', '2025-07-04', 'Gastritis', 'Take medicines after meals', 'Active');
INSERT INTO PrescriptionItem (PrescriptionID, MedicineID, Dosage, Frequency, Duration, Quantity) VALUES (83, 34, '20mg', 'Thrice daily', '10 days', 14);
INSERT INTO PrescriptionItem (PrescriptionID, MedicineID, Dosage, Frequency, Duration, Quantity) VALUES (83, 26, '500mg', 'Twice daily', '10 days', 5);
INSERT INTO PrescriptionItem (PrescriptionID, MedicineID, Dosage, Frequency, Duration, Quantity) VALUES (83, 15, '400mg', 'Twice daily', '3 days', 15);
INSERT INTO BillPayment (VisitID, BillDate, BillTime, ConsultationFee, MedicineCost, LabTestCost, OtherCharges, SubTotal, DiscountAmount, TaxAmount, TotalAmount, PaymentMethod, PaymentStatus, PaidAmount, BalanceAmount, BilledBy) VALUES (83, '2025-06-24', '11:00:00', 200, 243.98, 0.00, 0.00, 443.98, 0.0, 0.0, 443.98, 'Free', 'Paid', 443.98, 0.00, 2);
INSERT INTO Appointment (MemberID, DoctorID, AppointmentDate, AppointmentTime, Symptoms, Status, Priority, TokenNumber) VALUES (78, 45, '2026-04-18', '15:30:00', 'Nausea', 'Scheduled', 'Normal', 124);
INSERT INTO Appointment (MemberID, DoctorID, AppointmentDate, AppointmentTime, Symptoms, Status, Priority, TokenNumber) VALUES (79, 53, '2026-03-09', '09:30:00', 'Sore throat', 'Completed', 'Normal', 298);
INSERT INTO Visit (MemberID, DoctorID, AppointmentID, VisitDate, VisitTime, ChiefComplaint, Diagnosis, VitalSigns, TreatmentNotes, FollowUpRequired, FollowUpDate, VisitType, Status) VALUES (79, 53, 167, '2026-03-09', '10:05:00', 'Sore throat', 'Viral gastroenteritis', '{"bp":"123/81","temp":100.6}', 'Advised rest, medication prescribed', TRUE, '2026-03-28', 'Scheduled', 'Completed');
INSERT INTO Prescription (VisitID, MemberID, DoctorID, IssueDate, ValidUntil, Diagnosis, SpecialInstructions, Status) VALUES (84, 79, 53, '2026-03-09', '2026-03-19', 'Viral gastroenteritis', 'Take medicines after meals', 'Active');
INSERT INTO PrescriptionItem (PrescriptionID, MedicineID, Dosage, Frequency, Duration, Quantity) VALUES (84, 20, '5mg', 'Thrice daily', '5 days', 7);
INSERT INTO PrescriptionItem (PrescriptionID, MedicineID, Dosage, Frequency, Duration, Quantity) VALUES (84, 22, '5mg', 'As needed', '3 days', 13);
INSERT INTO BillPayment (VisitID, BillDate, BillTime, ConsultationFee, MedicineCost, LabTestCost, OtherCharges, SubTotal, DiscountAmount, TaxAmount, TotalAmount, PaymentMethod, PaymentStatus, PaidAmount, BalanceAmount, BilledBy) VALUES (84, '2026-03-09', '14:30:00', 150, 293.56, 0.00, 0.00, 443.56, 0.0, 0.0, 443.56, 'Free', 'Paid', 443.56, 0.00, 2);
INSERT INTO Appointment (MemberID, DoctorID, AppointmentDate, AppointmentTime, Symptoms, Status, Priority, TokenNumber) VALUES (79, 2, '2025-07-18', '15:00:00', 'Eye irritation', 'Completed', 'Normal', 258);
INSERT INTO Visit (MemberID, DoctorID, AppointmentID, VisitDate, VisitTime, ChiefComplaint, Diagnosis, VitalSigns, TreatmentNotes, FollowUpRequired, FollowUpDate, VisitType, Status) VALUES (79, 2, 168, '2025-07-18', '16:05:00', 'Eye irritation', 'Asthma', '{"bp":"140/85","temp":101.2}', 'Advised rest, medication prescribed', FALSE, NULL, 'Scheduled', 'Completed');
INSERT INTO Prescription (VisitID, MemberID, DoctorID, IssueDate, ValidUntil, Diagnosis, SpecialInstructions, Status) VALUES (85, 79, 2, '2025-07-18', '2025-07-28', 'Asthma', 'Take medicines after meals', 'Active');
INSERT INTO PrescriptionItem (PrescriptionID, MedicineID, Dosage, Frequency, Duration, Quantity) VALUES (85, 31, '20mg', 'Once daily', '3 days', 6);
INSERT INTO PrescriptionItem (PrescriptionID, MedicineID, Dosage, Frequency, Duration, Quantity) VALUES (85, 17, '400mg', 'Once daily', '10 days', 9);
INSERT INTO BillPayment (VisitID, BillDate, BillTime, ConsultationFee, MedicineCost, LabTestCost, OtherCharges, SubTotal, DiscountAmount, TaxAmount, TotalAmount, PaymentMethod, PaymentStatus, PaidAmount, BalanceAmount, BilledBy) VALUES (85, '2025-07-18', '09:30:00', 100, 87.59, 0.00, 0.00, 187.59, 0.0, 0.0, 187.59, 'Free', 'Paid', 187.59, 0.00, 2);
INSERT INTO Appointment (MemberID, DoctorID, AppointmentDate, AppointmentTime, Symptoms, Status, Priority, TokenNumber) VALUES (80, 20, '2025-03-22', '16:15:00', 'Acid reflux', 'Completed', 'Normal', 102);
INSERT INTO Visit (MemberID, DoctorID, AppointmentID, VisitDate, VisitTime, ChiefComplaint, Diagnosis, VitalSigns, TreatmentNotes, FollowUpRequired, FollowUpDate, VisitType, Status) VALUES (80, 20, 169, '2025-03-22', '11:05:00', 'Acid reflux', 'Viral gastroenteritis', '{"bp":"124/72","temp":99.8}', 'Advised rest, medication prescribed', FALSE, NULL, 'Scheduled', 'Completed');
INSERT INTO Prescription (VisitID, MemberID, DoctorID, IssueDate, ValidUntil, Diagnosis, SpecialInstructions, Status) VALUES (86, 80, 20, '2025-03-22', '2025-04-01', 'Viral gastroenteritis', 'Take medicines after meals', 'Active');
INSERT INTO PrescriptionItem (PrescriptionID, MedicineID, Dosage, Frequency, Duration, Quantity) VALUES (86, 18, '400mg', 'Once daily', '7 days', 12);
INSERT INTO PrescriptionItem (PrescriptionID, MedicineID, Dosage, Frequency, Duration, Quantity) VALUES (86, 25, '500mg', 'As needed', '5 days', 10);
INSERT INTO PrescriptionItem (PrescriptionID, MedicineID, Dosage, Frequency, Duration, Quantity) VALUES (86, 35, '10mg', 'Twice daily', '3 days', 7);
INSERT INTO BillPayment (VisitID, BillDate, BillTime, ConsultationFee, MedicineCost, LabTestCost, OtherCharges, SubTotal, DiscountAmount, TaxAmount, TotalAmount, PaymentMethod, PaymentStatus, PaidAmount, BalanceAmount, BilledBy) VALUES (86, '2025-03-22', '11:00:00', 200, 112.8, 0.00, 0.00, 312.8, 0.0, 0.0, 312.8, 'Cash', 'Paid', 312.8, 0.00, 2);
INSERT INTO Appointment (MemberID, DoctorID, AppointmentDate, AppointmentTime, Symptoms, Status, Priority, TokenNumber) VALUES (80, 13, '2025-11-10', '09:45:00', 'Joint pain', 'Completed', 'Urgent', 145);
INSERT INTO Visit (MemberID, DoctorID, AppointmentID, VisitDate, VisitTime, ChiefComplaint, Diagnosis, VitalSigns, TreatmentNotes, FollowUpRequired, FollowUpDate, VisitType, Status) VALUES (80, 13, 170, '2025-11-10', '09:20:00', 'Joint pain', 'Contact dermatitis', '{"bp":"137/88","temp":101.7}', 'Advised rest, medication prescribed', TRUE, '2026-04-04', 'Scheduled', 'Completed');
INSERT INTO Prescription (VisitID, MemberID, DoctorID, IssueDate, ValidUntil, Diagnosis, SpecialInstructions, Status) VALUES (87, 80, 13, '2025-11-10', '2025-11-20', 'Contact dermatitis', 'Take medicines after meals', 'Active');
INSERT INTO PrescriptionItem (PrescriptionID, MedicineID, Dosage, Frequency, Duration, Quantity) VALUES (87, 29, '500mg', 'Twice daily', '5 days', 5);
INSERT INTO PrescriptionItem (PrescriptionID, MedicineID, Dosage, Frequency, Duration, Quantity) VALUES (87, 8, '400mg', 'Once daily', '10 days', 10);
INSERT INTO BillPayment (VisitID, BillDate, BillTime, ConsultationFee, MedicineCost, LabTestCost, OtherCharges, SubTotal, DiscountAmount, TaxAmount, TotalAmount, PaymentMethod, PaymentStatus, PaidAmount, BalanceAmount, BilledBy) VALUES (87, '2025-11-10', '09:30:00', 100, 242.41, 0.00, 0.00, 342.41, 0.0, 0.0, 342.41, 'Free', 'Paid', 342.41, 0.00, 2);
INSERT INTO Appointment (MemberID, DoctorID, AppointmentDate, AppointmentTime, Symptoms, Status, Priority, TokenNumber) VALUES (81, 41, '2025-08-15', '16:00:00', 'Back pain', 'Completed', 'Normal', 279);
INSERT INTO Visit (MemberID, DoctorID, AppointmentID, VisitDate, VisitTime, ChiefComplaint, Diagnosis, VitalSigns, TreatmentNotes, FollowUpRequired, FollowUpDate, VisitType, Status) VALUES (81, 41, 171, '2025-08-15', '10:05:00', 'Back pain', 'Conjunctivitis', '{"bp":"121/85","temp":99.2}', 'Advised rest, medication prescribed', TRUE, '2026-04-15', 'Scheduled', 'Completed');
INSERT INTO Prescription (VisitID, MemberID, DoctorID, IssueDate, ValidUntil, Diagnosis, SpecialInstructions, Status) VALUES (88, 81, 41, '2025-08-15', '2025-08-25', 'Conjunctivitis', 'Take medicines after meals', 'Active');
INSERT INTO PrescriptionItem (PrescriptionID, MedicineID, Dosage, Frequency, Duration, Quantity) VALUES (88, 9, '500mg', 'Twice daily', '3 days', 12);
INSERT INTO PrescriptionItem (PrescriptionID, MedicineID, Dosage, Frequency, Duration, Quantity) VALUES (88, 8, '250mg', 'Twice daily', '10 days', 13);
INSERT INTO BillPayment (VisitID, BillDate, BillTime, ConsultationFee, MedicineCost, LabTestCost, OtherCharges, SubTotal, DiscountAmount, TaxAmount, TotalAmount, PaymentMethod, PaymentStatus, PaidAmount, BalanceAmount, BilledBy) VALUES (88, '2025-08-15', '16:00:00', 200, 124.53, 0.00, 0.00, 324.53, 0.0, 0.0, 324.53, 'Card', 'Paid', 324.53, 0.00, 2);
INSERT INTO Appointment (MemberID, DoctorID, AppointmentDate, AppointmentTime, Symptoms, Status, Priority, TokenNumber) VALUES (81, 51, '2026-03-18', '15:00:00', 'Insomnia', 'Scheduled', 'Normal', 151);
INSERT INTO Appointment (MemberID, DoctorID, AppointmentDate, AppointmentTime, Symptoms, Status, Priority, TokenNumber) VALUES (82, 10, '2025-03-23', '15:00:00', 'Shortness of breath', 'Completed', 'Normal', 103);
INSERT INTO Visit (MemberID, DoctorID, AppointmentID, VisitDate, VisitTime, ChiefComplaint, Diagnosis, VitalSigns, TreatmentNotes, FollowUpRequired, FollowUpDate, VisitType, Status) VALUES (82, 10, 173, '2025-03-23', '13:05:00', 'Shortness of breath', 'Pharyngitis', '{"bp":"135/74","temp":98.8}', 'Advised rest, medication prescribed', FALSE, NULL, 'Scheduled', 'Completed');
INSERT INTO Prescription (VisitID, MemberID, DoctorID, IssueDate, ValidUntil, Diagnosis, SpecialInstructions, Status) VALUES (89, 82, 10, '2025-03-23', '2025-04-02', 'Pharyngitis', 'Take medicines after meals', 'Active');
INSERT INTO PrescriptionItem (PrescriptionID, MedicineID, Dosage, Frequency, Duration, Quantity) VALUES (89, 31, '250mg', 'As needed', '10 days', 10);
INSERT INTO PrescriptionItem (PrescriptionID, MedicineID, Dosage, Frequency, Duration, Quantity) VALUES (89, 14, '250mg', 'Once daily', '5 days', 9);
INSERT INTO BillPayment (VisitID, BillDate, BillTime, ConsultationFee, MedicineCost, LabTestCost, OtherCharges, SubTotal, DiscountAmount, TaxAmount, TotalAmount, PaymentMethod, PaymentStatus, PaidAmount, BalanceAmount, BilledBy) VALUES (89, '2025-03-23', '11:15:00', 200, 197.35, 0.00, 0.00, 397.35, 0.0, 0.0, 397.35, 'Cash', 'Paid', 397.35, 0.00, 2);
INSERT INTO Appointment (MemberID, DoctorID, AppointmentDate, AppointmentTime, Symptoms, Status, Priority, TokenNumber) VALUES (82, 55, '2026-02-11', '16:00:00', 'Anxiety', 'Completed', 'Normal', 260);
INSERT INTO Visit (MemberID, DoctorID, AppointmentID, VisitDate, VisitTime, ChiefComplaint, Diagnosis, VitalSigns, TreatmentNotes, FollowUpRequired, FollowUpDate, VisitType, Status) VALUES (82, 55, 174, '2026-02-11', '14:10:00', 'Anxiety', 'Conjunctivitis', '{"bp":"123/71","temp":101.1}', 'Advised rest, medication prescribed', FALSE, NULL, 'Scheduled', 'Completed');
INSERT INTO Prescription (VisitID, MemberID, DoctorID, IssueDate, ValidUntil, Diagnosis, SpecialInstructions, Status) VALUES (90, 82, 55, '2026-02-11', '2026-02-21', 'Conjunctivitis', 'Take medicines after meals', 'Active');
INSERT INTO PrescriptionItem (PrescriptionID, MedicineID, Dosage, Frequency, Duration, Quantity) VALUES (90, 21, '500mg', 'Twice daily', '7 days', 9);
INSERT INTO PrescriptionItem (PrescriptionID, MedicineID, Dosage, Frequency, Duration, Quantity) VALUES (90, 26, '5mg', 'Twice daily', '5 days', 10);
INSERT INTO BillPayment (VisitID, BillDate, BillTime, ConsultationFee, MedicineCost, LabTestCost, OtherCharges, SubTotal, DiscountAmount, TaxAmount, TotalAmount, PaymentMethod, PaymentStatus, PaidAmount, BalanceAmount, BilledBy) VALUES (90, '2026-02-11', '11:15:00', 200, 285.83, 0.00, 0.00, 485.83, 0.0, 0.0, 485.83, 'Free', 'Paid', 485.83, 0.00, 2);
INSERT INTO Appointment (MemberID, DoctorID, AppointmentDate, AppointmentTime, Symptoms, Status, Priority, TokenNumber) VALUES (83, 39, '2025-07-06', '10:45:00', 'Acid reflux', 'Completed', 'Normal', 116);
INSERT INTO Visit (MemberID, DoctorID, AppointmentID, VisitDate, VisitTime, ChiefComplaint, Diagnosis, VitalSigns, TreatmentNotes, FollowUpRequired, FollowUpDate, VisitType, Status) VALUES (83, 39, 175, '2025-07-06', '10:10:00', 'Acid reflux', 'Insomnia', '{"bp":"111/81","temp":98.5}', 'Advised rest, medication prescribed', FALSE, NULL, 'Scheduled', 'Completed');
INSERT INTO Prescription (VisitID, MemberID, DoctorID, IssueDate, ValidUntil, Diagnosis, SpecialInstructions, Status) VALUES (91, 83, 39, '2025-07-06', '2025-07-16', 'Insomnia', 'Take medicines after meals', 'Active');
INSERT INTO PrescriptionItem (PrescriptionID, MedicineID, Dosage, Frequency, Duration, Quantity) VALUES (91, 30, '20mg', 'Thrice daily', '7 days', 10);
INSERT INTO PrescriptionItem (PrescriptionID, MedicineID, Dosage, Frequency, Duration, Quantity) VALUES (91, 22, '20mg', 'As needed', '10 days', 15);
INSERT INTO PrescriptionItem (PrescriptionID, MedicineID, Dosage, Frequency, Duration, Quantity) VALUES (91, 20, '400mg', 'Twice daily', '10 days', 8);
INSERT INTO BillPayment (VisitID, BillDate, BillTime, ConsultationFee, MedicineCost, LabTestCost, OtherCharges, SubTotal, DiscountAmount, TaxAmount, TotalAmount, PaymentMethod, PaymentStatus, PaidAmount, BalanceAmount, BilledBy) VALUES (91, '2025-07-06', '17:00:00', 0, 213.6, 0.00, 0.00, 213.6, 0.0, 0.0, 213.6, 'Card', 'Paid', 213.6, 0.00, 2);
INSERT INTO Appointment (MemberID, DoctorID, AppointmentDate, AppointmentTime, Symptoms, Status, Priority, TokenNumber) VALUES (83, 17, '2026-03-18', '13:30:00', 'Acid reflux', 'Scheduled', 'Normal', 180);
INSERT INTO Appointment (MemberID, DoctorID, AppointmentDate, AppointmentTime, Symptoms, Status, Priority, TokenNumber) VALUES (84, 21, '2026-05-30', '12:30:00', 'Knee pain', 'Scheduled', 'Normal', 185);
INSERT INTO Appointment (MemberID, DoctorID, AppointmentDate, AppointmentTime, Symptoms, Status, Priority, TokenNumber) VALUES (84, 34, '2026-03-18', '13:30:00', 'Acid reflux', 'Scheduled', 'Normal', 268);
INSERT INTO Appointment (MemberID, DoctorID, AppointmentDate, AppointmentTime, Symptoms, Status, Priority, TokenNumber) VALUES (85, 13, '2026-04-05', '13:15:00', 'Vomiting', 'Scheduled', 'Normal', 282);
INSERT INTO Appointment (MemberID, DoctorID, AppointmentDate, AppointmentTime, Symptoms, Status, Priority, TokenNumber) VALUES (85, 35, '2025-12-03', '16:15:00', 'Sore throat', 'Completed', 'Normal', 174);
INSERT INTO Visit (MemberID, DoctorID, AppointmentID, VisitDate, VisitTime, ChiefComplaint, Diagnosis, VitalSigns, TreatmentNotes, FollowUpRequired, FollowUpDate, VisitType, Status) VALUES (85, 35, 180, '2025-12-03', '12:10:00', 'Sore throat', 'Acute diarrhea', '{"bp":"130/80","temp":98.0}', 'Advised rest, medication prescribed', FALSE, NULL, 'Scheduled', 'Completed');
INSERT INTO Prescription (VisitID, MemberID, DoctorID, IssueDate, ValidUntil, Diagnosis, SpecialInstructions, Status) VALUES (92, 85, 35, '2025-12-03', '2025-12-13', 'Acute diarrhea', 'Take medicines after meals', 'Active');
INSERT INTO PrescriptionItem (PrescriptionID, MedicineID, Dosage, Frequency, Duration, Quantity) VALUES (92, 24, '5mg', 'Thrice daily', '10 days', 11);
INSERT INTO PrescriptionItem (PrescriptionID, MedicineID, Dosage, Frequency, Duration, Quantity) VALUES (92, 16, '10mg', 'Twice daily', '7 days', 12);
INSERT INTO PrescriptionItem (PrescriptionID, MedicineID, Dosage, Frequency, Duration, Quantity) VALUES (92, 26, '500mg', 'Thrice daily', '3 days', 9);
INSERT INTO BillPayment (VisitID, BillDate, BillTime, ConsultationFee, MedicineCost, LabTestCost, OtherCharges, SubTotal, DiscountAmount, TaxAmount, TotalAmount, PaymentMethod, PaymentStatus, PaidAmount, BalanceAmount, BilledBy) VALUES (92, '2025-12-03', '10:15:00', 200, 295.48, 0.00, 0.00, 495.48, 0.0, 0.0, 495.48, 'Cash', 'Paid', 495.48, 0.00, 2);
INSERT INTO Appointment (MemberID, DoctorID, AppointmentDate, AppointmentTime, Symptoms, Status, Priority, TokenNumber) VALUES (86, 52, '2026-05-21', '16:30:00', 'Fatigue', 'Scheduled', 'Normal', 150);
INSERT INTO Appointment (MemberID, DoctorID, AppointmentDate, AppointmentTime, Symptoms, Status, Priority, TokenNumber) VALUES (86, 18, '2025-08-11', '16:00:00', 'Allergic reaction', 'Completed', 'Normal', 180);
INSERT INTO Visit (MemberID, DoctorID, AppointmentID, VisitDate, VisitTime, ChiefComplaint, Diagnosis, VitalSigns, TreatmentNotes, FollowUpRequired, FollowUpDate, VisitType, Status) VALUES (86, 18, 182, '2025-08-11', '11:10:00', 'Allergic reaction', 'Pharyngitis', '{"bp":"111/72","temp":98.5}', 'Advised rest, medication prescribed', TRUE, '2026-03-26', 'Scheduled', 'Completed');
INSERT INTO Prescription (VisitID, MemberID, DoctorID, IssueDate, ValidUntil, Diagnosis, SpecialInstructions, Status) VALUES (93, 86, 18, '2025-08-11', '2025-08-21', 'Pharyngitis', 'Take medicines after meals', 'Active');
INSERT INTO PrescriptionItem (PrescriptionID, MedicineID, Dosage, Frequency, Duration, Quantity) VALUES (93, 9, '250mg', 'Once daily', '3 days', 3);
INSERT INTO PrescriptionItem (PrescriptionID, MedicineID, Dosage, Frequency, Duration, Quantity) VALUES (93, 7, '500mg', 'Thrice daily', '7 days', 7);
INSERT INTO PrescriptionItem (PrescriptionID, MedicineID, Dosage, Frequency, Duration, Quantity) VALUES (93, 28, '5mg', 'Twice daily', '5 days', 6);
INSERT INTO BillPayment (VisitID, BillDate, BillTime, ConsultationFee, MedicineCost, LabTestCost, OtherCharges, SubTotal, DiscountAmount, TaxAmount, TotalAmount, PaymentMethod, PaymentStatus, PaidAmount, BalanceAmount, BilledBy) VALUES (93, '2025-08-11', '17:30:00', 200, 189.03, 0.00, 0.00, 389.03, 0.0, 0.0, 389.03, 'Card', 'Paid', 389.03, 0.00, 2);
INSERT INTO Appointment (MemberID, DoctorID, AppointmentDate, AppointmentTime, Symptoms, Status, Priority, TokenNumber) VALUES (87, 54, '2026-03-06', '14:15:00', 'Stomach ache', 'Completed', 'Urgent', 198);
INSERT INTO Visit (MemberID, DoctorID, AppointmentID, VisitDate, VisitTime, ChiefComplaint, Diagnosis, VitalSigns, TreatmentNotes, FollowUpRequired, FollowUpDate, VisitType, Status) VALUES (87, 54, 183, '2026-03-06', '09:10:00', 'Stomach ache', 'Nausea and vomiting', '{"bp":"129/78","temp":101.5}', 'Advised rest, medication prescribed', TRUE, '2026-04-17', 'Scheduled', 'Completed');
INSERT INTO Prescription (VisitID, MemberID, DoctorID, IssueDate, ValidUntil, Diagnosis, SpecialInstructions, Status) VALUES (94, 87, 54, '2026-03-06', '2026-03-16', 'Nausea and vomiting', 'Take medicines after meals', 'Active');
INSERT INTO PrescriptionItem (PrescriptionID, MedicineID, Dosage, Frequency, Duration, Quantity) VALUES (94, 7, '5mg', 'Twice daily', '5 days', 10);
INSERT INTO PrescriptionItem (PrescriptionID, MedicineID, Dosage, Frequency, Duration, Quantity) VALUES (94, 16, '20mg', 'Twice daily', '5 days', 6);
INSERT INTO BillPayment (VisitID, BillDate, BillTime, ConsultationFee, MedicineCost, LabTestCost, OtherCharges, SubTotal, DiscountAmount, TaxAmount, TotalAmount, PaymentMethod, PaymentStatus, PaidAmount, BalanceAmount, BilledBy) VALUES (94, '2026-03-06', '13:45:00', 100, 50.07, 0.00, 0.00, 150.07, 0.0, 0.0, 150.07, 'UPI', 'Paid', 150.07, 0.00, 2);
INSERT INTO Appointment (MemberID, DoctorID, AppointmentDate, AppointmentTime, Symptoms, Status, Priority, TokenNumber) VALUES (87, 38, '2026-05-07', '16:15:00', 'Dizziness', 'Scheduled', 'Normal', 120);
INSERT INTO Appointment (MemberID, DoctorID, AppointmentDate, AppointmentTime, Symptoms, Status, Priority, TokenNumber) VALUES (88, 27, '2026-05-14', '11:45:00', 'Acid reflux', 'Scheduled', 'Normal', 105);
INSERT INTO Appointment (MemberID, DoctorID, AppointmentDate, AppointmentTime, Symptoms, Status, Priority, TokenNumber) VALUES (88, 35, '2026-04-14', '16:45:00', 'Fatigue', 'Scheduled', 'Normal', 105);
INSERT INTO Appointment (MemberID, DoctorID, AppointmentDate, AppointmentTime, Symptoms, Status, Priority, TokenNumber) VALUES (89, 32, '2025-08-31', '16:15:00', 'Shortness of breath', 'Completed', 'Normal', 119);
INSERT INTO Visit (MemberID, DoctorID, AppointmentID, VisitDate, VisitTime, ChiefComplaint, Diagnosis, VitalSigns, TreatmentNotes, FollowUpRequired, FollowUpDate, VisitType, Status) VALUES (89, 32, 187, '2025-08-31', '15:10:00', 'Shortness of breath', 'GERD', '{"bp":"116/76","temp":98.7}', 'Advised rest, medication prescribed', FALSE, NULL, 'Scheduled', 'Completed');
INSERT INTO Prescription (VisitID, MemberID, DoctorID, IssueDate, ValidUntil, Diagnosis, SpecialInstructions, Status) VALUES (95, 89, 32, '2025-08-31', '2025-09-10', 'GERD', 'Take medicines after meals', 'Active');
INSERT INTO PrescriptionItem (PrescriptionID, MedicineID, Dosage, Frequency, Duration, Quantity) VALUES (95, 18, '250mg', 'As needed', '10 days', 3);
INSERT INTO PrescriptionItem (PrescriptionID, MedicineID, Dosage, Frequency, Duration, Quantity) VALUES (95, 16, '400mg', 'Twice daily', '3 days', 10);
INSERT INTO PrescriptionItem (PrescriptionID, MedicineID, Dosage, Frequency, Duration, Quantity) VALUES (95, 19, '400mg', 'Once daily', '10 days', 12);
INSERT INTO BillPayment (VisitID, BillDate, BillTime, ConsultationFee, MedicineCost, LabTestCost, OtherCharges, SubTotal, DiscountAmount, TaxAmount, TotalAmount, PaymentMethod, PaymentStatus, PaidAmount, BalanceAmount, BilledBy) VALUES (95, '2025-08-31', '16:45:00', 100, 120.67, 0.00, 0.00, 220.67, 0.0, 0.0, 220.67, 'Cash', 'Paid', 220.67, 0.00, 2);
INSERT INTO Appointment (MemberID, DoctorID, AppointmentDate, AppointmentTime, Symptoms, Status, Priority, TokenNumber) VALUES (89, 47, '2025-08-12', '10:45:00', 'Back pain', 'Completed', 'Normal', 168);
INSERT INTO Visit (MemberID, DoctorID, AppointmentID, VisitDate, VisitTime, ChiefComplaint, Diagnosis, VitalSigns, TreatmentNotes, FollowUpRequired, FollowUpDate, VisitType, Status) VALUES (89, 47, 188, '2025-08-12', '13:35:00', 'Back pain', 'Asthma', '{"bp":"137/88","temp":100.5}', 'Advised rest, medication prescribed', TRUE, '2026-04-01', 'Scheduled', 'Completed');
INSERT INTO Prescription (VisitID, MemberID, DoctorID, IssueDate, ValidUntil, Diagnosis, SpecialInstructions, Status) VALUES (96, 89, 47, '2025-08-12', '2025-08-22', 'Asthma', 'Take medicines after meals', 'Active');
INSERT INTO PrescriptionItem (PrescriptionID, MedicineID, Dosage, Frequency, Duration, Quantity) VALUES (96, 3, '10mg', 'Once daily', '5 days', 4);
INSERT INTO PrescriptionItem (PrescriptionID, MedicineID, Dosage, Frequency, Duration, Quantity) VALUES (96, 25, '400mg', 'Twice daily', '3 days', 12);
INSERT INTO BillPayment (VisitID, BillDate, BillTime, ConsultationFee, MedicineCost, LabTestCost, OtherCharges, SubTotal, DiscountAmount, TaxAmount, TotalAmount, PaymentMethod, PaymentStatus, PaidAmount, BalanceAmount, BilledBy) VALUES (96, '2025-08-12', '17:30:00', 200, 34.02, 0.00, 0.00, 234.02, 0.0, 0.0, 234.02, 'Cash', 'Paid', 234.02, 0.00, 2);
INSERT INTO Appointment (MemberID, DoctorID, AppointmentDate, AppointmentTime, Symptoms, Status, Priority, TokenNumber) VALUES (90, 29, '2026-01-04', '15:30:00', 'Stomach ache', 'Completed', 'Normal', 179);
INSERT INTO Visit (MemberID, DoctorID, AppointmentID, VisitDate, VisitTime, ChiefComplaint, Diagnosis, VitalSigns, TreatmentNotes, FollowUpRequired, FollowUpDate, VisitType, Status) VALUES (90, 29, 189, '2026-01-04', '10:10:00', 'Stomach ache', 'Gastritis', '{"bp":"129/71","temp":100.1}', 'Advised rest, medication prescribed', FALSE, NULL, 'Scheduled', 'Completed');
INSERT INTO Prescription (VisitID, MemberID, DoctorID, IssueDate, ValidUntil, Diagnosis, SpecialInstructions, Status) VALUES (97, 90, 29, '2026-01-04', '2026-01-14', 'Gastritis', 'Take medicines after meals', 'Active');
INSERT INTO PrescriptionItem (PrescriptionID, MedicineID, Dosage, Frequency, Duration, Quantity) VALUES (97, 19, '5mg', 'Twice daily', '5 days', 3);
INSERT INTO PrescriptionItem (PrescriptionID, MedicineID, Dosage, Frequency, Duration, Quantity) VALUES (97, 31, '250mg', 'Once daily', '3 days', 15);
INSERT INTO BillPayment (VisitID, BillDate, BillTime, ConsultationFee, MedicineCost, LabTestCost, OtherCharges, SubTotal, DiscountAmount, TaxAmount, TotalAmount, PaymentMethod, PaymentStatus, PaidAmount, BalanceAmount, BilledBy) VALUES (97, '2026-01-04', '17:00:00', 0, 95.33, 0.00, 0.00, 95.33, 0.0, 0.0, 95.33, 'UPI', 'Paid', 95.33, 0.00, 2);
INSERT INTO Appointment (MemberID, DoctorID, AppointmentDate, AppointmentTime, Symptoms, Status, Priority, TokenNumber) VALUES (90, 50, '2025-09-10', '11:15:00', 'Insomnia', 'Completed', 'Urgent', 162);
INSERT INTO Visit (MemberID, DoctorID, AppointmentID, VisitDate, VisitTime, ChiefComplaint, Diagnosis, VitalSigns, TreatmentNotes, FollowUpRequired, FollowUpDate, VisitType, Status) VALUES (90, 50, 190, '2025-09-10', '14:10:00', 'Insomnia', 'Viral fever', '{"bp":"126/70","temp":99.8}', 'Advised rest, medication prescribed', FALSE, NULL, 'Scheduled', 'Completed');
INSERT INTO Prescription (VisitID, MemberID, DoctorID, IssueDate, ValidUntil, Diagnosis, SpecialInstructions, Status) VALUES (98, 90, 50, '2025-09-10', '2025-09-20', 'Viral fever', 'Take medicines after meals', 'Active');
INSERT INTO PrescriptionItem (PrescriptionID, MedicineID, Dosage, Frequency, Duration, Quantity) VALUES (98, 26, '250mg', 'Once daily', '10 days', 5);
INSERT INTO PrescriptionItem (PrescriptionID, MedicineID, Dosage, Frequency, Duration, Quantity) VALUES (98, 9, '250mg', 'Twice daily', '7 days', 12);
INSERT INTO BillPayment (VisitID, BillDate, BillTime, ConsultationFee, MedicineCost, LabTestCost, OtherCharges, SubTotal, DiscountAmount, TaxAmount, TotalAmount, PaymentMethod, PaymentStatus, PaidAmount, BalanceAmount, BilledBy) VALUES (98, '2025-09-10', '11:00:00', 100, 149.47, 0.00, 0.00, 249.47, 0.0, 0.0, 249.47, 'Free', 'Paid', 249.47, 0.00, 2);
INSERT INTO Appointment (MemberID, DoctorID, AppointmentDate, AppointmentTime, Symptoms, Status, Priority, TokenNumber) VALUES (91, 46, '2025-04-24', '09:00:00', 'Skin rash', 'Completed', 'Normal', 173);
INSERT INTO Visit (MemberID, DoctorID, AppointmentID, VisitDate, VisitTime, ChiefComplaint, Diagnosis, VitalSigns, TreatmentNotes, FollowUpRequired, FollowUpDate, VisitType, Status) VALUES (91, 46, 191, '2025-04-24', '16:35:00', 'Skin rash', 'Otitis media', '{"bp":"133/82","temp":101.9}', 'Advised rest, medication prescribed', FALSE, NULL, 'Scheduled', 'Completed');
INSERT INTO Prescription (VisitID, MemberID, DoctorID, IssueDate, ValidUntil, Diagnosis, SpecialInstructions, Status) VALUES (99, 91, 46, '2025-04-24', '2025-05-04', 'Otitis media', 'Take medicines after meals', 'Active');
INSERT INTO PrescriptionItem (PrescriptionID, MedicineID, Dosage, Frequency, Duration, Quantity) VALUES (99, 34, '10mg', 'As needed', '5 days', 11);
INSERT INTO PrescriptionItem (PrescriptionID, MedicineID, Dosage, Frequency, Duration, Quantity) VALUES (99, 23, '5mg', 'Twice daily', '3 days', 6);
INSERT INTO PrescriptionItem (PrescriptionID, MedicineID, Dosage, Frequency, Duration, Quantity) VALUES (99, 26, '500mg', 'Thrice daily', '7 days', 4);
INSERT INTO BillPayment (VisitID, BillDate, BillTime, ConsultationFee, MedicineCost, LabTestCost, OtherCharges, SubTotal, DiscountAmount, TaxAmount, TotalAmount, PaymentMethod, PaymentStatus, PaidAmount, BalanceAmount, BilledBy) VALUES (99, '2025-04-24', '15:30:00', 200, 273.17, 0.00, 0.00, 473.17, 0.0, 0.0, 473.17, 'Free', 'Paid', 473.17, 0.00, 2);
INSERT INTO Appointment (MemberID, DoctorID, AppointmentDate, AppointmentTime, Symptoms, Status, Priority, TokenNumber) VALUES (91, 24, '2025-07-11', '12:00:00', 'Nausea', 'Completed', 'Normal', 263);
INSERT INTO Visit (MemberID, DoctorID, AppointmentID, VisitDate, VisitTime, ChiefComplaint, Diagnosis, VitalSigns, TreatmentNotes, FollowUpRequired, FollowUpDate, VisitType, Status) VALUES (91, 24, 192, '2025-07-11', '16:10:00', 'Nausea', 'Myalgia', '{"bp":"119/82","temp":98.3}', 'Advised rest, medication prescribed', FALSE, NULL, 'Scheduled', 'Completed');
INSERT INTO Prescription (VisitID, MemberID, DoctorID, IssueDate, ValidUntil, Diagnosis, SpecialInstructions, Status) VALUES (100, 91, 24, '2025-07-11', '2025-07-21', 'Myalgia', 'Take medicines after meals', 'Active');
INSERT INTO PrescriptionItem (PrescriptionID, MedicineID, Dosage, Frequency, Duration, Quantity) VALUES (100, 15, '10mg', 'As needed', '10 days', 10);
INSERT INTO PrescriptionItem (PrescriptionID, MedicineID, Dosage, Frequency, Duration, Quantity) VALUES (100, 29, '400mg', 'As needed', '7 days', 6);
INSERT INTO BillPayment (VisitID, BillDate, BillTime, ConsultationFee, MedicineCost, LabTestCost, OtherCharges, SubTotal, DiscountAmount, TaxAmount, TotalAmount, PaymentMethod, PaymentStatus, PaidAmount, BalanceAmount, BilledBy) VALUES (100, '2025-07-11', '12:15:00', 150, 56.52, 0.00, 0.00, 206.52, 0.0, 0.0, 206.52, 'Cash', 'Paid', 206.52, 0.00, 2);
INSERT INTO Appointment (MemberID, DoctorID, AppointmentDate, AppointmentTime, Symptoms, Status, Priority, TokenNumber) VALUES (92, 41, '2026-04-25', '14:00:00', 'Shortness of breath', 'Scheduled', 'Normal', 198);
INSERT INTO Appointment (MemberID, DoctorID, AppointmentDate, AppointmentTime, Symptoms, Status, Priority, TokenNumber) VALUES (92, 42, '2026-03-28', '13:30:00', 'Fatigue', 'Scheduled', 'Normal', 110);
INSERT INTO Appointment (MemberID, DoctorID, AppointmentDate, AppointmentTime, Symptoms, Status, Priority, TokenNumber) VALUES (93, 55, '2025-09-18', '14:15:00', 'Knee pain', 'Completed', 'Urgent', 142);
INSERT INTO Visit (MemberID, DoctorID, AppointmentID, VisitDate, VisitTime, ChiefComplaint, Diagnosis, VitalSigns, TreatmentNotes, FollowUpRequired, FollowUpDate, VisitType, Status) VALUES (93, 55, 195, '2025-09-18', '10:10:00', 'Knee pain', 'Viral fever', '{"bp":"127/78","temp":97.3}', 'Advised rest, medication prescribed', FALSE, NULL, 'Scheduled', 'Completed');
INSERT INTO Prescription (VisitID, MemberID, DoctorID, IssueDate, ValidUntil, Diagnosis, SpecialInstructions, Status) VALUES (101, 93, 55, '2025-09-18', '2025-09-28', 'Viral fever', 'Take medicines after meals', 'Active');
INSERT INTO PrescriptionItem (PrescriptionID, MedicineID, Dosage, Frequency, Duration, Quantity) VALUES (101, 34, '500mg', 'As needed', '10 days', 8);
INSERT INTO PrescriptionItem (PrescriptionID, MedicineID, Dosage, Frequency, Duration, Quantity) VALUES (101, 24, '20mg', 'As needed', '7 days', 12);
INSERT INTO BillPayment (VisitID, BillDate, BillTime, ConsultationFee, MedicineCost, LabTestCost, OtherCharges, SubTotal, DiscountAmount, TaxAmount, TotalAmount, PaymentMethod, PaymentStatus, PaidAmount, BalanceAmount, BilledBy) VALUES (101, '2025-09-18', '17:00:00', 100, 99.78, 0.00, 0.00, 199.78, 0.0, 0.0, 199.78, 'Cash', 'Paid', 199.78, 0.00, 2);
INSERT INTO Appointment (MemberID, DoctorID, AppointmentDate, AppointmentTime, Symptoms, Status, Priority, TokenNumber) VALUES (93, 29, '2026-05-13', '09:00:00', 'Body pain', 'Scheduled', 'Urgent', 196);
INSERT INTO Appointment (MemberID, DoctorID, AppointmentDate, AppointmentTime, Symptoms, Status, Priority, TokenNumber) VALUES (94, 22, '2026-03-18', '16:30:00', 'Body pain', 'Scheduled', 'Normal', 150);
INSERT INTO Appointment (MemberID, DoctorID, AppointmentDate, AppointmentTime, Symptoms, Status, Priority, TokenNumber) VALUES (94, 6, '2026-03-18', '13:45:00', 'Dizziness', 'Scheduled', 'Normal', 177);
INSERT INTO Appointment (MemberID, DoctorID, AppointmentDate, AppointmentTime, Symptoms, Status, Priority, TokenNumber) VALUES (95, 1, '2026-04-12', '15:15:00', 'Eye irritation', 'Scheduled', 'Normal', 138);
INSERT INTO Appointment (MemberID, DoctorID, AppointmentDate, AppointmentTime, Symptoms, Status, Priority, TokenNumber) VALUES (95, 28, '2025-11-07', '12:00:00', 'Headache', 'Completed', 'Normal', 109);
INSERT INTO Visit (MemberID, DoctorID, AppointmentID, VisitDate, VisitTime, ChiefComplaint, Diagnosis, VitalSigns, TreatmentNotes, FollowUpRequired, FollowUpDate, VisitType, Status) VALUES (95, 28, 200, '2025-11-07', '16:05:00', 'Headache', 'Lumbar spondylosis', '{"bp":"139/85","temp":97.6}', 'Advised rest, medication prescribed', TRUE, '2026-03-30', 'Scheduled', 'Completed');
INSERT INTO Prescription (VisitID, MemberID, DoctorID, IssueDate, ValidUntil, Diagnosis, SpecialInstructions, Status) VALUES (102, 95, 28, '2025-11-07', '2025-11-17', 'Lumbar spondylosis', 'Take medicines after meals', 'Active');
INSERT INTO PrescriptionItem (PrescriptionID, MedicineID, Dosage, Frequency, Duration, Quantity) VALUES (102, 22, '10mg', 'Thrice daily', '7 days', 11);
INSERT INTO PrescriptionItem (PrescriptionID, MedicineID, Dosage, Frequency, Duration, Quantity) VALUES (102, 24, '250mg', 'Thrice daily', '5 days', 6);
INSERT INTO PrescriptionItem (PrescriptionID, MedicineID, Dosage, Frequency, Duration, Quantity) VALUES (102, 31, '500mg', 'As needed', '10 days', 7);
INSERT INTO BillPayment (VisitID, BillDate, BillTime, ConsultationFee, MedicineCost, LabTestCost, OtherCharges, SubTotal, DiscountAmount, TaxAmount, TotalAmount, PaymentMethod, PaymentStatus, PaidAmount, BalanceAmount, BilledBy) VALUES (102, '2025-11-07', '16:45:00', 100, 283.18, 0.00, 0.00, 383.18, 0.0, 0.0, 383.18, 'Card', 'Paid', 383.18, 0.00, 2);
INSERT INTO Appointment (MemberID, DoctorID, AppointmentDate, AppointmentTime, Symptoms, Status, Priority, TokenNumber) VALUES (96, 4, '2026-04-26', '13:00:00', 'Body pain', 'Scheduled', 'Normal', 300);
INSERT INTO Appointment (MemberID, DoctorID, AppointmentDate, AppointmentTime, Symptoms, Status, Priority, TokenNumber) VALUES (96, 15, '2026-04-19', '16:15:00', 'Sore throat', 'Scheduled', 'Normal', 229);
INSERT INTO Appointment (MemberID, DoctorID, AppointmentDate, AppointmentTime, Symptoms, Status, Priority, TokenNumber) VALUES (97, 24, '2025-08-25', '15:30:00', 'Knee pain', 'Completed', 'Normal', 141);
INSERT INTO Visit (MemberID, DoctorID, AppointmentID, VisitDate, VisitTime, ChiefComplaint, Diagnosis, VitalSigns, TreatmentNotes, FollowUpRequired, FollowUpDate, VisitType, Status) VALUES (97, 24, 203, '2025-08-25', '16:05:00', 'Knee pain', 'GERD', '{"bp":"139/71","temp":99.4}', 'Advised rest, medication prescribed', FALSE, NULL, 'Scheduled', 'Completed');
INSERT INTO Prescription (VisitID, MemberID, DoctorID, IssueDate, ValidUntil, Diagnosis, SpecialInstructions, Status) VALUES (103, 97, 24, '2025-08-25', '2025-09-04', 'GERD', 'Take medicines after meals', 'Active');
INSERT INTO PrescriptionItem (PrescriptionID, MedicineID, Dosage, Frequency, Duration, Quantity) VALUES (103, 10, '500mg', 'Thrice daily', '7 days', 4);
INSERT INTO PrescriptionItem (PrescriptionID, MedicineID, Dosage, Frequency, Duration, Quantity) VALUES (103, 27, '10mg', 'Twice daily', '10 days', 10);
INSERT INTO PrescriptionItem (PrescriptionID, MedicineID, Dosage, Frequency, Duration, Quantity) VALUES (103, 31, '5mg', 'Twice daily', '10 days', 9);
INSERT INTO BillPayment (VisitID, BillDate, BillTime, ConsultationFee, MedicineCost, LabTestCost, OtherCharges, SubTotal, DiscountAmount, TaxAmount, TotalAmount, PaymentMethod, PaymentStatus, PaidAmount, BalanceAmount, BilledBy) VALUES (103, '2025-08-25', '14:15:00', 50, 100.21, 0.00, 0.00, 150.21, 0.0, 0.0, 150.21, 'UPI', 'Paid', 150.21, 0.00, 2);
INSERT INTO Appointment (MemberID, DoctorID, AppointmentDate, AppointmentTime, Symptoms, Status, Priority, TokenNumber) VALUES (97, 39, '2025-09-06', '10:00:00', 'Headache', 'Completed', 'Normal', 288);
INSERT INTO Visit (MemberID, DoctorID, AppointmentID, VisitDate, VisitTime, ChiefComplaint, Diagnosis, VitalSigns, TreatmentNotes, FollowUpRequired, FollowUpDate, VisitType, Status) VALUES (97, 39, 204, '2025-09-06', '11:35:00', 'Headache', 'Viral fever', '{"bp":"112/90","temp":97.8}', 'Advised rest, medication prescribed', FALSE, NULL, 'Scheduled', 'Completed');
INSERT INTO Prescription (VisitID, MemberID, DoctorID, IssueDate, ValidUntil, Diagnosis, SpecialInstructions, Status) VALUES (104, 97, 39, '2025-09-06', '2025-09-16', 'Viral fever', 'Take medicines after meals', 'Active');
INSERT INTO PrescriptionItem (PrescriptionID, MedicineID, Dosage, Frequency, Duration, Quantity) VALUES (104, 1, '250mg', 'Once daily', '5 days', 7);
INSERT INTO PrescriptionItem (PrescriptionID, MedicineID, Dosage, Frequency, Duration, Quantity) VALUES (104, 31, '10mg', 'Thrice daily', '3 days', 3);
INSERT INTO BillPayment (VisitID, BillDate, BillTime, ConsultationFee, MedicineCost, LabTestCost, OtherCharges, SubTotal, DiscountAmount, TaxAmount, TotalAmount, PaymentMethod, PaymentStatus, PaidAmount, BalanceAmount, BilledBy) VALUES (104, '2025-09-06', '10:00:00', 50, 270.01, 0.00, 0.00, 320.01, 0.0, 0.0, 320.01, 'Card', 'Paid', 320.01, 0.00, 2);
INSERT INTO Appointment (MemberID, DoctorID, AppointmentDate, AppointmentTime, Symptoms, Status, Priority, TokenNumber) VALUES (98, 38, '2026-02-25', '09:15:00', 'Stomach ache', 'Completed', 'Urgent', 225);
INSERT INTO Visit (MemberID, DoctorID, AppointmentID, VisitDate, VisitTime, ChiefComplaint, Diagnosis, VitalSigns, TreatmentNotes, FollowUpRequired, FollowUpDate, VisitType, Status) VALUES (98, 38, 205, '2026-02-25', '13:20:00', 'Stomach ache', 'Pharyngitis', '{"bp":"126/72","temp":101.6}', 'Advised rest, medication prescribed', FALSE, NULL, 'Scheduled', 'Completed');
INSERT INTO Prescription (VisitID, MemberID, DoctorID, IssueDate, ValidUntil, Diagnosis, SpecialInstructions, Status) VALUES (105, 98, 38, '2026-02-25', '2026-03-07', 'Pharyngitis', 'Take medicines after meals', 'Active');
INSERT INTO PrescriptionItem (PrescriptionID, MedicineID, Dosage, Frequency, Duration, Quantity) VALUES (105, 9, '20mg', 'Thrice daily', '5 days', 13);
INSERT INTO PrescriptionItem (PrescriptionID, MedicineID, Dosage, Frequency, Duration, Quantity) VALUES (105, 5, '400mg', 'Once daily', '10 days', 12);
INSERT INTO PrescriptionItem (PrescriptionID, MedicineID, Dosage, Frequency, Duration, Quantity) VALUES (105, 30, '250mg', 'Thrice daily', '3 days', 9);
INSERT INTO BillPayment (VisitID, BillDate, BillTime, ConsultationFee, MedicineCost, LabTestCost, OtherCharges, SubTotal, DiscountAmount, TaxAmount, TotalAmount, PaymentMethod, PaymentStatus, PaidAmount, BalanceAmount, BilledBy) VALUES (105, '2026-02-25', '16:30:00', 100, 206.2, 0.00, 0.00, 306.2, 0.0, 0.0, 306.2, 'Free', 'Paid', 306.2, 0.00, 2);
INSERT INTO Appointment (MemberID, DoctorID, AppointmentDate, AppointmentTime, Symptoms, Status, Priority, TokenNumber) VALUES (98, 33, '2025-04-17', '15:45:00', 'Dizziness', 'Completed', 'Normal', 179);
INSERT INTO Visit (MemberID, DoctorID, AppointmentID, VisitDate, VisitTime, ChiefComplaint, Diagnosis, VitalSigns, TreatmentNotes, FollowUpRequired, FollowUpDate, VisitType, Status) VALUES (98, 33, 206, '2025-04-17', '14:10:00', 'Dizziness', 'Viral gastroenteritis', '{"bp":"132/74","temp":97.2}', 'Advised rest, medication prescribed', TRUE, '2026-03-29', 'Scheduled', 'Completed');
INSERT INTO Prescription (VisitID, MemberID, DoctorID, IssueDate, ValidUntil, Diagnosis, SpecialInstructions, Status) VALUES (106, 98, 33, '2025-04-17', '2025-04-27', 'Viral gastroenteritis', 'Take medicines after meals', 'Active');
INSERT INTO PrescriptionItem (PrescriptionID, MedicineID, Dosage, Frequency, Duration, Quantity) VALUES (106, 8, '500mg', 'As needed', '5 days', 5);
INSERT INTO PrescriptionItem (PrescriptionID, MedicineID, Dosage, Frequency, Duration, Quantity) VALUES (106, 10, '400mg', 'Once daily', '7 days', 15);
INSERT INTO BillPayment (VisitID, BillDate, BillTime, ConsultationFee, MedicineCost, LabTestCost, OtherCharges, SubTotal, DiscountAmount, TaxAmount, TotalAmount, PaymentMethod, PaymentStatus, PaidAmount, BalanceAmount, BilledBy) VALUES (106, '2025-04-17', '16:45:00', 100, 212.56, 0.00, 0.00, 312.56, 0.0, 0.0, 312.56, 'UPI', 'Paid', 312.56, 0.00, 2);
INSERT INTO Appointment (MemberID, DoctorID, AppointmentDate, AppointmentTime, Symptoms, Status, Priority, TokenNumber) VALUES (99, 27, '2025-04-22', '13:15:00', 'Allergic reaction', 'Completed', 'Normal', 193);
INSERT INTO Visit (MemberID, DoctorID, AppointmentID, VisitDate, VisitTime, ChiefComplaint, Diagnosis, VitalSigns, TreatmentNotes, FollowUpRequired, FollowUpDate, VisitType, Status) VALUES (99, 27, 207, '2025-04-22', '15:10:00', 'Allergic reaction', 'Gastritis', '{"bp":"111/71","temp":101.6}', 'Advised rest, medication prescribed', FALSE, NULL, 'Scheduled', 'Completed');
INSERT INTO Prescription (VisitID, MemberID, DoctorID, IssueDate, ValidUntil, Diagnosis, SpecialInstructions, Status) VALUES (107, 99, 27, '2025-04-22', '2025-05-02', 'Gastritis', 'Take medicines after meals', 'Active');
INSERT INTO PrescriptionItem (PrescriptionID, MedicineID, Dosage, Frequency, Duration, Quantity) VALUES (107, 25, '5mg', 'As needed', '7 days', 10);
INSERT INTO PrescriptionItem (PrescriptionID, MedicineID, Dosage, Frequency, Duration, Quantity) VALUES (107, 12, '250mg', 'Thrice daily', '10 days', 13);
INSERT INTO PrescriptionItem (PrescriptionID, MedicineID, Dosage, Frequency, Duration, Quantity) VALUES (107, 32, '10mg', 'Twice daily', '3 days', 15);
INSERT INTO BillPayment (VisitID, BillDate, BillTime, ConsultationFee, MedicineCost, LabTestCost, OtherCharges, SubTotal, DiscountAmount, TaxAmount, TotalAmount, PaymentMethod, PaymentStatus, PaidAmount, BalanceAmount, BilledBy) VALUES (107, '2025-04-22', '10:45:00', 50, 287.2, 0.00, 0.00, 337.2, 0.0, 0.0, 337.2, 'Free', 'Paid', 337.2, 0.00, 2);
INSERT INTO Appointment (MemberID, DoctorID, AppointmentDate, AppointmentTime, Symptoms, Status, Priority, TokenNumber) VALUES (99, 22, '2026-01-05', '12:45:00', 'Back pain', 'Completed', 'Urgent', 284);
INSERT INTO Visit (MemberID, DoctorID, AppointmentID, VisitDate, VisitTime, ChiefComplaint, Diagnosis, VitalSigns, TreatmentNotes, FollowUpRequired, FollowUpDate, VisitType, Status) VALUES (99, 22, 208, '2026-01-05', '15:05:00', 'Back pain', 'Gastritis', '{"bp":"130/81","temp":100.9}', 'Advised rest, medication prescribed', FALSE, NULL, 'Scheduled', 'Completed');
INSERT INTO Prescription (VisitID, MemberID, DoctorID, IssueDate, ValidUntil, Diagnosis, SpecialInstructions, Status) VALUES (108, 99, 22, '2026-01-05', '2026-01-15', 'Gastritis', 'Take medicines after meals', 'Active');
INSERT INTO PrescriptionItem (PrescriptionID, MedicineID, Dosage, Frequency, Duration, Quantity) VALUES (108, 22, '5mg', 'Twice daily', '5 days', 5);
INSERT INTO PrescriptionItem (PrescriptionID, MedicineID, Dosage, Frequency, Duration, Quantity) VALUES (108, 1, '10mg', 'Thrice daily', '10 days', 11);
INSERT INTO PrescriptionItem (PrescriptionID, MedicineID, Dosage, Frequency, Duration, Quantity) VALUES (108, 7, '20mg', 'Twice daily', '10 days', 15);
INSERT INTO BillPayment (VisitID, BillDate, BillTime, ConsultationFee, MedicineCost, LabTestCost, OtherCharges, SubTotal, DiscountAmount, TaxAmount, TotalAmount, PaymentMethod, PaymentStatus, PaidAmount, BalanceAmount, BilledBy) VALUES (108, '2026-01-05', '17:45:00', 0, 147.39, 0.00, 0.00, 147.39, 0.0, 0.0, 147.39, 'Card', 'Paid', 147.39, 0.00, 2);
INSERT INTO Appointment (MemberID, DoctorID, AppointmentDate, AppointmentTime, Symptoms, Status, Priority, TokenNumber) VALUES (100, 3, '2026-03-08', '15:00:00', 'Allergic reaction', 'Completed', 'Urgent', 206);
INSERT INTO Visit (MemberID, DoctorID, AppointmentID, VisitDate, VisitTime, ChiefComplaint, Diagnosis, VitalSigns, TreatmentNotes, FollowUpRequired, FollowUpDate, VisitType, Status) VALUES (100, 3, 209, '2026-03-08', '12:20:00', 'Allergic reaction', 'Otitis media', '{"bp":"117/84","temp":98.5}', 'Advised rest, medication prescribed', FALSE, NULL, 'Scheduled', 'Completed');
INSERT INTO Prescription (VisitID, MemberID, DoctorID, IssueDate, ValidUntil, Diagnosis, SpecialInstructions, Status) VALUES (109, 100, 3, '2026-03-08', '2026-03-18', 'Otitis media', 'Take medicines after meals', 'Active');
INSERT INTO PrescriptionItem (PrescriptionID, MedicineID, Dosage, Frequency, Duration, Quantity) VALUES (109, 15, '5mg', 'Thrice daily', '3 days', 11);
INSERT INTO PrescriptionItem (PrescriptionID, MedicineID, Dosage, Frequency, Duration, Quantity) VALUES (109, 17, '250mg', 'Once daily', '5 days', 10);
INSERT INTO BillPayment (VisitID, BillDate, BillTime, ConsultationFee, MedicineCost, LabTestCost, OtherCharges, SubTotal, DiscountAmount, TaxAmount, TotalAmount, PaymentMethod, PaymentStatus, PaidAmount, BalanceAmount, BilledBy) VALUES (109, '2026-03-08', '09:00:00', 50, 131.15, 0.00, 0.00, 181.15, 0.0, 0.0, 181.15, 'Free', 'Paid', 181.15, 0.00, 2);
INSERT INTO Appointment (MemberID, DoctorID, AppointmentDate, AppointmentTime, Symptoms, Status, Priority, TokenNumber) VALUES (100, 52, '2026-05-26', '15:00:00', 'Fatigue', 'Scheduled', 'Urgent', 287);
INSERT INTO Appointment (MemberID, DoctorID, AppointmentDate, AppointmentTime, Symptoms, Status, Priority, TokenNumber) VALUES (101, 51, '2026-04-27', '09:45:00', 'Anxiety', 'Scheduled', 'Normal', 269);
INSERT INTO Appointment (MemberID, DoctorID, AppointmentDate, AppointmentTime, Symptoms, Status, Priority, TokenNumber) VALUES (101, 36, '2026-01-17', '12:45:00', 'Insomnia', 'Completed', 'Normal', 145);
INSERT INTO Visit (MemberID, DoctorID, AppointmentID, VisitDate, VisitTime, ChiefComplaint, Diagnosis, VitalSigns, TreatmentNotes, FollowUpRequired, FollowUpDate, VisitType, Status) VALUES (101, 36, 212, '2026-01-17', '12:05:00', 'Insomnia', 'Insomnia', '{"bp":"112/80","temp":100.6}', 'Advised rest, medication prescribed', FALSE, NULL, 'Scheduled', 'Completed');
INSERT INTO Prescription (VisitID, MemberID, DoctorID, IssueDate, ValidUntil, Diagnosis, SpecialInstructions, Status) VALUES (110, 101, 36, '2026-01-17', '2026-01-27', 'Insomnia', 'Take medicines after meals', 'Active');
INSERT INTO PrescriptionItem (PrescriptionID, MedicineID, Dosage, Frequency, Duration, Quantity) VALUES (110, 2, '400mg', 'Thrice daily', '5 days', 13);
INSERT INTO PrescriptionItem (PrescriptionID, MedicineID, Dosage, Frequency, Duration, Quantity) VALUES (110, 7, '10mg', 'Thrice daily', '10 days', 5);
INSERT INTO PrescriptionItem (PrescriptionID, MedicineID, Dosage, Frequency, Duration, Quantity) VALUES (110, 9, '5mg', 'Twice daily', '5 days', 8);
INSERT INTO BillPayment (VisitID, BillDate, BillTime, ConsultationFee, MedicineCost, LabTestCost, OtherCharges, SubTotal, DiscountAmount, TaxAmount, TotalAmount, PaymentMethod, PaymentStatus, PaidAmount, BalanceAmount, BilledBy) VALUES (110, '2026-01-17', '13:00:00', 0, 234.23, 0.00, 0.00, 234.23, 0.0, 0.0, 234.23, 'Card', 'Paid', 234.23, 0.00, 2);
INSERT INTO Appointment (MemberID, DoctorID, AppointmentDate, AppointmentTime, Symptoms, Status, Priority, TokenNumber) VALUES (102, 5, '2026-04-03', '09:15:00', 'Headache', 'Scheduled', 'Normal', 294);
INSERT INTO Appointment (MemberID, DoctorID, AppointmentDate, AppointmentTime, Symptoms, Status, Priority, TokenNumber) VALUES (102, 18, '2026-04-02', '16:30:00', 'Sore throat', 'Scheduled', 'Normal', 299);
INSERT INTO Appointment (MemberID, DoctorID, AppointmentDate, AppointmentTime, Symptoms, Status, Priority, TokenNumber) VALUES (103, 35, '2026-01-14', '16:30:00', 'Headache', 'Completed', 'Normal', 123);
INSERT INTO Visit (MemberID, DoctorID, AppointmentID, VisitDate, VisitTime, ChiefComplaint, Diagnosis, VitalSigns, TreatmentNotes, FollowUpRequired, FollowUpDate, VisitType, Status) VALUES (103, 35, 215, '2026-01-14', '11:35:00', 'Headache', 'Asthma', '{"bp":"127/78","temp":101.0}', 'Advised rest, medication prescribed', FALSE, NULL, 'Scheduled', 'Completed');
INSERT INTO Prescription (VisitID, MemberID, DoctorID, IssueDate, ValidUntil, Diagnosis, SpecialInstructions, Status) VALUES (111, 103, 35, '2026-01-14', '2026-01-24', 'Asthma', 'Take medicines after meals', 'Active');
INSERT INTO PrescriptionItem (PrescriptionID, MedicineID, Dosage, Frequency, Duration, Quantity) VALUES (111, 5, '250mg', 'Thrice daily', '5 days', 11);
INSERT INTO PrescriptionItem (PrescriptionID, MedicineID, Dosage, Frequency, Duration, Quantity) VALUES (111, 11, '400mg', 'Twice daily', '10 days', 15);
INSERT INTO BillPayment (VisitID, BillDate, BillTime, ConsultationFee, MedicineCost, LabTestCost, OtherCharges, SubTotal, DiscountAmount, TaxAmount, TotalAmount, PaymentMethod, PaymentStatus, PaidAmount, BalanceAmount, BilledBy) VALUES (111, '2026-01-14', '15:00:00', 100, 28.34, 0.00, 0.00, 128.34, 0.0, 0.0, 128.34, 'Free', 'Paid', 128.34, 0.00, 2);
INSERT INTO Appointment (MemberID, DoctorID, AppointmentDate, AppointmentTime, Symptoms, Status, Priority, TokenNumber) VALUES (103, 52, '2025-08-23', '12:15:00', 'Nausea', 'Completed', 'Normal', 223);
INSERT INTO Visit (MemberID, DoctorID, AppointmentID, VisitDate, VisitTime, ChiefComplaint, Diagnosis, VitalSigns, TreatmentNotes, FollowUpRequired, FollowUpDate, VisitType, Status) VALUES (103, 52, 216, '2025-08-23', '10:10:00', 'Nausea', 'Generalised anxiety disorder', '{"bp":"139/85","temp":100.1}', 'Advised rest, medication prescribed', FALSE, NULL, 'Scheduled', 'Completed');
INSERT INTO Prescription (VisitID, MemberID, DoctorID, IssueDate, ValidUntil, Diagnosis, SpecialInstructions, Status) VALUES (112, 103, 52, '2025-08-23', '2025-09-02', 'Generalised anxiety disorder', 'Take medicines after meals', 'Active');
INSERT INTO PrescriptionItem (PrescriptionID, MedicineID, Dosage, Frequency, Duration, Quantity) VALUES (112, 25, '250mg', 'Once daily', '3 days', 10);
INSERT INTO PrescriptionItem (PrescriptionID, MedicineID, Dosage, Frequency, Duration, Quantity) VALUES (112, 21, '250mg', 'Once daily', '7 days', 3);
INSERT INTO PrescriptionItem (PrescriptionID, MedicineID, Dosage, Frequency, Duration, Quantity) VALUES (112, 24, '400mg', 'Thrice daily', '7 days', 9);
INSERT INTO BillPayment (VisitID, BillDate, BillTime, ConsultationFee, MedicineCost, LabTestCost, OtherCharges, SubTotal, DiscountAmount, TaxAmount, TotalAmount, PaymentMethod, PaymentStatus, PaidAmount, BalanceAmount, BilledBy) VALUES (112, '2025-08-23', '10:15:00', 0, 291.48, 0.00, 0.00, 291.48, 0.0, 0.0, 291.48, 'Free', 'Paid', 291.48, 0.00, 2);
INSERT INTO Appointment (MemberID, DoctorID, AppointmentDate, AppointmentTime, Symptoms, Status, Priority, TokenNumber) VALUES (104, 54, '2025-06-24', '10:15:00', 'Allergic reaction', 'Completed', 'Normal', 241);
INSERT INTO Visit (MemberID, DoctorID, AppointmentID, VisitDate, VisitTime, ChiefComplaint, Diagnosis, VitalSigns, TreatmentNotes, FollowUpRequired, FollowUpDate, VisitType, Status) VALUES (104, 54, 217, '2025-06-24', '14:05:00', 'Allergic reaction', 'Vitamin D deficiency', '{"bp":"111/90","temp":98.7}', 'Advised rest, medication prescribed', FALSE, NULL, 'Scheduled', 'Completed');
INSERT INTO Prescription (VisitID, MemberID, DoctorID, IssueDate, ValidUntil, Diagnosis, SpecialInstructions, Status) VALUES (113, 104, 54, '2025-06-24', '2025-07-04', 'Vitamin D deficiency', 'Take medicines after meals', 'Active');
INSERT INTO PrescriptionItem (PrescriptionID, MedicineID, Dosage, Frequency, Duration, Quantity) VALUES (113, 35, '500mg', 'Once daily', '3 days', 7);
INSERT INTO PrescriptionItem (PrescriptionID, MedicineID, Dosage, Frequency, Duration, Quantity) VALUES (113, 28, '400mg', 'Twice daily', '7 days', 9);
INSERT INTO PrescriptionItem (PrescriptionID, MedicineID, Dosage, Frequency, Duration, Quantity) VALUES (113, 19, '250mg', 'Thrice daily', '7 days', 9);
INSERT INTO BillPayment (VisitID, BillDate, BillTime, ConsultationFee, MedicineCost, LabTestCost, OtherCharges, SubTotal, DiscountAmount, TaxAmount, TotalAmount, PaymentMethod, PaymentStatus, PaidAmount, BalanceAmount, BilledBy) VALUES (113, '2025-06-24', '10:45:00', 0, 293.04, 0.00, 0.00, 293.04, 0.0, 0.0, 293.04, 'Card', 'Paid', 293.04, 0.00, 2);
INSERT INTO Appointment (MemberID, DoctorID, AppointmentDate, AppointmentTime, Symptoms, Status, Priority, TokenNumber) VALUES (104, 20, '2026-05-10', '09:00:00', 'Knee pain', 'Scheduled', 'Normal', 282);
INSERT INTO Appointment (MemberID, DoctorID, AppointmentDate, AppointmentTime, Symptoms, Status, Priority, TokenNumber) VALUES (105, 6, '2026-05-25', '10:30:00', 'Sore throat', 'Scheduled', 'Normal', 167);
INSERT INTO Appointment (MemberID, DoctorID, AppointmentDate, AppointmentTime, Symptoms, Status, Priority, TokenNumber) VALUES (105, 50, '2026-01-13', '11:15:00', 'Anxiety', 'Completed', 'Urgent', 159);
INSERT INTO Visit (MemberID, DoctorID, AppointmentID, VisitDate, VisitTime, ChiefComplaint, Diagnosis, VitalSigns, TreatmentNotes, FollowUpRequired, FollowUpDate, VisitType, Status) VALUES (105, 50, 220, '2026-01-13', '13:20:00', 'Anxiety', 'Common cold', '{"bp":"127/87","temp":102.0}', 'Advised rest, medication prescribed', FALSE, NULL, 'Scheduled', 'Completed');
INSERT INTO Prescription (VisitID, MemberID, DoctorID, IssueDate, ValidUntil, Diagnosis, SpecialInstructions, Status) VALUES (114, 105, 50, '2026-01-13', '2026-01-23', 'Common cold', 'Take medicines after meals', 'Active');
INSERT INTO PrescriptionItem (PrescriptionID, MedicineID, Dosage, Frequency, Duration, Quantity) VALUES (114, 35, '20mg', 'Thrice daily', '3 days', 9);
INSERT INTO PrescriptionItem (PrescriptionID, MedicineID, Dosage, Frequency, Duration, Quantity) VALUES (114, 20, '500mg', 'Thrice daily', '10 days', 4);
INSERT INTO BillPayment (VisitID, BillDate, BillTime, ConsultationFee, MedicineCost, LabTestCost, OtherCharges, SubTotal, DiscountAmount, TaxAmount, TotalAmount, PaymentMethod, PaymentStatus, PaidAmount, BalanceAmount, BilledBy) VALUES (114, '2026-01-13', '11:00:00', 100, 95.33, 0.00, 0.00, 195.33, 0.0, 0.0, 195.33, 'Cash', 'Paid', 195.33, 0.00, 2);
INSERT INTO Appointment (MemberID, DoctorID, AppointmentDate, AppointmentTime, Symptoms, Status, Priority, TokenNumber) VALUES (106, 7, '2026-06-02', '09:00:00', 'Allergic reaction', 'Scheduled', 'Normal', 192);
INSERT INTO Appointment (MemberID, DoctorID, AppointmentDate, AppointmentTime, Symptoms, Status, Priority, TokenNumber) VALUES (106, 26, '2025-11-02', '11:15:00', 'Headache', 'Completed', 'Normal', 147);
INSERT INTO Visit (MemberID, DoctorID, AppointmentID, VisitDate, VisitTime, ChiefComplaint, Diagnosis, VitalSigns, TreatmentNotes, FollowUpRequired, FollowUpDate, VisitType, Status) VALUES (106, 26, 222, '2025-11-02', '10:05:00', 'Headache', 'Acute diarrhea', '{"bp":"133/74","temp":97.9}', 'Advised rest, medication prescribed', FALSE, NULL, 'Scheduled', 'Completed');
INSERT INTO Prescription (VisitID, MemberID, DoctorID, IssueDate, ValidUntil, Diagnosis, SpecialInstructions, Status) VALUES (115, 106, 26, '2025-11-02', '2025-11-12', 'Acute diarrhea', 'Take medicines after meals', 'Active');
INSERT INTO PrescriptionItem (PrescriptionID, MedicineID, Dosage, Frequency, Duration, Quantity) VALUES (115, 27, '400mg', 'Thrice daily', '5 days', 10);
INSERT INTO PrescriptionItem (PrescriptionID, MedicineID, Dosage, Frequency, Duration, Quantity) VALUES (115, 1, '20mg', 'Twice daily', '3 days', 9);
INSERT INTO BillPayment (VisitID, BillDate, BillTime, ConsultationFee, MedicineCost, LabTestCost, OtherCharges, SubTotal, DiscountAmount, TaxAmount, TotalAmount, PaymentMethod, PaymentStatus, PaidAmount, BalanceAmount, BilledBy) VALUES (115, '2025-11-02', '12:30:00', 50, 191.71, 0.00, 0.00, 241.71, 0.0, 0.0, 241.71, 'Free', 'Paid', 241.71, 0.00, 2);
INSERT INTO Appointment (MemberID, DoctorID, AppointmentDate, AppointmentTime, Symptoms, Status, Priority, TokenNumber) VALUES (107, 23, '2025-05-19', '15:30:00', 'Back pain', 'Completed', 'Normal', 131);
INSERT INTO Visit (MemberID, DoctorID, AppointmentID, VisitDate, VisitTime, ChiefComplaint, Diagnosis, VitalSigns, TreatmentNotes, FollowUpRequired, FollowUpDate, VisitType, Status) VALUES (107, 23, 223, '2025-05-19', '15:20:00', 'Back pain', 'Electrolyte imbalance', '{"bp":"125/70","temp":102.4}', 'Advised rest, medication prescribed', FALSE, NULL, 'Scheduled', 'Completed');
INSERT INTO Prescription (VisitID, MemberID, DoctorID, IssueDate, ValidUntil, Diagnosis, SpecialInstructions, Status) VALUES (116, 107, 23, '2025-05-19', '2025-05-29', 'Electrolyte imbalance', 'Take medicines after meals', 'Active');
INSERT INTO PrescriptionItem (PrescriptionID, MedicineID, Dosage, Frequency, Duration, Quantity) VALUES (116, 13, '20mg', 'Twice daily', '3 days', 13);
INSERT INTO PrescriptionItem (PrescriptionID, MedicineID, Dosage, Frequency, Duration, Quantity) VALUES (116, 17, '250mg', 'Twice daily', '3 days', 6);
INSERT INTO PrescriptionItem (PrescriptionID, MedicineID, Dosage, Frequency, Duration, Quantity) VALUES (116, 9, '250mg', 'Once daily', '3 days', 13);
INSERT INTO BillPayment (VisitID, BillDate, BillTime, ConsultationFee, MedicineCost, LabTestCost, OtherCharges, SubTotal, DiscountAmount, TaxAmount, TotalAmount, PaymentMethod, PaymentStatus, PaidAmount, BalanceAmount, BilledBy) VALUES (116, '2025-05-19', '13:00:00', 150, 57.23, 0.00, 0.00, 207.23, 0.0, 0.0, 207.23, 'UPI', 'Paid', 207.23, 0.00, 2);
INSERT INTO Appointment (MemberID, DoctorID, AppointmentDate, AppointmentTime, Symptoms, Status, Priority, TokenNumber) VALUES (107, 37, '2025-11-30', '10:00:00', 'Eye irritation', 'Completed', 'Normal', 152);
INSERT INTO Visit (MemberID, DoctorID, AppointmentID, VisitDate, VisitTime, ChiefComplaint, Diagnosis, VitalSigns, TreatmentNotes, FollowUpRequired, FollowUpDate, VisitType, Status) VALUES (107, 37, 224, '2025-11-30', '11:10:00', 'Eye irritation', 'Otitis media', '{"bp":"135/73","temp":101.8}', 'Advised rest, medication prescribed', FALSE, NULL, 'Scheduled', 'Completed');
INSERT INTO Prescription (VisitID, MemberID, DoctorID, IssueDate, ValidUntil, Diagnosis, SpecialInstructions, Status) VALUES (117, 107, 37, '2025-11-30', '2025-12-10', 'Otitis media', 'Take medicines after meals', 'Active');
INSERT INTO PrescriptionItem (PrescriptionID, MedicineID, Dosage, Frequency, Duration, Quantity) VALUES (117, 27, '400mg', 'Thrice daily', '10 days', 13);
INSERT INTO PrescriptionItem (PrescriptionID, MedicineID, Dosage, Frequency, Duration, Quantity) VALUES (117, 25, '250mg', 'Twice daily', '5 days', 9);
INSERT INTO PrescriptionItem (PrescriptionID, MedicineID, Dosage, Frequency, Duration, Quantity) VALUES (117, 34, '10mg', 'Twice daily', '5 days', 10);
INSERT INTO BillPayment (VisitID, BillDate, BillTime, ConsultationFee, MedicineCost, LabTestCost, OtherCharges, SubTotal, DiscountAmount, TaxAmount, TotalAmount, PaymentMethod, PaymentStatus, PaidAmount, BalanceAmount, BilledBy) VALUES (117, '2025-11-30', '09:30:00', 150, 285.76, 0.00, 0.00, 435.76, 0.0, 0.0, 435.76, 'Free', 'Paid', 435.76, 0.00, 2);
INSERT INTO Appointment (MemberID, DoctorID, AppointmentDate, AppointmentTime, Symptoms, Status, Priority, TokenNumber) VALUES (108, 1, '2025-12-26', '09:00:00', 'Joint pain', 'Completed', 'Normal', 174);
INSERT INTO Visit (MemberID, DoctorID, AppointmentID, VisitDate, VisitTime, ChiefComplaint, Diagnosis, VitalSigns, TreatmentNotes, FollowUpRequired, FollowUpDate, VisitType, Status) VALUES (108, 1, 225, '2025-12-26', '15:05:00', 'Joint pain', 'Nausea and vomiting', '{"bp":"114/79","temp":98.5}', 'Advised rest, medication prescribed', FALSE, NULL, 'Scheduled', 'Completed');
INSERT INTO Prescription (VisitID, MemberID, DoctorID, IssueDate, ValidUntil, Diagnosis, SpecialInstructions, Status) VALUES (118, 108, 1, '2025-12-26', '2026-01-05', 'Nausea and vomiting', 'Take medicines after meals', 'Active');
INSERT INTO PrescriptionItem (PrescriptionID, MedicineID, Dosage, Frequency, Duration, Quantity) VALUES (118, 1, '500mg', 'As needed', '7 days', 7);
INSERT INTO PrescriptionItem (PrescriptionID, MedicineID, Dosage, Frequency, Duration, Quantity) VALUES (118, 31, '400mg', 'Twice daily', '10 days', 6);
INSERT INTO PrescriptionItem (PrescriptionID, MedicineID, Dosage, Frequency, Duration, Quantity) VALUES (118, 34, '400mg', 'Thrice daily', '10 days', 9);
INSERT INTO BillPayment (VisitID, BillDate, BillTime, ConsultationFee, MedicineCost, LabTestCost, OtherCharges, SubTotal, DiscountAmount, TaxAmount, TotalAmount, PaymentMethod, PaymentStatus, PaidAmount, BalanceAmount, BilledBy) VALUES (118, '2025-12-26', '16:15:00', 100, 64.93, 0.00, 0.00, 164.93, 0.0, 0.0, 164.93, 'UPI', 'Paid', 164.93, 0.00, 2);
INSERT INTO Appointment (MemberID, DoctorID, AppointmentDate, AppointmentTime, Symptoms, Status, Priority, TokenNumber) VALUES (108, 2, '2026-06-09', '16:45:00', 'Dizziness', 'Scheduled', 'Emergency', 241);
INSERT INTO Appointment (MemberID, DoctorID, AppointmentDate, AppointmentTime, Symptoms, Status, Priority, TokenNumber) VALUES (109, 33, '2026-03-18', '11:00:00', 'Back pain', 'Scheduled', 'Normal', 233);
INSERT INTO Appointment (MemberID, DoctorID, AppointmentDate, AppointmentTime, Symptoms, Status, Priority, TokenNumber) VALUES (109, 17, '2026-03-18', '13:30:00', 'Joint pain', 'Scheduled', 'Normal', 116);
INSERT INTO Appointment (MemberID, DoctorID, AppointmentDate, AppointmentTime, Symptoms, Status, Priority, TokenNumber) VALUES (110, 37, '2026-04-01', '12:30:00', 'Back pain', 'Scheduled', 'Urgent', 293);
INSERT INTO Appointment (MemberID, DoctorID, AppointmentDate, AppointmentTime, Symptoms, Status, Priority, TokenNumber) VALUES (110, 43, '2026-06-05', '11:45:00', 'Fatigue', 'Scheduled', 'Normal', 105);
INSERT INTO Appointment (MemberID, DoctorID, AppointmentDate, AppointmentTime, Symptoms, Status, Priority, TokenNumber) VALUES (111, 21, '2026-05-28', '15:30:00', 'Fever', 'Scheduled', 'Normal', 147);
INSERT INTO Appointment (MemberID, DoctorID, AppointmentDate, AppointmentTime, Symptoms, Status, Priority, TokenNumber) VALUES (111, 7, '2026-05-12', '13:30:00', 'Anxiety', 'Scheduled', 'Normal', 202);
INSERT INTO Appointment (MemberID, DoctorID, AppointmentDate, AppointmentTime, Symptoms, Status, Priority, TokenNumber) VALUES (112, 43, '2026-06-04', '14:00:00', 'Skin rash', 'Scheduled', 'Normal', 150);
INSERT INTO Appointment (MemberID, DoctorID, AppointmentDate, AppointmentTime, Symptoms, Status, Priority, TokenNumber) VALUES (112, 16, '2025-09-26', '14:45:00', 'Dizziness', 'Completed', 'Normal', 226);
INSERT INTO Visit (MemberID, DoctorID, AppointmentID, VisitDate, VisitTime, ChiefComplaint, Diagnosis, VitalSigns, TreatmentNotes, FollowUpRequired, FollowUpDate, VisitType, Status) VALUES (112, 16, 234, '2025-09-26', '15:05:00', 'Dizziness', 'Vertigo', '{"bp":"113/88","temp":101.9}', 'Advised rest, medication prescribed', FALSE, NULL, 'Scheduled', 'Completed');
INSERT INTO Prescription (VisitID, MemberID, DoctorID, IssueDate, ValidUntil, Diagnosis, SpecialInstructions, Status) VALUES (119, 112, 16, '2025-09-26', '2025-10-06', 'Vertigo', 'Take medicines after meals', 'Active');
INSERT INTO PrescriptionItem (PrescriptionID, MedicineID, Dosage, Frequency, Duration, Quantity) VALUES (119, 27, '250mg', 'As needed', '10 days', 11);
INSERT INTO PrescriptionItem (PrescriptionID, MedicineID, Dosage, Frequency, Duration, Quantity) VALUES (119, 3, '400mg', 'Once daily', '3 days', 13);
INSERT INTO BillPayment (VisitID, BillDate, BillTime, ConsultationFee, MedicineCost, LabTestCost, OtherCharges, SubTotal, DiscountAmount, TaxAmount, TotalAmount, PaymentMethod, PaymentStatus, PaidAmount, BalanceAmount, BilledBy) VALUES (119, '2025-09-26', '12:15:00', 200, 143.56, 0.00, 0.00, 343.56, 0.0, 0.0, 343.56, 'UPI', 'Paid', 343.56, 0.00, 2);
INSERT INTO Appointment (MemberID, DoctorID, AppointmentDate, AppointmentTime, Symptoms, Status, Priority, TokenNumber) VALUES (113, 14, '2026-02-27', '13:00:00', 'Anxiety', 'Completed', 'Normal', 171);
INSERT INTO Visit (MemberID, DoctorID, AppointmentID, VisitDate, VisitTime, ChiefComplaint, Diagnosis, VitalSigns, TreatmentNotes, FollowUpRequired, FollowUpDate, VisitType, Status) VALUES (113, 14, 235, '2026-02-27', '16:10:00', 'Anxiety', 'Acute diarrhea', '{"bp":"129/73","temp":97.5}', 'Advised rest, medication prescribed', TRUE, '2026-04-01', 'Scheduled', 'Completed');
INSERT INTO Prescription (VisitID, MemberID, DoctorID, IssueDate, ValidUntil, Diagnosis, SpecialInstructions, Status) VALUES (120, 113, 14, '2026-02-27', '2026-03-09', 'Acute diarrhea', 'Take medicines after meals', 'Active');
INSERT INTO PrescriptionItem (PrescriptionID, MedicineID, Dosage, Frequency, Duration, Quantity) VALUES (120, 35, '5mg', 'Thrice daily', '5 days', 13);
INSERT INTO PrescriptionItem (PrescriptionID, MedicineID, Dosage, Frequency, Duration, Quantity) VALUES (120, 16, '400mg', 'Once daily', '10 days', 6);
INSERT INTO PrescriptionItem (PrescriptionID, MedicineID, Dosage, Frequency, Duration, Quantity) VALUES (120, 3, '5mg', 'Thrice daily', '3 days', 4);
INSERT INTO BillPayment (VisitID, BillDate, BillTime, ConsultationFee, MedicineCost, LabTestCost, OtherCharges, SubTotal, DiscountAmount, TaxAmount, TotalAmount, PaymentMethod, PaymentStatus, PaidAmount, BalanceAmount, BilledBy) VALUES (120, '2026-02-27', '09:45:00', 200, 183.21, 0.00, 0.00, 383.21, 0.0, 0.0, 383.21, 'Card', 'Paid', 383.21, 0.00, 2);
INSERT INTO Appointment (MemberID, DoctorID, AppointmentDate, AppointmentTime, Symptoms, Status, Priority, TokenNumber) VALUES (113, 45, '2025-09-16', '16:15:00', 'Fever', 'Completed', 'Normal', 260);
INSERT INTO Visit (MemberID, DoctorID, AppointmentID, VisitDate, VisitTime, ChiefComplaint, Diagnosis, VitalSigns, TreatmentNotes, FollowUpRequired, FollowUpDate, VisitType, Status) VALUES (113, 45, 236, '2025-09-16', '09:20:00', 'Fever', 'Generalised anxiety disorder', '{"bp":"117/71","temp":101.0}', 'Advised rest, medication prescribed', TRUE, '2026-03-30', 'Scheduled', 'Completed');
INSERT INTO Prescription (VisitID, MemberID, DoctorID, IssueDate, ValidUntil, Diagnosis, SpecialInstructions, Status) VALUES (121, 113, 45, '2025-09-16', '2025-09-26', 'Generalised anxiety disorder', 'Take medicines after meals', 'Active');
INSERT INTO PrescriptionItem (PrescriptionID, MedicineID, Dosage, Frequency, Duration, Quantity) VALUES (121, 14, '250mg', 'Thrice daily', '10 days', 3);
INSERT INTO PrescriptionItem (PrescriptionID, MedicineID, Dosage, Frequency, Duration, Quantity) VALUES (121, 13, '400mg', 'As needed', '5 days', 12);
INSERT INTO BillPayment (VisitID, BillDate, BillTime, ConsultationFee, MedicineCost, LabTestCost, OtherCharges, SubTotal, DiscountAmount, TaxAmount, TotalAmount, PaymentMethod, PaymentStatus, PaidAmount, BalanceAmount, BilledBy) VALUES (121, '2025-09-16', '14:30:00', 50, 28.82, 0.00, 0.00, 78.82, 0.0, 0.0, 78.82, 'UPI', 'Paid', 78.82, 0.00, 2);
INSERT INTO Appointment (MemberID, DoctorID, AppointmentDate, AppointmentTime, Symptoms, Status, Priority, TokenNumber) VALUES (114, 54, '2026-03-18', '11:00:00', 'Stomach ache', 'Scheduled', 'Normal', 101);
INSERT INTO Appointment (MemberID, DoctorID, AppointmentDate, AppointmentTime, Symptoms, Status, Priority, TokenNumber) VALUES (114, 11, '2025-06-18', '11:45:00', 'Sore throat', 'Completed', 'Normal', 140);
INSERT INTO Visit (MemberID, DoctorID, AppointmentID, VisitDate, VisitTime, ChiefComplaint, Diagnosis, VitalSigns, TreatmentNotes, FollowUpRequired, FollowUpDate, VisitType, Status) VALUES (114, 11, 238, '2025-06-18', '10:10:00', 'Sore throat', 'Nausea and vomiting', '{"bp":"123/77","temp":100.8}', 'Advised rest, medication prescribed', FALSE, NULL, 'Scheduled', 'Completed');
INSERT INTO Prescription (VisitID, MemberID, DoctorID, IssueDate, ValidUntil, Diagnosis, SpecialInstructions, Status) VALUES (122, 114, 11, '2025-06-18', '2025-06-28', 'Nausea and vomiting', 'Take medicines after meals', 'Active');
INSERT INTO PrescriptionItem (PrescriptionID, MedicineID, Dosage, Frequency, Duration, Quantity) VALUES (122, 18, '400mg', 'Thrice daily', '10 days', 5);
INSERT INTO PrescriptionItem (PrescriptionID, MedicineID, Dosage, Frequency, Duration, Quantity) VALUES (122, 34, '20mg', 'Twice daily', '10 days', 9);
INSERT INTO BillPayment (VisitID, BillDate, BillTime, ConsultationFee, MedicineCost, LabTestCost, OtherCharges, SubTotal, DiscountAmount, TaxAmount, TotalAmount, PaymentMethod, PaymentStatus, PaidAmount, BalanceAmount, BilledBy) VALUES (122, '2025-06-18', '13:30:00', 50, 191.07, 0.00, 0.00, 241.07, 0.0, 0.0, 241.07, 'Free', 'Paid', 241.07, 0.00, 2);
INSERT INTO Appointment (MemberID, DoctorID, AppointmentDate, AppointmentTime, Symptoms, Status, Priority, TokenNumber) VALUES (115, 17, '2026-03-18', '09:15:00', 'Skin rash', 'Scheduled', 'Normal', 297);
INSERT INTO Appointment (MemberID, DoctorID, AppointmentDate, AppointmentTime, Symptoms, Status, Priority, TokenNumber) VALUES (115, 35, '2026-01-30', '10:15:00', 'Cold and cough', 'Completed', 'Normal', 279);
INSERT INTO Visit (MemberID, DoctorID, AppointmentID, VisitDate, VisitTime, ChiefComplaint, Diagnosis, VitalSigns, TreatmentNotes, FollowUpRequired, FollowUpDate, VisitType, Status) VALUES (115, 35, 240, '2026-01-30', '10:35:00', 'Cold and cough', 'Insomnia', '{"bp":"130/88","temp":100.9}', 'Advised rest, medication prescribed', FALSE, NULL, 'Scheduled', 'Completed');
INSERT INTO Prescription (VisitID, MemberID, DoctorID, IssueDate, ValidUntil, Diagnosis, SpecialInstructions, Status) VALUES (123, 115, 35, '2026-01-30', '2026-02-09', 'Insomnia', 'Take medicines after meals', 'Active');
INSERT INTO PrescriptionItem (PrescriptionID, MedicineID, Dosage, Frequency, Duration, Quantity) VALUES (123, 4, '250mg', 'Twice daily', '5 days', 6);
INSERT INTO PrescriptionItem (PrescriptionID, MedicineID, Dosage, Frequency, Duration, Quantity) VALUES (123, 34, '500mg', 'Once daily', '5 days', 11);
INSERT INTO BillPayment (VisitID, BillDate, BillTime, ConsultationFee, MedicineCost, LabTestCost, OtherCharges, SubTotal, DiscountAmount, TaxAmount, TotalAmount, PaymentMethod, PaymentStatus, PaidAmount, BalanceAmount, BilledBy) VALUES (123, '2026-01-30', '13:30:00', 200, 43.4, 0.00, 0.00, 243.4, 0.0, 0.0, 243.4, 'Cash', 'Paid', 243.4, 0.00, 2);
INSERT INTO Appointment (MemberID, DoctorID, AppointmentDate, AppointmentTime, Symptoms, Status, Priority, TokenNumber) VALUES (116, 22, '2025-12-16', '09:45:00', 'Allergic reaction', 'Completed', 'Urgent', 152);
INSERT INTO Visit (MemberID, DoctorID, AppointmentID, VisitDate, VisitTime, ChiefComplaint, Diagnosis, VitalSigns, TreatmentNotes, FollowUpRequired, FollowUpDate, VisitType, Status) VALUES (116, 22, 241, '2025-12-16', '12:05:00', 'Allergic reaction', 'Myalgia', '{"bp":"129/84","temp":97.4}', 'Advised rest, medication prescribed', FALSE, NULL, 'Scheduled', 'Completed');
INSERT INTO Prescription (VisitID, MemberID, DoctorID, IssueDate, ValidUntil, Diagnosis, SpecialInstructions, Status) VALUES (124, 116, 22, '2025-12-16', '2025-12-26', 'Myalgia', 'Take medicines after meals', 'Active');
INSERT INTO PrescriptionItem (PrescriptionID, MedicineID, Dosage, Frequency, Duration, Quantity) VALUES (124, 21, '250mg', 'Thrice daily', '7 days', 3);
INSERT INTO PrescriptionItem (PrescriptionID, MedicineID, Dosage, Frequency, Duration, Quantity) VALUES (124, 30, '500mg', 'Once daily', '3 days', 15);
INSERT INTO BillPayment (VisitID, BillDate, BillTime, ConsultationFee, MedicineCost, LabTestCost, OtherCharges, SubTotal, DiscountAmount, TaxAmount, TotalAmount, PaymentMethod, PaymentStatus, PaidAmount, BalanceAmount, BilledBy) VALUES (124, '2025-12-16', '10:30:00', 0, 261.61, 0.00, 0.00, 261.61, 0.0, 0.0, 261.61, 'Cash', 'Paid', 261.61, 0.00, 2);
INSERT INTO Appointment (MemberID, DoctorID, AppointmentDate, AppointmentTime, Symptoms, Status, Priority, TokenNumber) VALUES (116, 11, '2026-06-08', '10:00:00', 'Muscle cramps', 'Scheduled', 'Normal', 125);
INSERT INTO Appointment (MemberID, DoctorID, AppointmentDate, AppointmentTime, Symptoms, Status, Priority, TokenNumber) VALUES (117, 29, '2026-05-26', '14:00:00', 'Loose motions', 'Scheduled', 'Normal', 254);
INSERT INTO Appointment (MemberID, DoctorID, AppointmentDate, AppointmentTime, Symptoms, Status, Priority, TokenNumber) VALUES (117, 2, '2026-05-03', '14:45:00', 'Vomiting', 'Scheduled', 'Normal', 229);
INSERT INTO Appointment (MemberID, DoctorID, AppointmentDate, AppointmentTime, Symptoms, Status, Priority, TokenNumber) VALUES (118, 42, '2025-10-19', '13:15:00', 'Headache', 'Completed', 'Normal', 137);
INSERT INTO Visit (MemberID, DoctorID, AppointmentID, VisitDate, VisitTime, ChiefComplaint, Diagnosis, VitalSigns, TreatmentNotes, FollowUpRequired, FollowUpDate, VisitType, Status) VALUES (118, 42, 245, '2025-10-19', '16:20:00', 'Headache', 'GERD', '{"bp":"139/72","temp":97.8}', 'Advised rest, medication prescribed', FALSE, NULL, 'Scheduled', 'Completed');
INSERT INTO Prescription (VisitID, MemberID, DoctorID, IssueDate, ValidUntil, Diagnosis, SpecialInstructions, Status) VALUES (125, 118, 42, '2025-10-19', '2025-10-29', 'GERD', 'Take medicines after meals', 'Active');
INSERT INTO PrescriptionItem (PrescriptionID, MedicineID, Dosage, Frequency, Duration, Quantity) VALUES (125, 33, '5mg', 'As needed', '3 days', 11);
INSERT INTO PrescriptionItem (PrescriptionID, MedicineID, Dosage, Frequency, Duration, Quantity) VALUES (125, 3, '5mg', 'As needed', '3 days', 3);
INSERT INTO PrescriptionItem (PrescriptionID, MedicineID, Dosage, Frequency, Duration, Quantity) VALUES (125, 21, '20mg', 'Once daily', '3 days', 13);
INSERT INTO BillPayment (VisitID, BillDate, BillTime, ConsultationFee, MedicineCost, LabTestCost, OtherCharges, SubTotal, DiscountAmount, TaxAmount, TotalAmount, PaymentMethod, PaymentStatus, PaidAmount, BalanceAmount, BilledBy) VALUES (125, '2025-10-19', '14:30:00', 100, 268.02, 0.00, 0.00, 368.02, 0.0, 0.0, 368.02, 'Free', 'Paid', 368.02, 0.00, 2);
INSERT INTO Appointment (MemberID, DoctorID, AppointmentDate, AppointmentTime, Symptoms, Status, Priority, TokenNumber) VALUES (118, 6, '2025-06-26', '13:15:00', 'Skin rash', 'Completed', 'Normal', 131);
INSERT INTO Visit (MemberID, DoctorID, AppointmentID, VisitDate, VisitTime, ChiefComplaint, Diagnosis, VitalSigns, TreatmentNotes, FollowUpRequired, FollowUpDate, VisitType, Status) VALUES (118, 6, 246, '2025-06-26', '15:10:00', 'Skin rash', 'Vertigo', '{"bp":"126/77","temp":102.4}', 'Advised rest, medication prescribed', FALSE, NULL, 'Scheduled', 'Completed');
INSERT INTO Prescription (VisitID, MemberID, DoctorID, IssueDate, ValidUntil, Diagnosis, SpecialInstructions, Status) VALUES (126, 118, 6, '2025-06-26', '2025-07-06', 'Vertigo', 'Take medicines after meals', 'Active');
INSERT INTO PrescriptionItem (PrescriptionID, MedicineID, Dosage, Frequency, Duration, Quantity) VALUES (126, 4, '250mg', 'As needed', '3 days', 11);
INSERT INTO PrescriptionItem (PrescriptionID, MedicineID, Dosage, Frequency, Duration, Quantity) VALUES (126, 24, '400mg', 'Once daily', '10 days', 3);
INSERT INTO PrescriptionItem (PrescriptionID, MedicineID, Dosage, Frequency, Duration, Quantity) VALUES (126, 20, '5mg', 'Twice daily', '5 days', 9);
INSERT INTO BillPayment (VisitID, BillDate, BillTime, ConsultationFee, MedicineCost, LabTestCost, OtherCharges, SubTotal, DiscountAmount, TaxAmount, TotalAmount, PaymentMethod, PaymentStatus, PaidAmount, BalanceAmount, BilledBy) VALUES (126, '2025-06-26', '14:00:00', 200, 259.69, 0.00, 0.00, 459.69, 0.0, 0.0, 459.69, 'Free', 'Paid', 459.69, 0.00, 2);
INSERT INTO Appointment (MemberID, DoctorID, AppointmentDate, AppointmentTime, Symptoms, Status, Priority, TokenNumber) VALUES (119, 50, '2026-03-18', '11:15:00', 'Headache', 'Scheduled', 'Normal', 112);
INSERT INTO Appointment (MemberID, DoctorID, AppointmentDate, AppointmentTime, Symptoms, Status, Priority, TokenNumber) VALUES (119, 8, '2026-04-20', '10:00:00', 'Back pain', 'Scheduled', 'Normal', 166);
INSERT INTO Appointment (MemberID, DoctorID, AppointmentDate, AppointmentTime, Symptoms, Status, Priority, TokenNumber) VALUES (120, 55, '2026-03-18', '16:45:00', 'Dizziness', 'Scheduled', 'Normal', 196);
INSERT INTO Appointment (MemberID, DoctorID, AppointmentDate, AppointmentTime, Symptoms, Status, Priority, TokenNumber) VALUES (120, 46, '2026-05-25', '10:45:00', 'Back pain', 'Scheduled', 'Normal', 272);
INSERT INTO Appointment (MemberID, DoctorID, AppointmentDate, AppointmentTime, Symptoms, Status, Priority, TokenNumber) VALUES (121, 5, '2025-08-25', '13:15:00', 'Fatigue', 'Completed', 'Normal', 271);
INSERT INTO Visit (MemberID, DoctorID, AppointmentID, VisitDate, VisitTime, ChiefComplaint, Diagnosis, VitalSigns, TreatmentNotes, FollowUpRequired, FollowUpDate, VisitType, Status) VALUES (121, 5, 251, '2025-08-25', '13:35:00', 'Fatigue', 'Viral gastroenteritis', '{"bp":"117/83","temp":101.2}', 'Advised rest, medication prescribed', TRUE, '2026-03-25', 'Scheduled', 'Completed');
INSERT INTO Prescription (VisitID, MemberID, DoctorID, IssueDate, ValidUntil, Diagnosis, SpecialInstructions, Status) VALUES (127, 121, 5, '2025-08-25', '2025-09-04', 'Viral gastroenteritis', 'Take medicines after meals', 'Active');
INSERT INTO PrescriptionItem (PrescriptionID, MedicineID, Dosage, Frequency, Duration, Quantity) VALUES (127, 24, '5mg', 'Twice daily', '3 days', 7);
INSERT INTO PrescriptionItem (PrescriptionID, MedicineID, Dosage, Frequency, Duration, Quantity) VALUES (127, 34, '10mg', 'Once daily', '10 days', 3);
INSERT INTO BillPayment (VisitID, BillDate, BillTime, ConsultationFee, MedicineCost, LabTestCost, OtherCharges, SubTotal, DiscountAmount, TaxAmount, TotalAmount, PaymentMethod, PaymentStatus, PaidAmount, BalanceAmount, BilledBy) VALUES (127, '2025-08-25', '11:30:00', 150, 101.66, 0.00, 0.00, 251.66, 0.0, 0.0, 251.66, 'Free', 'Paid', 251.66, 0.00, 2);
INSERT INTO Appointment (MemberID, DoctorID, AppointmentDate, AppointmentTime, Symptoms, Status, Priority, TokenNumber) VALUES (121, 49, '2025-10-20', '09:15:00', 'Skin rash', 'Completed', 'Normal', 284);
INSERT INTO Visit (MemberID, DoctorID, AppointmentID, VisitDate, VisitTime, ChiefComplaint, Diagnosis, VitalSigns, TreatmentNotes, FollowUpRequired, FollowUpDate, VisitType, Status) VALUES (121, 49, 252, '2025-10-20', '14:20:00', 'Skin rash', 'Viral gastroenteritis', '{"bp":"115/79","temp":98.1}', 'Advised rest, medication prescribed', FALSE, NULL, 'Scheduled', 'Completed');
INSERT INTO Prescription (VisitID, MemberID, DoctorID, IssueDate, ValidUntil, Diagnosis, SpecialInstructions, Status) VALUES (128, 121, 49, '2025-10-20', '2025-10-30', 'Viral gastroenteritis', 'Take medicines after meals', 'Active');
INSERT INTO PrescriptionItem (PrescriptionID, MedicineID, Dosage, Frequency, Duration, Quantity) VALUES (128, 6, '5mg', 'Thrice daily', '10 days', 15);
INSERT INTO PrescriptionItem (PrescriptionID, MedicineID, Dosage, Frequency, Duration, Quantity) VALUES (128, 31, '10mg', 'Thrice daily', '3 days', 15);
INSERT INTO BillPayment (VisitID, BillDate, BillTime, ConsultationFee, MedicineCost, LabTestCost, OtherCharges, SubTotal, DiscountAmount, TaxAmount, TotalAmount, PaymentMethod, PaymentStatus, PaidAmount, BalanceAmount, BilledBy) VALUES (128, '2025-10-20', '12:15:00', 50, 224.62, 0.00, 0.00, 274.62, 0.0, 0.0, 274.62, 'Card', 'Paid', 274.62, 0.00, 2);
INSERT INTO Appointment (MemberID, DoctorID, AppointmentDate, AppointmentTime, Symptoms, Status, Priority, TokenNumber) VALUES (122, 54, '2026-04-30', '11:45:00', 'Acid reflux', 'Scheduled', 'Urgent', 115);
INSERT INTO Appointment (MemberID, DoctorID, AppointmentDate, AppointmentTime, Symptoms, Status, Priority, TokenNumber) VALUES (122, 44, '2026-03-18', '09:30:00', 'Vomiting', 'Scheduled', 'Normal', 174);
INSERT INTO Appointment (MemberID, DoctorID, AppointmentDate, AppointmentTime, Symptoms, Status, Priority, TokenNumber) VALUES (123, 16, '2025-11-27', '12:30:00', 'Nausea', 'Completed', 'Urgent', 165);
INSERT INTO Visit (MemberID, DoctorID, AppointmentID, VisitDate, VisitTime, ChiefComplaint, Diagnosis, VitalSigns, TreatmentNotes, FollowUpRequired, FollowUpDate, VisitType, Status) VALUES (123, 16, 255, '2025-11-27', '14:05:00', 'Nausea', 'Generalised anxiety disorder', '{"bp":"117/74","temp":101.4}', 'Advised rest, medication prescribed', FALSE, NULL, 'Scheduled', 'Completed');
INSERT INTO Prescription (VisitID, MemberID, DoctorID, IssueDate, ValidUntil, Diagnosis, SpecialInstructions, Status) VALUES (129, 123, 16, '2025-11-27', '2025-12-07', 'Generalised anxiety disorder', 'Take medicines after meals', 'Active');
INSERT INTO PrescriptionItem (PrescriptionID, MedicineID, Dosage, Frequency, Duration, Quantity) VALUES (129, 7, '20mg', 'As needed', '3 days', 11);
INSERT INTO PrescriptionItem (PrescriptionID, MedicineID, Dosage, Frequency, Duration, Quantity) VALUES (129, 30, '500mg', 'Twice daily', '5 days', 12);
INSERT INTO BillPayment (VisitID, BillDate, BillTime, ConsultationFee, MedicineCost, LabTestCost, OtherCharges, SubTotal, DiscountAmount, TaxAmount, TotalAmount, PaymentMethod, PaymentStatus, PaidAmount, BalanceAmount, BilledBy) VALUES (129, '2025-11-27', '16:15:00', 0, 196.64, 0.00, 0.00, 196.64, 0.0, 0.0, 196.64, 'UPI', 'Paid', 196.64, 0.00, 2);
INSERT INTO Appointment (MemberID, DoctorID, AppointmentDate, AppointmentTime, Symptoms, Status, Priority, TokenNumber) VALUES (123, 9, '2025-10-03', '12:00:00', 'Eye irritation', 'Completed', 'Urgent', 285);
INSERT INTO Visit (MemberID, DoctorID, AppointmentID, VisitDate, VisitTime, ChiefComplaint, Diagnosis, VitalSigns, TreatmentNotes, FollowUpRequired, FollowUpDate, VisitType, Status) VALUES (123, 9, 256, '2025-10-03', '10:35:00', 'Eye irritation', 'Tension headache', '{"bp":"120/82","temp":97.5}', 'Advised rest, medication prescribed', FALSE, NULL, 'Scheduled', 'Completed');
INSERT INTO Prescription (VisitID, MemberID, DoctorID, IssueDate, ValidUntil, Diagnosis, SpecialInstructions, Status) VALUES (130, 123, 9, '2025-10-03', '2025-10-13', 'Tension headache', 'Take medicines after meals', 'Active');
INSERT INTO PrescriptionItem (PrescriptionID, MedicineID, Dosage, Frequency, Duration, Quantity) VALUES (130, 34, '250mg', 'Once daily', '3 days', 12);
INSERT INTO PrescriptionItem (PrescriptionID, MedicineID, Dosage, Frequency, Duration, Quantity) VALUES (130, 1, '500mg', 'Thrice daily', '10 days', 4);
INSERT INTO PrescriptionItem (PrescriptionID, MedicineID, Dosage, Frequency, Duration, Quantity) VALUES (130, 12, '20mg', 'Twice daily', '3 days', 6);
INSERT INTO BillPayment (VisitID, BillDate, BillTime, ConsultationFee, MedicineCost, LabTestCost, OtherCharges, SubTotal, DiscountAmount, TaxAmount, TotalAmount, PaymentMethod, PaymentStatus, PaidAmount, BalanceAmount, BilledBy) VALUES (130, '2025-10-03', '13:30:00', 150, 113.48, 0.00, 0.00, 263.48, 0.0, 0.0, 263.48, 'Free', 'Paid', 263.48, 0.00, 2);
INSERT INTO Appointment (MemberID, DoctorID, AppointmentDate, AppointmentTime, Symptoms, Status, Priority, TokenNumber) VALUES (124, 53, '2026-04-03', '15:00:00', 'Acid reflux', 'Scheduled', 'Normal', 200);
INSERT INTO Appointment (MemberID, DoctorID, AppointmentDate, AppointmentTime, Symptoms, Status, Priority, TokenNumber) VALUES (124, 24, '2026-03-18', '14:15:00', 'Cold and cough', 'Scheduled', 'Normal', 254);
INSERT INTO Appointment (MemberID, DoctorID, AppointmentDate, AppointmentTime, Symptoms, Status, Priority, TokenNumber) VALUES (125, 5, '2026-05-25', '13:00:00', 'Insomnia', 'Scheduled', 'Normal', 159);
INSERT INTO Appointment (MemberID, DoctorID, AppointmentDate, AppointmentTime, Symptoms, Status, Priority, TokenNumber) VALUES (125, 26, '2025-09-23', '09:15:00', 'Eye irritation', 'Completed', 'Normal', 285);
INSERT INTO Visit (MemberID, DoctorID, AppointmentID, VisitDate, VisitTime, ChiefComplaint, Diagnosis, VitalSigns, TreatmentNotes, FollowUpRequired, FollowUpDate, VisitType, Status) VALUES (125, 26, 260, '2025-09-23', '12:10:00', 'Eye irritation', 'Gastritis', '{"bp":"118/80","temp":98.9}', 'Advised rest, medication prescribed', TRUE, '2026-04-08', 'Scheduled', 'Completed');
INSERT INTO Prescription (VisitID, MemberID, DoctorID, IssueDate, ValidUntil, Diagnosis, SpecialInstructions, Status) VALUES (131, 125, 26, '2025-09-23', '2025-10-03', 'Gastritis', 'Take medicines after meals', 'Active');
INSERT INTO PrescriptionItem (PrescriptionID, MedicineID, Dosage, Frequency, Duration, Quantity) VALUES (131, 6, '500mg', 'Thrice daily', '5 days', 11);
INSERT INTO PrescriptionItem (PrescriptionID, MedicineID, Dosage, Frequency, Duration, Quantity) VALUES (131, 17, '20mg', 'As needed', '3 days', 8);
INSERT INTO BillPayment (VisitID, BillDate, BillTime, ConsultationFee, MedicineCost, LabTestCost, OtherCharges, SubTotal, DiscountAmount, TaxAmount, TotalAmount, PaymentMethod, PaymentStatus, PaidAmount, BalanceAmount, BilledBy) VALUES (131, '2025-09-23', '12:45:00', 0, 237.85, 0.00, 0.00, 237.85, 0.0, 0.0, 237.85, 'Card', 'Paid', 237.85, 0.00, 2);
INSERT INTO Appointment (MemberID, DoctorID, AppointmentDate, AppointmentTime, Symptoms, Status, Priority, TokenNumber) VALUES (126, 26, '2026-02-22', '10:00:00', 'Joint pain', 'Completed', 'Normal', 299);
INSERT INTO Visit (MemberID, DoctorID, AppointmentID, VisitDate, VisitTime, ChiefComplaint, Diagnosis, VitalSigns, TreatmentNotes, FollowUpRequired, FollowUpDate, VisitType, Status) VALUES (126, 26, 261, '2026-02-22', '09:10:00', 'Joint pain', 'Viral fever', '{"bp":"111/86","temp":101.9}', 'Advised rest, medication prescribed', FALSE, NULL, 'Scheduled', 'Completed');
INSERT INTO Prescription (VisitID, MemberID, DoctorID, IssueDate, ValidUntil, Diagnosis, SpecialInstructions, Status) VALUES (132, 126, 26, '2026-02-22', '2026-03-04', 'Viral fever', 'Take medicines after meals', 'Active');
INSERT INTO PrescriptionItem (PrescriptionID, MedicineID, Dosage, Frequency, Duration, Quantity) VALUES (132, 25, '500mg', 'As needed', '5 days', 13);
INSERT INTO PrescriptionItem (PrescriptionID, MedicineID, Dosage, Frequency, Duration, Quantity) VALUES (132, 26, '5mg', 'Once daily', '7 days', 14);
INSERT INTO PrescriptionItem (PrescriptionID, MedicineID, Dosage, Frequency, Duration, Quantity) VALUES (132, 6, '250mg', 'Once daily', '5 days', 15);
INSERT INTO BillPayment (VisitID, BillDate, BillTime, ConsultationFee, MedicineCost, LabTestCost, OtherCharges, SubTotal, DiscountAmount, TaxAmount, TotalAmount, PaymentMethod, PaymentStatus, PaidAmount, BalanceAmount, BilledBy) VALUES (132, '2026-02-22', '14:00:00', 50, 91.13, 0.00, 0.00, 141.13, 0.0, 0.0, 141.13, 'Card', 'Paid', 141.13, 0.00, 2);
INSERT INTO Appointment (MemberID, DoctorID, AppointmentDate, AppointmentTime, Symptoms, Status, Priority, TokenNumber) VALUES (126, 53, '2025-06-09', '11:45:00', 'Anxiety', 'Completed', 'Normal', 260);
INSERT INTO Visit (MemberID, DoctorID, AppointmentID, VisitDate, VisitTime, ChiefComplaint, Diagnosis, VitalSigns, TreatmentNotes, FollowUpRequired, FollowUpDate, VisitType, Status) VALUES (126, 53, 262, '2025-06-09', '15:10:00', 'Anxiety', 'Allergic rhinitis', '{"bp":"126/78","temp":98.6}', 'Advised rest, medication prescribed', FALSE, NULL, 'Scheduled', 'Completed');
INSERT INTO Prescription (VisitID, MemberID, DoctorID, IssueDate, ValidUntil, Diagnosis, SpecialInstructions, Status) VALUES (133, 126, 53, '2025-06-09', '2025-06-19', 'Allergic rhinitis', 'Take medicines after meals', 'Active');
INSERT INTO PrescriptionItem (PrescriptionID, MedicineID, Dosage, Frequency, Duration, Quantity) VALUES (133, 8, '10mg', 'Once daily', '10 days', 15);
INSERT INTO PrescriptionItem (PrescriptionID, MedicineID, Dosage, Frequency, Duration, Quantity) VALUES (133, 16, '250mg', 'Thrice daily', '7 days', 6);
INSERT INTO BillPayment (VisitID, BillDate, BillTime, ConsultationFee, MedicineCost, LabTestCost, OtherCharges, SubTotal, DiscountAmount, TaxAmount, TotalAmount, PaymentMethod, PaymentStatus, PaidAmount, BalanceAmount, BilledBy) VALUES (133, '2025-06-09', '15:00:00', 150, 261.59, 0.00, 0.00, 411.59, 0.0, 0.0, 411.59, 'UPI', 'Paid', 411.59, 0.00, 2);
INSERT INTO Appointment (MemberID, DoctorID, AppointmentDate, AppointmentTime, Symptoms, Status, Priority, TokenNumber) VALUES (127, 14, '2025-09-07', '10:00:00', 'Sore throat', 'Completed', 'Normal', 215);
INSERT INTO Visit (MemberID, DoctorID, AppointmentID, VisitDate, VisitTime, ChiefComplaint, Diagnosis, VitalSigns, TreatmentNotes, FollowUpRequired, FollowUpDate, VisitType, Status) VALUES (127, 14, 263, '2025-09-07', '09:05:00', 'Sore throat', 'Electrolyte imbalance', '{"bp":"128/88","temp":100.9}', 'Advised rest, medication prescribed', FALSE, NULL, 'Scheduled', 'Completed');
INSERT INTO Prescription (VisitID, MemberID, DoctorID, IssueDate, ValidUntil, Diagnosis, SpecialInstructions, Status) VALUES (134, 127, 14, '2025-09-07', '2025-09-17', 'Electrolyte imbalance', 'Take medicines after meals', 'Active');
INSERT INTO PrescriptionItem (PrescriptionID, MedicineID, Dosage, Frequency, Duration, Quantity) VALUES (134, 19, '400mg', 'As needed', '7 days', 12);
INSERT INTO PrescriptionItem (PrescriptionID, MedicineID, Dosage, Frequency, Duration, Quantity) VALUES (134, 12, '250mg', 'As needed', '10 days', 15);
INSERT INTO PrescriptionItem (PrescriptionID, MedicineID, Dosage, Frequency, Duration, Quantity) VALUES (134, 2, '20mg', 'As needed', '7 days', 11);
INSERT INTO BillPayment (VisitID, BillDate, BillTime, ConsultationFee, MedicineCost, LabTestCost, OtherCharges, SubTotal, DiscountAmount, TaxAmount, TotalAmount, PaymentMethod, PaymentStatus, PaidAmount, BalanceAmount, BilledBy) VALUES (134, '2025-09-07', '10:30:00', 200, 232.66, 0.00, 0.00, 432.66, 0.0, 0.0, 432.66, 'Free', 'Paid', 432.66, 0.00, 2);
INSERT INTO Appointment (MemberID, DoctorID, AppointmentDate, AppointmentTime, Symptoms, Status, Priority, TokenNumber) VALUES (127, 10, '2025-09-11', '15:15:00', 'Body pain', 'Completed', 'Normal', 126);
INSERT INTO Visit (MemberID, DoctorID, AppointmentID, VisitDate, VisitTime, ChiefComplaint, Diagnosis, VitalSigns, TreatmentNotes, FollowUpRequired, FollowUpDate, VisitType, Status) VALUES (127, 10, 264, '2025-09-11', '09:20:00', 'Body pain', 'Knee arthritis', '{"bp":"135/76","temp":102.2}', 'Advised rest, medication prescribed', FALSE, NULL, 'Scheduled', 'Completed');
INSERT INTO Prescription (VisitID, MemberID, DoctorID, IssueDate, ValidUntil, Diagnosis, SpecialInstructions, Status) VALUES (135, 127, 10, '2025-09-11', '2025-09-21', 'Knee arthritis', 'Take medicines after meals', 'Active');
INSERT INTO PrescriptionItem (PrescriptionID, MedicineID, Dosage, Frequency, Duration, Quantity) VALUES (135, 7, '250mg', 'Thrice daily', '5 days', 15);
INSERT INTO PrescriptionItem (PrescriptionID, MedicineID, Dosage, Frequency, Duration, Quantity) VALUES (135, 12, '5mg', 'As needed', '3 days', 9);
INSERT INTO BillPayment (VisitID, BillDate, BillTime, ConsultationFee, MedicineCost, LabTestCost, OtherCharges, SubTotal, DiscountAmount, TaxAmount, TotalAmount, PaymentMethod, PaymentStatus, PaidAmount, BalanceAmount, BilledBy) VALUES (135, '2025-09-11', '11:45:00', 200, 215.91, 0.00, 0.00, 415.91, 0.0, 0.0, 415.91, 'Free', 'Paid', 415.91, 0.00, 2);
INSERT INTO Appointment (MemberID, DoctorID, AppointmentDate, AppointmentTime, Symptoms, Status, Priority, TokenNumber) VALUES (128, 41, '2025-08-16', '09:45:00', 'Stomach ache', 'Completed', 'Normal', 179);
INSERT INTO Visit (MemberID, DoctorID, AppointmentID, VisitDate, VisitTime, ChiefComplaint, Diagnosis, VitalSigns, TreatmentNotes, FollowUpRequired, FollowUpDate, VisitType, Status) VALUES (128, 41, 265, '2025-08-16', '12:10:00', 'Stomach ache', 'Insomnia', '{"bp":"131/89","temp":102.0}', 'Advised rest, medication prescribed', FALSE, NULL, 'Scheduled', 'Completed');
INSERT INTO Prescription (VisitID, MemberID, DoctorID, IssueDate, ValidUntil, Diagnosis, SpecialInstructions, Status) VALUES (136, 128, 41, '2025-08-16', '2025-08-26', 'Insomnia', 'Take medicines after meals', 'Active');
INSERT INTO PrescriptionItem (PrescriptionID, MedicineID, Dosage, Frequency, Duration, Quantity) VALUES (136, 34, '400mg', 'Once daily', '7 days', 3);
INSERT INTO PrescriptionItem (PrescriptionID, MedicineID, Dosage, Frequency, Duration, Quantity) VALUES (136, 9, '10mg', 'As needed', '3 days', 5);
INSERT INTO BillPayment (VisitID, BillDate, BillTime, ConsultationFee, MedicineCost, LabTestCost, OtherCharges, SubTotal, DiscountAmount, TaxAmount, TotalAmount, PaymentMethod, PaymentStatus, PaidAmount, BalanceAmount, BilledBy) VALUES (136, '2025-08-16', '09:15:00', 200, 190.8, 0.00, 0.00, 390.8, 0.0, 0.0, 390.8, 'Card', 'Paid', 390.8, 0.00, 2);
INSERT INTO Appointment (MemberID, DoctorID, AppointmentDate, AppointmentTime, Symptoms, Status, Priority, TokenNumber) VALUES (128, 26, '2025-09-15', '11:45:00', 'Vomiting', 'Completed', 'Normal', 300);
INSERT INTO Visit (MemberID, DoctorID, AppointmentID, VisitDate, VisitTime, ChiefComplaint, Diagnosis, VitalSigns, TreatmentNotes, FollowUpRequired, FollowUpDate, VisitType, Status) VALUES (128, 26, 266, '2025-09-15', '15:35:00', 'Vomiting', 'Insomnia', '{"bp":"130/72","temp":102.1}', 'Advised rest, medication prescribed', FALSE, NULL, 'Scheduled', 'Completed');
INSERT INTO Prescription (VisitID, MemberID, DoctorID, IssueDate, ValidUntil, Diagnosis, SpecialInstructions, Status) VALUES (137, 128, 26, '2025-09-15', '2025-09-25', 'Insomnia', 'Take medicines after meals', 'Active');
INSERT INTO PrescriptionItem (PrescriptionID, MedicineID, Dosage, Frequency, Duration, Quantity) VALUES (137, 1, '5mg', 'Once daily', '5 days', 15);
INSERT INTO PrescriptionItem (PrescriptionID, MedicineID, Dosage, Frequency, Duration, Quantity) VALUES (137, 31, '250mg', 'Thrice daily', '7 days', 15);
INSERT INTO BillPayment (VisitID, BillDate, BillTime, ConsultationFee, MedicineCost, LabTestCost, OtherCharges, SubTotal, DiscountAmount, TaxAmount, TotalAmount, PaymentMethod, PaymentStatus, PaidAmount, BalanceAmount, BilledBy) VALUES (137, '2025-09-15', '13:45:00', 0, 90.54, 0.00, 0.00, 90.54, 0.0, 0.0, 90.54, 'UPI', 'Paid', 90.54, 0.00, 2);
INSERT INTO Appointment (MemberID, DoctorID, AppointmentDate, AppointmentTime, Symptoms, Status, Priority, TokenNumber) VALUES (129, 35, '2025-05-21', '13:30:00', 'Loose motions', 'Completed', 'Urgent', 107);
INSERT INTO Visit (MemberID, DoctorID, AppointmentID, VisitDate, VisitTime, ChiefComplaint, Diagnosis, VitalSigns, TreatmentNotes, FollowUpRequired, FollowUpDate, VisitType, Status) VALUES (129, 35, 267, '2025-05-21', '16:10:00', 'Loose motions', 'Gastritis', '{"bp":"137/86","temp":99.4}', 'Advised rest, medication prescribed', TRUE, '2026-04-15', 'Scheduled', 'Completed');
INSERT INTO Prescription (VisitID, MemberID, DoctorID, IssueDate, ValidUntil, Diagnosis, SpecialInstructions, Status) VALUES (138, 129, 35, '2025-05-21', '2025-05-31', 'Gastritis', 'Take medicines after meals', 'Active');
INSERT INTO PrescriptionItem (PrescriptionID, MedicineID, Dosage, Frequency, Duration, Quantity) VALUES (138, 25, '500mg', 'As needed', '5 days', 4);
INSERT INTO PrescriptionItem (PrescriptionID, MedicineID, Dosage, Frequency, Duration, Quantity) VALUES (138, 5, '500mg', 'Twice daily', '7 days', 3);
INSERT INTO PrescriptionItem (PrescriptionID, MedicineID, Dosage, Frequency, Duration, Quantity) VALUES (138, 4, '500mg', 'Once daily', '10 days', 11);
INSERT INTO BillPayment (VisitID, BillDate, BillTime, ConsultationFee, MedicineCost, LabTestCost, OtherCharges, SubTotal, DiscountAmount, TaxAmount, TotalAmount, PaymentMethod, PaymentStatus, PaidAmount, BalanceAmount, BilledBy) VALUES (138, '2025-05-21', '10:30:00', 0, 191.38, 0.00, 0.00, 191.38, 0.0, 0.0, 191.38, 'Card', 'Paid', 191.38, 0.00, 2);
INSERT INTO Appointment (MemberID, DoctorID, AppointmentDate, AppointmentTime, Symptoms, Status, Priority, TokenNumber) VALUES (129, 41, '2026-03-18', '14:00:00', 'Ear pain', 'Scheduled', 'Normal', 145);
INSERT INTO Appointment (MemberID, DoctorID, AppointmentDate, AppointmentTime, Symptoms, Status, Priority, TokenNumber) VALUES (130, 41, '2025-05-23', '16:45:00', 'Loose motions', 'Completed', 'Normal', 286);
INSERT INTO Visit (MemberID, DoctorID, AppointmentID, VisitDate, VisitTime, ChiefComplaint, Diagnosis, VitalSigns, TreatmentNotes, FollowUpRequired, FollowUpDate, VisitType, Status) VALUES (130, 41, 269, '2025-05-23', '12:20:00', 'Loose motions', 'Asthma', '{"bp":"124/84","temp":100.3}', 'Advised rest, medication prescribed', TRUE, '2026-04-09', 'Scheduled', 'Completed');
INSERT INTO Prescription (VisitID, MemberID, DoctorID, IssueDate, ValidUntil, Diagnosis, SpecialInstructions, Status) VALUES (139, 130, 41, '2025-05-23', '2025-06-02', 'Asthma', 'Take medicines after meals', 'Active');
INSERT INTO PrescriptionItem (PrescriptionID, MedicineID, Dosage, Frequency, Duration, Quantity) VALUES (139, 11, '250mg', 'As needed', '10 days', 13);
INSERT INTO PrescriptionItem (PrescriptionID, MedicineID, Dosage, Frequency, Duration, Quantity) VALUES (139, 4, '250mg', 'Twice daily', '7 days', 3);
INSERT INTO PrescriptionItem (PrescriptionID, MedicineID, Dosage, Frequency, Duration, Quantity) VALUES (139, 29, '20mg', 'Once daily', '10 days', 14);
INSERT INTO BillPayment (VisitID, BillDate, BillTime, ConsultationFee, MedicineCost, LabTestCost, OtherCharges, SubTotal, DiscountAmount, TaxAmount, TotalAmount, PaymentMethod, PaymentStatus, PaidAmount, BalanceAmount, BilledBy) VALUES (139, '2025-05-23', '11:00:00', 150, 278.39, 0.00, 0.00, 428.39, 0.0, 0.0, 428.39, 'Cash', 'Paid', 428.39, 0.00, 2);
INSERT INTO Appointment (MemberID, DoctorID, AppointmentDate, AppointmentTime, Symptoms, Status, Priority, TokenNumber) VALUES (130, 50, '2026-03-21', '15:30:00', 'Headache', 'Scheduled', 'Emergency', 150);
INSERT INTO Appointment (MemberID, DoctorID, AppointmentDate, AppointmentTime, Symptoms, Status, Priority, TokenNumber) VALUES (131, 13, '2026-01-31', '11:30:00', 'Shortness of breath', 'Completed', 'Normal', 143);
INSERT INTO Visit (MemberID, DoctorID, AppointmentID, VisitDate, VisitTime, ChiefComplaint, Diagnosis, VitalSigns, TreatmentNotes, FollowUpRequired, FollowUpDate, VisitType, Status) VALUES (131, 13, 271, '2026-01-31', '14:35:00', 'Shortness of breath', 'Nausea and vomiting', '{"bp":"139/72","temp":99.6}', 'Advised rest, medication prescribed', TRUE, '2026-04-11', 'Scheduled', 'Completed');
INSERT INTO Prescription (VisitID, MemberID, DoctorID, IssueDate, ValidUntil, Diagnosis, SpecialInstructions, Status) VALUES (140, 131, 13, '2026-01-31', '2026-02-10', 'Nausea and vomiting', 'Take medicines after meals', 'Active');
INSERT INTO PrescriptionItem (PrescriptionID, MedicineID, Dosage, Frequency, Duration, Quantity) VALUES (140, 11, '500mg', 'Twice daily', '3 days', 9);
INSERT INTO PrescriptionItem (PrescriptionID, MedicineID, Dosage, Frequency, Duration, Quantity) VALUES (140, 7, '500mg', 'Twice daily', '10 days', 6);
INSERT INTO BillPayment (VisitID, BillDate, BillTime, ConsultationFee, MedicineCost, LabTestCost, OtherCharges, SubTotal, DiscountAmount, TaxAmount, TotalAmount, PaymentMethod, PaymentStatus, PaidAmount, BalanceAmount, BilledBy) VALUES (140, '2026-01-31', '11:45:00', 200, 294.27, 0.00, 0.00, 494.27, 0.0, 0.0, 494.27, 'Card', 'Paid', 494.27, 0.00, 2);
INSERT INTO Appointment (MemberID, DoctorID, AppointmentDate, AppointmentTime, Symptoms, Status, Priority, TokenNumber) VALUES (131, 32, '2025-09-22', '15:00:00', 'Nausea', 'Completed', 'Normal', 119);
INSERT INTO Visit (MemberID, DoctorID, AppointmentID, VisitDate, VisitTime, ChiefComplaint, Diagnosis, VitalSigns, TreatmentNotes, FollowUpRequired, FollowUpDate, VisitType, Status) VALUES (131, 32, 272, '2025-09-22', '13:20:00', 'Nausea', 'Viral gastroenteritis', '{"bp":"133/75","temp":101.8}', 'Advised rest, medication prescribed', TRUE, '2026-03-26', 'Scheduled', 'Completed');
INSERT INTO Prescription (VisitID, MemberID, DoctorID, IssueDate, ValidUntil, Diagnosis, SpecialInstructions, Status) VALUES (141, 131, 32, '2025-09-22', '2025-10-02', 'Viral gastroenteritis', 'Take medicines after meals', 'Active');
INSERT INTO PrescriptionItem (PrescriptionID, MedicineID, Dosage, Frequency, Duration, Quantity) VALUES (141, 4, '10mg', 'Once daily', '3 days', 9);
INSERT INTO PrescriptionItem (PrescriptionID, MedicineID, Dosage, Frequency, Duration, Quantity) VALUES (141, 10, '10mg', 'Thrice daily', '3 days', 6);
INSERT INTO PrescriptionItem (PrescriptionID, MedicineID, Dosage, Frequency, Duration, Quantity) VALUES (141, 26, '5mg', 'Twice daily', '7 days', 4);
INSERT INTO BillPayment (VisitID, BillDate, BillTime, ConsultationFee, MedicineCost, LabTestCost, OtherCharges, SubTotal, DiscountAmount, TaxAmount, TotalAmount, PaymentMethod, PaymentStatus, PaidAmount, BalanceAmount, BilledBy) VALUES (141, '2025-09-22', '11:45:00', 150, 151.71, 0.00, 0.00, 301.71, 0.0, 0.0, 301.71, 'Cash', 'Paid', 301.71, 0.00, 2);
INSERT INTO Appointment (MemberID, DoctorID, AppointmentDate, AppointmentTime, Symptoms, Status, Priority, TokenNumber) VALUES (132, 48, '2026-06-12', '11:15:00', 'Headache', 'Scheduled', 'Normal', 141);
INSERT INTO Appointment (MemberID, DoctorID, AppointmentDate, AppointmentTime, Symptoms, Status, Priority, TokenNumber) VALUES (132, 41, '2025-07-09', '11:00:00', 'Loose motions', 'Completed', 'Normal', 232);
INSERT INTO Visit (MemberID, DoctorID, AppointmentID, VisitDate, VisitTime, ChiefComplaint, Diagnosis, VitalSigns, TreatmentNotes, FollowUpRequired, FollowUpDate, VisitType, Status) VALUES (132, 41, 274, '2025-07-09', '11:20:00', 'Loose motions', 'Conjunctivitis', '{"bp":"125/89","temp":99.4}', 'Advised rest, medication prescribed', FALSE, NULL, 'Scheduled', 'Completed');
INSERT INTO Prescription (VisitID, MemberID, DoctorID, IssueDate, ValidUntil, Diagnosis, SpecialInstructions, Status) VALUES (142, 132, 41, '2025-07-09', '2025-07-19', 'Conjunctivitis', 'Take medicines after meals', 'Active');
INSERT INTO PrescriptionItem (PrescriptionID, MedicineID, Dosage, Frequency, Duration, Quantity) VALUES (142, 15, '500mg', 'Twice daily', '7 days', 9);
INSERT INTO PrescriptionItem (PrescriptionID, MedicineID, Dosage, Frequency, Duration, Quantity) VALUES (142, 35, '500mg', 'Thrice daily', '5 days', 12);
INSERT INTO PrescriptionItem (PrescriptionID, MedicineID, Dosage, Frequency, Duration, Quantity) VALUES (142, 16, '5mg', 'Once daily', '10 days', 15);
INSERT INTO BillPayment (VisitID, BillDate, BillTime, ConsultationFee, MedicineCost, LabTestCost, OtherCharges, SubTotal, DiscountAmount, TaxAmount, TotalAmount, PaymentMethod, PaymentStatus, PaidAmount, BalanceAmount, BilledBy) VALUES (142, '2025-07-09', '15:00:00', 200, 172.49, 0.00, 0.00, 372.49, 0.0, 0.0, 372.49, 'Free', 'Paid', 372.49, 0.00, 2);
INSERT INTO Appointment (MemberID, DoctorID, AppointmentDate, AppointmentTime, Symptoms, Status, Priority, TokenNumber) VALUES (133, 30, '2026-02-14', '15:45:00', 'Dizziness', 'Completed', 'Urgent', 232);
INSERT INTO Visit (MemberID, DoctorID, AppointmentID, VisitDate, VisitTime, ChiefComplaint, Diagnosis, VitalSigns, TreatmentNotes, FollowUpRequired, FollowUpDate, VisitType, Status) VALUES (133, 30, 275, '2026-02-14', '09:20:00', 'Dizziness', 'Myalgia', '{"bp":"122/87","temp":97.8}', 'Advised rest, medication prescribed', FALSE, NULL, 'Scheduled', 'Completed');
INSERT INTO Prescription (VisitID, MemberID, DoctorID, IssueDate, ValidUntil, Diagnosis, SpecialInstructions, Status) VALUES (143, 133, 30, '2026-02-14', '2026-02-24', 'Myalgia', 'Take medicines after meals', 'Active');
INSERT INTO PrescriptionItem (PrescriptionID, MedicineID, Dosage, Frequency, Duration, Quantity) VALUES (143, 12, '400mg', 'Thrice daily', '7 days', 13);
INSERT INTO PrescriptionItem (PrescriptionID, MedicineID, Dosage, Frequency, Duration, Quantity) VALUES (143, 15, '250mg', 'Once daily', '10 days', 13);
INSERT INTO BillPayment (VisitID, BillDate, BillTime, ConsultationFee, MedicineCost, LabTestCost, OtherCharges, SubTotal, DiscountAmount, TaxAmount, TotalAmount, PaymentMethod, PaymentStatus, PaidAmount, BalanceAmount, BilledBy) VALUES (143, '2026-02-14', '17:45:00', 100, 24.15, 0.00, 0.00, 124.15, 0.0, 0.0, 124.15, 'Card', 'Paid', 124.15, 0.00, 2);
INSERT INTO Appointment (MemberID, DoctorID, AppointmentDate, AppointmentTime, Symptoms, Status, Priority, TokenNumber) VALUES (133, 7, '2026-03-18', '15:15:00', 'Joint pain', 'Scheduled', 'Normal', 266);
INSERT INTO Appointment (MemberID, DoctorID, AppointmentDate, AppointmentTime, Symptoms, Status, Priority, TokenNumber) VALUES (134, 50, '2026-03-28', '11:30:00', 'Anxiety', 'Scheduled', 'Normal', 216);
INSERT INTO Appointment (MemberID, DoctorID, AppointmentDate, AppointmentTime, Symptoms, Status, Priority, TokenNumber) VALUES (134, 49, '2026-02-25', '13:15:00', 'Eye irritation', 'Completed', 'Normal', 238);
INSERT INTO Visit (MemberID, DoctorID, AppointmentID, VisitDate, VisitTime, ChiefComplaint, Diagnosis, VitalSigns, TreatmentNotes, FollowUpRequired, FollowUpDate, VisitType, Status) VALUES (134, 49, 278, '2026-02-25', '09:10:00', 'Eye irritation', 'Knee arthritis', '{"bp":"137/80","temp":101.4}', 'Advised rest, medication prescribed', TRUE, '2026-03-26', 'Scheduled', 'Completed');
INSERT INTO Prescription (VisitID, MemberID, DoctorID, IssueDate, ValidUntil, Diagnosis, SpecialInstructions, Status) VALUES (144, 134, 49, '2026-02-25', '2026-03-07', 'Knee arthritis', 'Take medicines after meals', 'Active');
INSERT INTO PrescriptionItem (PrescriptionID, MedicineID, Dosage, Frequency, Duration, Quantity) VALUES (144, 35, '400mg', 'Thrice daily', '7 days', 13);
INSERT INTO PrescriptionItem (PrescriptionID, MedicineID, Dosage, Frequency, Duration, Quantity) VALUES (144, 28, '250mg', 'Thrice daily', '7 days', 14);
INSERT INTO BillPayment (VisitID, BillDate, BillTime, ConsultationFee, MedicineCost, LabTestCost, OtherCharges, SubTotal, DiscountAmount, TaxAmount, TotalAmount, PaymentMethod, PaymentStatus, PaidAmount, BalanceAmount, BilledBy) VALUES (144, '2026-02-25', '10:30:00', 200, 163.42, 0.00, 0.00, 363.42, 0.0, 0.0, 363.42, 'Cash', 'Paid', 363.42, 0.00, 2);
INSERT INTO Appointment (MemberID, DoctorID, AppointmentDate, AppointmentTime, Symptoms, Status, Priority, TokenNumber) VALUES (135, 23, '2025-06-11', '16:00:00', 'Muscle cramps', 'Completed', 'Normal', 123);
INSERT INTO Visit (MemberID, DoctorID, AppointmentID, VisitDate, VisitTime, ChiefComplaint, Diagnosis, VitalSigns, TreatmentNotes, FollowUpRequired, FollowUpDate, VisitType, Status) VALUES (135, 23, 279, '2025-06-11', '11:10:00', 'Muscle cramps', 'Asthma', '{"bp":"122/84","temp":99.1}', 'Advised rest, medication prescribed', FALSE, NULL, 'Scheduled', 'Completed');
INSERT INTO Prescription (VisitID, MemberID, DoctorID, IssueDate, ValidUntil, Diagnosis, SpecialInstructions, Status) VALUES (145, 135, 23, '2025-06-11', '2025-06-21', 'Asthma', 'Take medicines after meals', 'Active');
INSERT INTO PrescriptionItem (PrescriptionID, MedicineID, Dosage, Frequency, Duration, Quantity) VALUES (145, 35, '500mg', 'As needed', '7 days', 9);
INSERT INTO PrescriptionItem (PrescriptionID, MedicineID, Dosage, Frequency, Duration, Quantity) VALUES (145, 12, '500mg', 'Once daily', '10 days', 10);
INSERT INTO BillPayment (VisitID, BillDate, BillTime, ConsultationFee, MedicineCost, LabTestCost, OtherCharges, SubTotal, DiscountAmount, TaxAmount, TotalAmount, PaymentMethod, PaymentStatus, PaidAmount, BalanceAmount, BilledBy) VALUES (145, '2025-06-11', '17:15:00', 200, 169.02, 0.00, 0.00, 369.02, 0.0, 0.0, 369.02, 'Free', 'Paid', 369.02, 0.00, 2);
INSERT INTO Appointment (MemberID, DoctorID, AppointmentDate, AppointmentTime, Symptoms, Status, Priority, TokenNumber) VALUES (135, 55, '2026-03-18', '15:45:00', 'Muscle cramps', 'Scheduled', 'Urgent', 133);
INSERT INTO Appointment (MemberID, DoctorID, AppointmentDate, AppointmentTime, Symptoms, Status, Priority, TokenNumber) VALUES (136, 21, '2025-12-07', '16:00:00', 'Loose motions', 'Completed', 'Normal', 274);
INSERT INTO Visit (MemberID, DoctorID, AppointmentID, VisitDate, VisitTime, ChiefComplaint, Diagnosis, VitalSigns, TreatmentNotes, FollowUpRequired, FollowUpDate, VisitType, Status) VALUES (136, 21, 281, '2025-12-07', '09:35:00', 'Loose motions', 'Iron deficiency anaemia', '{"bp":"131/90","temp":101.4}', 'Advised rest, medication prescribed', FALSE, NULL, 'Scheduled', 'Completed');
INSERT INTO Prescription (VisitID, MemberID, DoctorID, IssueDate, ValidUntil, Diagnosis, SpecialInstructions, Status) VALUES (146, 136, 21, '2025-12-07', '2025-12-17', 'Iron deficiency anaemia', 'Take medicines after meals', 'Active');
INSERT INTO PrescriptionItem (PrescriptionID, MedicineID, Dosage, Frequency, Duration, Quantity) VALUES (146, 4, '400mg', 'Thrice daily', '10 days', 9);
INSERT INTO PrescriptionItem (PrescriptionID, MedicineID, Dosage, Frequency, Duration, Quantity) VALUES (146, 18, '400mg', 'Thrice daily', '10 days', 12);
INSERT INTO PrescriptionItem (PrescriptionID, MedicineID, Dosage, Frequency, Duration, Quantity) VALUES (146, 2, '500mg', 'Once daily', '3 days', 5);
INSERT INTO BillPayment (VisitID, BillDate, BillTime, ConsultationFee, MedicineCost, LabTestCost, OtherCharges, SubTotal, DiscountAmount, TaxAmount, TotalAmount, PaymentMethod, PaymentStatus, PaidAmount, BalanceAmount, BilledBy) VALUES (146, '2025-12-07', '14:30:00', 100, 271.93, 0.00, 0.00, 371.93, 0.0, 0.0, 371.93, 'UPI', 'Paid', 371.93, 0.00, 2);
INSERT INTO Appointment (MemberID, DoctorID, AppointmentDate, AppointmentTime, Symptoms, Status, Priority, TokenNumber) VALUES (136, 18, '2025-06-22', '15:45:00', 'Anxiety', 'Completed', 'Normal', 135);
INSERT INTO Visit (MemberID, DoctorID, AppointmentID, VisitDate, VisitTime, ChiefComplaint, Diagnosis, VitalSigns, TreatmentNotes, FollowUpRequired, FollowUpDate, VisitType, Status) VALUES (136, 18, 282, '2025-06-22', '13:10:00', 'Anxiety', 'Asthma', '{"bp":"130/74","temp":100.8}', 'Advised rest, medication prescribed', FALSE, NULL, 'Scheduled', 'Completed');
INSERT INTO Prescription (VisitID, MemberID, DoctorID, IssueDate, ValidUntil, Diagnosis, SpecialInstructions, Status) VALUES (147, 136, 18, '2025-06-22', '2025-07-02', 'Asthma', 'Take medicines after meals', 'Active');
INSERT INTO PrescriptionItem (PrescriptionID, MedicineID, Dosage, Frequency, Duration, Quantity) VALUES (147, 26, '20mg', 'Once daily', '7 days', 9);
INSERT INTO PrescriptionItem (PrescriptionID, MedicineID, Dosage, Frequency, Duration, Quantity) VALUES (147, 15, '250mg', 'Thrice daily', '3 days', 13);
INSERT INTO PrescriptionItem (PrescriptionID, MedicineID, Dosage, Frequency, Duration, Quantity) VALUES (147, 13, '400mg', 'Thrice daily', '5 days', 11);
INSERT INTO BillPayment (VisitID, BillDate, BillTime, ConsultationFee, MedicineCost, LabTestCost, OtherCharges, SubTotal, DiscountAmount, TaxAmount, TotalAmount, PaymentMethod, PaymentStatus, PaidAmount, BalanceAmount, BilledBy) VALUES (147, '2025-06-22', '11:30:00', 100, 222.28, 0.00, 0.00, 322.28, 0.0, 0.0, 322.28, 'Free', 'Paid', 322.28, 0.00, 2);
INSERT INTO Appointment (MemberID, DoctorID, AppointmentDate, AppointmentTime, Symptoms, Status, Priority, TokenNumber) VALUES (137, 25, '2025-05-27', '11:45:00', 'Anxiety', 'Completed', 'Normal', 277);
INSERT INTO Visit (MemberID, DoctorID, AppointmentID, VisitDate, VisitTime, ChiefComplaint, Diagnosis, VitalSigns, TreatmentNotes, FollowUpRequired, FollowUpDate, VisitType, Status) VALUES (137, 25, 283, '2025-05-27', '14:20:00', 'Anxiety', 'Vertigo', '{"bp":"113/87","temp":100.9}', 'Advised rest, medication prescribed', TRUE, '2026-04-10', 'Scheduled', 'Completed');
INSERT INTO Prescription (VisitID, MemberID, DoctorID, IssueDate, ValidUntil, Diagnosis, SpecialInstructions, Status) VALUES (148, 137, 25, '2025-05-27', '2025-06-06', 'Vertigo', 'Take medicines after meals', 'Active');
INSERT INTO PrescriptionItem (PrescriptionID, MedicineID, Dosage, Frequency, Duration, Quantity) VALUES (148, 24, '20mg', 'Thrice daily', '10 days', 11);
INSERT INTO PrescriptionItem (PrescriptionID, MedicineID, Dosage, Frequency, Duration, Quantity) VALUES (148, 2, '10mg', 'Once daily', '7 days', 15);
INSERT INTO PrescriptionItem (PrescriptionID, MedicineID, Dosage, Frequency, Duration, Quantity) VALUES (148, 32, '5mg', 'Thrice daily', '7 days', 6);
INSERT INTO BillPayment (VisitID, BillDate, BillTime, ConsultationFee, MedicineCost, LabTestCost, OtherCharges, SubTotal, DiscountAmount, TaxAmount, TotalAmount, PaymentMethod, PaymentStatus, PaidAmount, BalanceAmount, BilledBy) VALUES (148, '2025-05-27', '17:00:00', 0, 74.36, 0.00, 0.00, 74.36, 0.0, 0.0, 74.36, 'Cash', 'Paid', 74.36, 0.00, 2);
INSERT INTO Appointment (MemberID, DoctorID, AppointmentDate, AppointmentTime, Symptoms, Status, Priority, TokenNumber) VALUES (137, 54, '2025-07-14', '16:15:00', 'Cold and cough', 'Completed', 'Normal', 280);
INSERT INTO Visit (MemberID, DoctorID, AppointmentID, VisitDate, VisitTime, ChiefComplaint, Diagnosis, VitalSigns, TreatmentNotes, FollowUpRequired, FollowUpDate, VisitType, Status) VALUES (137, 54, 284, '2025-07-14', '12:20:00', 'Cold and cough', 'Hypertension', '{"bp":"112/81","temp":98.2}', 'Advised rest, medication prescribed', FALSE, NULL, 'Scheduled', 'Completed');
INSERT INTO Prescription (VisitID, MemberID, DoctorID, IssueDate, ValidUntil, Diagnosis, SpecialInstructions, Status) VALUES (149, 137, 54, '2025-07-14', '2025-07-24', 'Hypertension', 'Take medicines after meals', 'Active');
INSERT INTO PrescriptionItem (PrescriptionID, MedicineID, Dosage, Frequency, Duration, Quantity) VALUES (149, 6, '5mg', 'Once daily', '7 days', 8);
INSERT INTO PrescriptionItem (PrescriptionID, MedicineID, Dosage, Frequency, Duration, Quantity) VALUES (149, 21, '250mg', 'Once daily', '5 days', 14);
INSERT INTO PrescriptionItem (PrescriptionID, MedicineID, Dosage, Frequency, Duration, Quantity) VALUES (149, 19, '250mg', 'Thrice daily', '5 days', 9);
INSERT INTO BillPayment (VisitID, BillDate, BillTime, ConsultationFee, MedicineCost, LabTestCost, OtherCharges, SubTotal, DiscountAmount, TaxAmount, TotalAmount, PaymentMethod, PaymentStatus, PaidAmount, BalanceAmount, BilledBy) VALUES (149, '2025-07-14', '12:45:00', 150, 223.8, 0.00, 0.00, 373.8, 0.0, 0.0, 373.8, 'Cash', 'Paid', 373.8, 0.00, 2);
INSERT INTO Appointment (MemberID, DoctorID, AppointmentDate, AppointmentTime, Symptoms, Status, Priority, TokenNumber) VALUES (138, 29, '2026-03-24', '09:30:00', 'Body pain', 'Scheduled', 'Normal', 264);
INSERT INTO Appointment (MemberID, DoctorID, AppointmentDate, AppointmentTime, Symptoms, Status, Priority, TokenNumber) VALUES (138, 52, '2026-02-01', '09:30:00', 'Stomach ache', 'Completed', 'Normal', 257);
INSERT INTO Visit (MemberID, DoctorID, AppointmentID, VisitDate, VisitTime, ChiefComplaint, Diagnosis, VitalSigns, TreatmentNotes, FollowUpRequired, FollowUpDate, VisitType, Status) VALUES (138, 52, 286, '2026-02-01', '10:35:00', 'Stomach ache', 'Iron deficiency anaemia', '{"bp":"129/74","temp":101.2}', 'Advised rest, medication prescribed', FALSE, NULL, 'Scheduled', 'Completed');
INSERT INTO Prescription (VisitID, MemberID, DoctorID, IssueDate, ValidUntil, Diagnosis, SpecialInstructions, Status) VALUES (150, 138, 52, '2026-02-01', '2026-02-11', 'Iron deficiency anaemia', 'Take medicines after meals', 'Active');
INSERT INTO PrescriptionItem (PrescriptionID, MedicineID, Dosage, Frequency, Duration, Quantity) VALUES (150, 18, '250mg', 'Twice daily', '7 days', 9);
INSERT INTO PrescriptionItem (PrescriptionID, MedicineID, Dosage, Frequency, Duration, Quantity) VALUES (150, 24, '250mg', 'Twice daily', '7 days', 11);
INSERT INTO BillPayment (VisitID, BillDate, BillTime, ConsultationFee, MedicineCost, LabTestCost, OtherCharges, SubTotal, DiscountAmount, TaxAmount, TotalAmount, PaymentMethod, PaymentStatus, PaidAmount, BalanceAmount, BilledBy) VALUES (150, '2026-02-01', '17:45:00', 150, 136.5, 0.00, 0.00, 286.5, 0.0, 0.0, 286.5, 'Card', 'Paid', 286.5, 0.00, 2);
INSERT INTO Appointment (MemberID, DoctorID, AppointmentDate, AppointmentTime, Symptoms, Status, Priority, TokenNumber) VALUES (139, 51, '2026-05-26', '16:30:00', 'Knee pain', 'Scheduled', 'Urgent', 135);
INSERT INTO Appointment (MemberID, DoctorID, AppointmentDate, AppointmentTime, Symptoms, Status, Priority, TokenNumber) VALUES (139, 32, '2026-05-23', '14:30:00', 'Insomnia', 'Scheduled', 'Normal', 287);
INSERT INTO Appointment (MemberID, DoctorID, AppointmentDate, AppointmentTime, Symptoms, Status, Priority, TokenNumber) VALUES (140, 38, '2025-09-12', '14:30:00', 'Stomach ache', 'Completed', 'Normal', 177);
INSERT INTO Visit (MemberID, DoctorID, AppointmentID, VisitDate, VisitTime, ChiefComplaint, Diagnosis, VitalSigns, TreatmentNotes, FollowUpRequired, FollowUpDate, VisitType, Status) VALUES (140, 38, 289, '2025-09-12', '10:05:00', 'Stomach ache', 'GERD', '{"bp":"123/80","temp":97.1}', 'Advised rest, medication prescribed', FALSE, NULL, 'Scheduled', 'Completed');
INSERT INTO Prescription (VisitID, MemberID, DoctorID, IssueDate, ValidUntil, Diagnosis, SpecialInstructions, Status) VALUES (151, 140, 38, '2025-09-12', '2025-09-22', 'GERD', 'Take medicines after meals', 'Active');
INSERT INTO PrescriptionItem (PrescriptionID, MedicineID, Dosage, Frequency, Duration, Quantity) VALUES (151, 3, '10mg', 'Thrice daily', '5 days', 12);
INSERT INTO PrescriptionItem (PrescriptionID, MedicineID, Dosage, Frequency, Duration, Quantity) VALUES (151, 10, '400mg', 'Twice daily', '3 days', 6);
INSERT INTO BillPayment (VisitID, BillDate, BillTime, ConsultationFee, MedicineCost, LabTestCost, OtherCharges, SubTotal, DiscountAmount, TaxAmount, TotalAmount, PaymentMethod, PaymentStatus, PaidAmount, BalanceAmount, BilledBy) VALUES (151, '2025-09-12', '14:30:00', 50, 199.94, 0.00, 0.00, 249.94, 0.0, 0.0, 249.94, 'Cash', 'Paid', 249.94, 0.00, 2);
INSERT INTO Appointment (MemberID, DoctorID, AppointmentDate, AppointmentTime, Symptoms, Status, Priority, TokenNumber) VALUES (140, 5, '2025-10-03', '14:45:00', 'Cold and cough', 'Completed', 'Normal', 262);
INSERT INTO Visit (MemberID, DoctorID, AppointmentID, VisitDate, VisitTime, ChiefComplaint, Diagnosis, VitalSigns, TreatmentNotes, FollowUpRequired, FollowUpDate, VisitType, Status) VALUES (140, 5, 290, '2025-10-03', '15:10:00', 'Cold and cough', 'Acute diarrhea', '{"bp":"119/79","temp":98.6}', 'Advised rest, medication prescribed', FALSE, NULL, 'Scheduled', 'Completed');
INSERT INTO Prescription (VisitID, MemberID, DoctorID, IssueDate, ValidUntil, Diagnosis, SpecialInstructions, Status) VALUES (152, 140, 5, '2025-10-03', '2025-10-13', 'Acute diarrhea', 'Take medicines after meals', 'Active');
INSERT INTO PrescriptionItem (PrescriptionID, MedicineID, Dosage, Frequency, Duration, Quantity) VALUES (152, 25, '5mg', 'Twice daily', '10 days', 10);
INSERT INTO PrescriptionItem (PrescriptionID, MedicineID, Dosage, Frequency, Duration, Quantity) VALUES (152, 32, '400mg', 'As needed', '7 days', 13);
INSERT INTO PrescriptionItem (PrescriptionID, MedicineID, Dosage, Frequency, Duration, Quantity) VALUES (152, 10, '5mg', 'Twice daily', '3 days', 5);
INSERT INTO BillPayment (VisitID, BillDate, BillTime, ConsultationFee, MedicineCost, LabTestCost, OtherCharges, SubTotal, DiscountAmount, TaxAmount, TotalAmount, PaymentMethod, PaymentStatus, PaidAmount, BalanceAmount, BilledBy) VALUES (152, '2025-10-03', '14:30:00', 100, 256.87, 0.00, 0.00, 356.87, 0.0, 0.0, 356.87, 'UPI', 'Paid', 356.87, 0.00, 2);
INSERT INTO Appointment (MemberID, DoctorID, AppointmentDate, AppointmentTime, Symptoms, Status, Priority, TokenNumber) VALUES (141, 14, '2026-03-27', '12:15:00', 'Muscle cramps', 'Scheduled', 'Normal', 127);
INSERT INTO Appointment (MemberID, DoctorID, AppointmentDate, AppointmentTime, Symptoms, Status, Priority, TokenNumber) VALUES (141, 48, '2026-02-13', '11:15:00', 'Acid reflux', 'Completed', 'Normal', 265);
INSERT INTO Visit (MemberID, DoctorID, AppointmentID, VisitDate, VisitTime, ChiefComplaint, Diagnosis, VitalSigns, TreatmentNotes, FollowUpRequired, FollowUpDate, VisitType, Status) VALUES (141, 48, 292, '2026-02-13', '13:05:00', 'Acid reflux', 'Viral fever', '{"bp":"110/72","temp":99.9}', 'Advised rest, medication prescribed', TRUE, '2026-04-17', 'Scheduled', 'Completed');
INSERT INTO Prescription (VisitID, MemberID, DoctorID, IssueDate, ValidUntil, Diagnosis, SpecialInstructions, Status) VALUES (153, 141, 48, '2026-02-13', '2026-02-23', 'Viral fever', 'Take medicines after meals', 'Active');
INSERT INTO PrescriptionItem (PrescriptionID, MedicineID, Dosage, Frequency, Duration, Quantity) VALUES (153, 17, '250mg', 'As needed', '7 days', 3);
INSERT INTO PrescriptionItem (PrescriptionID, MedicineID, Dosage, Frequency, Duration, Quantity) VALUES (153, 32, '20mg', 'Twice daily', '10 days', 9);
INSERT INTO PrescriptionItem (PrescriptionID, MedicineID, Dosage, Frequency, Duration, Quantity) VALUES (153, 11, '20mg', 'Once daily', '10 days', 5);
INSERT INTO BillPayment (VisitID, BillDate, BillTime, ConsultationFee, MedicineCost, LabTestCost, OtherCharges, SubTotal, DiscountAmount, TaxAmount, TotalAmount, PaymentMethod, PaymentStatus, PaidAmount, BalanceAmount, BilledBy) VALUES (153, '2026-02-13', '16:30:00', 50, 271.96, 0.00, 0.00, 321.96, 0.0, 0.0, 321.96, 'Free', 'Paid', 321.96, 0.00, 2);
INSERT INTO Appointment (MemberID, DoctorID, AppointmentDate, AppointmentTime, Symptoms, Status, Priority, TokenNumber) VALUES (142, 17, '2026-05-04', '13:45:00', 'Body pain', 'Scheduled', 'Normal', 246);
INSERT INTO Appointment (MemberID, DoctorID, AppointmentDate, AppointmentTime, Symptoms, Status, Priority, TokenNumber) VALUES (142, 3, '2025-05-05', '10:45:00', 'Skin rash', 'Completed', 'Urgent', 241);
INSERT INTO Visit (MemberID, DoctorID, AppointmentID, VisitDate, VisitTime, ChiefComplaint, Diagnosis, VitalSigns, TreatmentNotes, FollowUpRequired, FollowUpDate, VisitType, Status) VALUES (142, 3, 294, '2025-05-05', '10:35:00', 'Skin rash', 'Vertigo', '{"bp":"132/84","temp":102.3}', 'Advised rest, medication prescribed', TRUE, '2026-03-30', 'Scheduled', 'Completed');
INSERT INTO Prescription (VisitID, MemberID, DoctorID, IssueDate, ValidUntil, Diagnosis, SpecialInstructions, Status) VALUES (154, 142, 3, '2025-05-05', '2025-05-15', 'Vertigo', 'Take medicines after meals', 'Active');
INSERT INTO PrescriptionItem (PrescriptionID, MedicineID, Dosage, Frequency, Duration, Quantity) VALUES (154, 12, '400mg', 'Twice daily', '5 days', 10);
INSERT INTO PrescriptionItem (PrescriptionID, MedicineID, Dosage, Frequency, Duration, Quantity) VALUES (154, 5, '400mg', 'Twice daily', '5 days', 3);
INSERT INTO PrescriptionItem (PrescriptionID, MedicineID, Dosage, Frequency, Duration, Quantity) VALUES (154, 30, '10mg', 'Twice daily', '5 days', 5);
INSERT INTO BillPayment (VisitID, BillDate, BillTime, ConsultationFee, MedicineCost, LabTestCost, OtherCharges, SubTotal, DiscountAmount, TaxAmount, TotalAmount, PaymentMethod, PaymentStatus, PaidAmount, BalanceAmount, BilledBy) VALUES (154, '2025-05-05', '15:15:00', 200, 287.45, 0.00, 0.00, 487.45, 0.0, 0.0, 487.45, 'UPI', 'Paid', 487.45, 0.00, 2);
INSERT INTO Appointment (MemberID, DoctorID, AppointmentDate, AppointmentTime, Symptoms, Status, Priority, TokenNumber) VALUES (143, 7, '2026-04-29', '10:30:00', 'Dizziness', 'Scheduled', 'Normal', 136);
INSERT INTO Appointment (MemberID, DoctorID, AppointmentDate, AppointmentTime, Symptoms, Status, Priority, TokenNumber) VALUES (143, 16, '2026-04-29', '14:15:00', 'Anxiety', 'Scheduled', 'Urgent', 238);
INSERT INTO Appointment (MemberID, DoctorID, AppointmentDate, AppointmentTime, Symptoms, Status, Priority, TokenNumber) VALUES (144, 14, '2025-10-11', '13:45:00', 'Sore throat', 'Completed', 'Normal', 265);
INSERT INTO Visit (MemberID, DoctorID, AppointmentID, VisitDate, VisitTime, ChiefComplaint, Diagnosis, VitalSigns, TreatmentNotes, FollowUpRequired, FollowUpDate, VisitType, Status) VALUES (144, 14, 297, '2025-10-11', '16:10:00', 'Sore throat', 'Otitis media', '{"bp":"119/77","temp":102.2}', 'Advised rest, medication prescribed', TRUE, '2026-04-06', 'Scheduled', 'Completed');
INSERT INTO Prescription (VisitID, MemberID, DoctorID, IssueDate, ValidUntil, Diagnosis, SpecialInstructions, Status) VALUES (155, 144, 14, '2025-10-11', '2025-10-21', 'Otitis media', 'Take medicines after meals', 'Active');
INSERT INTO PrescriptionItem (PrescriptionID, MedicineID, Dosage, Frequency, Duration, Quantity) VALUES (155, 17, '250mg', 'As needed', '10 days', 3);
INSERT INTO PrescriptionItem (PrescriptionID, MedicineID, Dosage, Frequency, Duration, Quantity) VALUES (155, 32, '250mg', 'Twice daily', '10 days', 4);
INSERT INTO PrescriptionItem (PrescriptionID, MedicineID, Dosage, Frequency, Duration, Quantity) VALUES (155, 8, '250mg', 'Once daily', '7 days', 6);
INSERT INTO BillPayment (VisitID, BillDate, BillTime, ConsultationFee, MedicineCost, LabTestCost, OtherCharges, SubTotal, DiscountAmount, TaxAmount, TotalAmount, PaymentMethod, PaymentStatus, PaidAmount, BalanceAmount, BilledBy) VALUES (155, '2025-10-11', '10:15:00', 200, 151.18, 0.00, 0.00, 351.18, 0.0, 0.0, 351.18, 'Free', 'Paid', 351.18, 0.00, 2);
INSERT INTO Appointment (MemberID, DoctorID, AppointmentDate, AppointmentTime, Symptoms, Status, Priority, TokenNumber) VALUES (144, 32, '2026-04-29', '11:15:00', 'Body pain', 'Scheduled', 'Normal', 272);
INSERT INTO Appointment (MemberID, DoctorID, AppointmentDate, AppointmentTime, Symptoms, Status, Priority, TokenNumber) VALUES (145, 49, '2026-04-05', '14:45:00', 'Joint pain', 'Scheduled', 'Normal', 113);
INSERT INTO Appointment (MemberID, DoctorID, AppointmentDate, AppointmentTime, Symptoms, Status, Priority, TokenNumber) VALUES (145, 36, '2026-02-26', '09:30:00', 'Insomnia', 'Completed', 'Normal', 275);
INSERT INTO Visit (MemberID, DoctorID, AppointmentID, VisitDate, VisitTime, ChiefComplaint, Diagnosis, VitalSigns, TreatmentNotes, FollowUpRequired, FollowUpDate, VisitType, Status) VALUES (145, 36, 300, '2026-02-26', '16:20:00', 'Insomnia', 'Otitis media', '{"bp":"132/81","temp":100.7}', 'Advised rest, medication prescribed', FALSE, NULL, 'Scheduled', 'Completed');
INSERT INTO Prescription (VisitID, MemberID, DoctorID, IssueDate, ValidUntil, Diagnosis, SpecialInstructions, Status) VALUES (156, 145, 36, '2026-02-26', '2026-03-08', 'Otitis media', 'Take medicines after meals', 'Active');
INSERT INTO PrescriptionItem (PrescriptionID, MedicineID, Dosage, Frequency, Duration, Quantity) VALUES (156, 12, '5mg', 'Once daily', '3 days', 6);
INSERT INTO PrescriptionItem (PrescriptionID, MedicineID, Dosage, Frequency, Duration, Quantity) VALUES (156, 16, '500mg', 'Thrice daily', '7 days', 6);
INSERT INTO PrescriptionItem (PrescriptionID, MedicineID, Dosage, Frequency, Duration, Quantity) VALUES (156, 35, '5mg', 'Once daily', '7 days', 4);
INSERT INTO BillPayment (VisitID, BillDate, BillTime, ConsultationFee, MedicineCost, LabTestCost, OtherCharges, SubTotal, DiscountAmount, TaxAmount, TotalAmount, PaymentMethod, PaymentStatus, PaidAmount, BalanceAmount, BilledBy) VALUES (156, '2026-02-26', '12:00:00', 150, 38.59, 0.00, 0.00, 188.59, 0.0, 0.0, 188.59, 'UPI', 'Paid', 188.59, 0.00, 2);
INSERT INTO Appointment (MemberID, DoctorID, AppointmentDate, AppointmentTime, Symptoms, Status, Priority, TokenNumber) VALUES (146, 2, '2026-06-09', '11:30:00', 'Vomiting', 'Scheduled', 'Normal', 177);
INSERT INTO Appointment (MemberID, DoctorID, AppointmentDate, AppointmentTime, Symptoms, Status, Priority, TokenNumber) VALUES (146, 13, '2025-04-17', '12:00:00', 'Acid reflux', 'Completed', 'Urgent', 101);
INSERT INTO Visit (MemberID, DoctorID, AppointmentID, VisitDate, VisitTime, ChiefComplaint, Diagnosis, VitalSigns, TreatmentNotes, FollowUpRequired, FollowUpDate, VisitType, Status) VALUES (146, 13, 302, '2025-04-17', '15:35:00', 'Acid reflux', 'Generalised anxiety disorder', '{"bp":"128/85","temp":97.5}', 'Advised rest, medication prescribed', TRUE, '2026-04-15', 'Scheduled', 'Completed');
INSERT INTO Prescription (VisitID, MemberID, DoctorID, IssueDate, ValidUntil, Diagnosis, SpecialInstructions, Status) VALUES (157, 146, 13, '2025-04-17', '2025-04-27', 'Generalised anxiety disorder', 'Take medicines after meals', 'Active');
INSERT INTO PrescriptionItem (PrescriptionID, MedicineID, Dosage, Frequency, Duration, Quantity) VALUES (157, 10, '500mg', 'Twice daily', '5 days', 4);
INSERT INTO PrescriptionItem (PrescriptionID, MedicineID, Dosage, Frequency, Duration, Quantity) VALUES (157, 26, '250mg', 'Twice daily', '3 days', 13);
INSERT INTO BillPayment (VisitID, BillDate, BillTime, ConsultationFee, MedicineCost, LabTestCost, OtherCharges, SubTotal, DiscountAmount, TaxAmount, TotalAmount, PaymentMethod, PaymentStatus, PaidAmount, BalanceAmount, BilledBy) VALUES (157, '2025-04-17', '09:00:00', 150, 134.83, 0.00, 0.00, 284.83, 0.0, 0.0, 284.83, 'UPI', 'Paid', 284.83, 0.00, 2);
INSERT INTO Appointment (MemberID, DoctorID, AppointmentDate, AppointmentTime, Symptoms, Status, Priority, TokenNumber) VALUES (147, 39, '2026-06-13', '10:00:00', 'Sore throat', 'Scheduled', 'Normal', 126);
INSERT INTO Appointment (MemberID, DoctorID, AppointmentDate, AppointmentTime, Symptoms, Status, Priority, TokenNumber) VALUES (147, 9, '2026-03-24', '10:00:00', 'Ear pain', 'Scheduled', 'Normal', 187);
INSERT INTO Appointment (MemberID, DoctorID, AppointmentDate, AppointmentTime, Symptoms, Status, Priority, TokenNumber) VALUES (148, 43, '2026-05-25', '16:15:00', 'Nausea', 'Scheduled', 'Urgent', 291);
INSERT INTO Appointment (MemberID, DoctorID, AppointmentDate, AppointmentTime, Symptoms, Status, Priority, TokenNumber) VALUES (148, 47, '2025-10-18', '12:45:00', 'Skin rash', 'Completed', 'Normal', 237);
INSERT INTO Visit (MemberID, DoctorID, AppointmentID, VisitDate, VisitTime, ChiefComplaint, Diagnosis, VitalSigns, TreatmentNotes, FollowUpRequired, FollowUpDate, VisitType, Status) VALUES (148, 47, 306, '2025-10-18', '11:35:00', 'Skin rash', 'Viral fever', '{"bp":"131/79","temp":101.3}', 'Advised rest, medication prescribed', FALSE, NULL, 'Scheduled', 'Completed');
INSERT INTO Prescription (VisitID, MemberID, DoctorID, IssueDate, ValidUntil, Diagnosis, SpecialInstructions, Status) VALUES (158, 148, 47, '2025-10-18', '2025-10-28', 'Viral fever', 'Take medicines after meals', 'Active');
INSERT INTO PrescriptionItem (PrescriptionID, MedicineID, Dosage, Frequency, Duration, Quantity) VALUES (158, 10, '250mg', 'Once daily', '3 days', 7);
INSERT INTO PrescriptionItem (PrescriptionID, MedicineID, Dosage, Frequency, Duration, Quantity) VALUES (158, 19, '500mg', 'As needed', '5 days', 8);
INSERT INTO BillPayment (VisitID, BillDate, BillTime, ConsultationFee, MedicineCost, LabTestCost, OtherCharges, SubTotal, DiscountAmount, TaxAmount, TotalAmount, PaymentMethod, PaymentStatus, PaidAmount, BalanceAmount, BilledBy) VALUES (158, '2025-10-18', '11:15:00', 0, 181.4, 0.00, 0.00, 181.4, 0.0, 0.0, 181.4, 'Card', 'Paid', 181.4, 0.00, 2);
INSERT INTO Appointment (MemberID, DoctorID, AppointmentDate, AppointmentTime, Symptoms, Status, Priority, TokenNumber) VALUES (149, 39, '2026-01-11', '09:15:00', 'Muscle cramps', 'Completed', 'Urgent', 189);
INSERT INTO Visit (MemberID, DoctorID, AppointmentID, VisitDate, VisitTime, ChiefComplaint, Diagnosis, VitalSigns, TreatmentNotes, FollowUpRequired, FollowUpDate, VisitType, Status) VALUES (149, 39, 307, '2026-01-11', '15:05:00', 'Muscle cramps', 'Vitamin D deficiency', '{"bp":"133/90","temp":97.0}', 'Advised rest, medication prescribed', FALSE, NULL, 'Scheduled', 'Completed');
INSERT INTO Prescription (VisitID, MemberID, DoctorID, IssueDate, ValidUntil, Diagnosis, SpecialInstructions, Status) VALUES (159, 149, 39, '2026-01-11', '2026-01-21', 'Vitamin D deficiency', 'Take medicines after meals', 'Active');
INSERT INTO PrescriptionItem (PrescriptionID, MedicineID, Dosage, Frequency, Duration, Quantity) VALUES (159, 23, '400mg', 'As needed', '3 days', 15);
INSERT INTO PrescriptionItem (PrescriptionID, MedicineID, Dosage, Frequency, Duration, Quantity) VALUES (159, 9, '500mg', 'Twice daily', '10 days', 4);
INSERT INTO BillPayment (VisitID, BillDate, BillTime, ConsultationFee, MedicineCost, LabTestCost, OtherCharges, SubTotal, DiscountAmount, TaxAmount, TotalAmount, PaymentMethod, PaymentStatus, PaidAmount, BalanceAmount, BilledBy) VALUES (159, '2026-01-11', '14:30:00', 50, 97.13, 0.00, 0.00, 147.13, 0.0, 0.0, 147.13, 'Free', 'Paid', 147.13, 0.00, 2);
INSERT INTO Appointment (MemberID, DoctorID, AppointmentDate, AppointmentTime, Symptoms, Status, Priority, TokenNumber) VALUES (149, 35, '2025-10-11', '11:15:00', 'Fever', 'Completed', 'Normal', 119);
INSERT INTO Visit (MemberID, DoctorID, AppointmentID, VisitDate, VisitTime, ChiefComplaint, Diagnosis, VitalSigns, TreatmentNotes, FollowUpRequired, FollowUpDate, VisitType, Status) VALUES (149, 35, 308, '2025-10-11', '11:05:00', 'Fever', 'Vitamin D deficiency', '{"bp":"139/71","temp":99.3}', 'Advised rest, medication prescribed', TRUE, '2026-04-09', 'Scheduled', 'Completed');
INSERT INTO Prescription (VisitID, MemberID, DoctorID, IssueDate, ValidUntil, Diagnosis, SpecialInstructions, Status) VALUES (160, 149, 35, '2025-10-11', '2025-10-21', 'Vitamin D deficiency', 'Take medicines after meals', 'Active');
INSERT INTO PrescriptionItem (PrescriptionID, MedicineID, Dosage, Frequency, Duration, Quantity) VALUES (160, 11, '20mg', 'As needed', '7 days', 3);
INSERT INTO PrescriptionItem (PrescriptionID, MedicineID, Dosage, Frequency, Duration, Quantity) VALUES (160, 31, '250mg', 'Once daily', '10 days', 14);
INSERT INTO PrescriptionItem (PrescriptionID, MedicineID, Dosage, Frequency, Duration, Quantity) VALUES (160, 15, '400mg', 'Once daily', '10 days', 9);
INSERT INTO BillPayment (VisitID, BillDate, BillTime, ConsultationFee, MedicineCost, LabTestCost, OtherCharges, SubTotal, DiscountAmount, TaxAmount, TotalAmount, PaymentMethod, PaymentStatus, PaidAmount, BalanceAmount, BilledBy) VALUES (160, '2025-10-11', '11:15:00', 200, 26.27, 0.00, 0.00, 226.27, 0.0, 0.0, 226.27, 'UPI', 'Paid', 226.27, 0.00, 2);
INSERT INTO Appointment (MemberID, DoctorID, AppointmentDate, AppointmentTime, Symptoms, Status, Priority, TokenNumber) VALUES (150, 19, '2026-01-22', '14:30:00', 'Back pain', 'Completed', 'Emergency', 140);
INSERT INTO Visit (MemberID, DoctorID, AppointmentID, VisitDate, VisitTime, ChiefComplaint, Diagnosis, VitalSigns, TreatmentNotes, FollowUpRequired, FollowUpDate, VisitType, Status) VALUES (150, 19, 309, '2026-01-22', '09:10:00', 'Back pain', 'Viral gastroenteritis', '{"bp":"137/79","temp":97.2}', 'Advised rest, medication prescribed', FALSE, NULL, 'Scheduled', 'Completed');
INSERT INTO Prescription (VisitID, MemberID, DoctorID, IssueDate, ValidUntil, Diagnosis, SpecialInstructions, Status) VALUES (161, 150, 19, '2026-01-22', '2026-02-01', 'Viral gastroenteritis', 'Take medicines after meals', 'Active');
INSERT INTO PrescriptionItem (PrescriptionID, MedicineID, Dosage, Frequency, Duration, Quantity) VALUES (161, 8, '20mg', 'Thrice daily', '10 days', 10);
INSERT INTO PrescriptionItem (PrescriptionID, MedicineID, Dosage, Frequency, Duration, Quantity) VALUES (161, 2, '20mg', 'As needed', '7 days', 9);
INSERT INTO BillPayment (VisitID, BillDate, BillTime, ConsultationFee, MedicineCost, LabTestCost, OtherCharges, SubTotal, DiscountAmount, TaxAmount, TotalAmount, PaymentMethod, PaymentStatus, PaidAmount, BalanceAmount, BilledBy) VALUES (161, '2026-01-22', '16:30:00', 100, 194.41, 0.00, 0.00, 294.41, 0.0, 0.0, 294.41, 'Card', 'Paid', 294.41, 0.00, 2);
INSERT INTO Appointment (MemberID, DoctorID, AppointmentDate, AppointmentTime, Symptoms, Status, Priority, TokenNumber) VALUES (150, 24, '2025-12-19', '12:30:00', 'Allergic reaction', 'Completed', 'Urgent', 135);
INSERT INTO Visit (MemberID, DoctorID, AppointmentID, VisitDate, VisitTime, ChiefComplaint, Diagnosis, VitalSigns, TreatmentNotes, FollowUpRequired, FollowUpDate, VisitType, Status) VALUES (150, 24, 310, '2025-12-19', '16:35:00', 'Allergic reaction', 'Lumbar spondylosis', '{"bp":"127/71","temp":101.2}', 'Advised rest, medication prescribed', TRUE, '2026-03-26', 'Scheduled', 'Completed');
INSERT INTO Prescription (VisitID, MemberID, DoctorID, IssueDate, ValidUntil, Diagnosis, SpecialInstructions, Status) VALUES (162, 150, 24, '2025-12-19', '2025-12-29', 'Lumbar spondylosis', 'Take medicines after meals', 'Active');
INSERT INTO PrescriptionItem (PrescriptionID, MedicineID, Dosage, Frequency, Duration, Quantity) VALUES (162, 3, '500mg', 'As needed', '5 days', 4);
INSERT INTO PrescriptionItem (PrescriptionID, MedicineID, Dosage, Frequency, Duration, Quantity) VALUES (162, 14, '5mg', 'As needed', '7 days', 15);
INSERT INTO BillPayment (VisitID, BillDate, BillTime, ConsultationFee, MedicineCost, LabTestCost, OtherCharges, SubTotal, DiscountAmount, TaxAmount, TotalAmount, PaymentMethod, PaymentStatus, PaidAmount, BalanceAmount, BilledBy) VALUES (162, '2025-12-19', '17:00:00', 0, 156.92, 0.00, 0.00, 156.92, 0.0, 0.0, 156.92, 'Free', 'Paid', 156.92, 0.00, 2);
INSERT INTO Appointment (MemberID, DoctorID, AppointmentDate, AppointmentTime, Symptoms, Status, Priority, TokenNumber) VALUES (151, 35, '2026-01-27', '14:45:00', 'Sore throat', 'Completed', 'Normal', 107);
INSERT INTO Visit (MemberID, DoctorID, AppointmentID, VisitDate, VisitTime, ChiefComplaint, Diagnosis, VitalSigns, TreatmentNotes, FollowUpRequired, FollowUpDate, VisitType, Status) VALUES (151, 35, 311, '2026-01-27', '10:20:00', 'Sore throat', 'Vitamin D deficiency', '{"bp":"124/72","temp":98.1}', 'Advised rest, medication prescribed', FALSE, NULL, 'Scheduled', 'Completed');
INSERT INTO Prescription (VisitID, MemberID, DoctorID, IssueDate, ValidUntil, Diagnosis, SpecialInstructions, Status) VALUES (163, 151, 35, '2026-01-27', '2026-02-06', 'Vitamin D deficiency', 'Take medicines after meals', 'Active');
INSERT INTO PrescriptionItem (PrescriptionID, MedicineID, Dosage, Frequency, Duration, Quantity) VALUES (163, 27, '500mg', 'Twice daily', '3 days', 10);
INSERT INTO PrescriptionItem (PrescriptionID, MedicineID, Dosage, Frequency, Duration, Quantity) VALUES (163, 29, '400mg', 'Twice daily', '7 days', 4);
INSERT INTO BillPayment (VisitID, BillDate, BillTime, ConsultationFee, MedicineCost, LabTestCost, OtherCharges, SubTotal, DiscountAmount, TaxAmount, TotalAmount, PaymentMethod, PaymentStatus, PaidAmount, BalanceAmount, BilledBy) VALUES (163, '2026-01-27', '14:30:00', 0, 247.64, 0.00, 0.00, 247.64, 0.0, 0.0, 247.64, 'Card', 'Paid', 247.64, 0.00, 2);
INSERT INTO Appointment (MemberID, DoctorID, AppointmentDate, AppointmentTime, Symptoms, Status, Priority, TokenNumber) VALUES (151, 32, '2025-08-24', '11:00:00', 'Muscle cramps', 'Completed', 'Normal', 104);
INSERT INTO Visit (MemberID, DoctorID, AppointmentID, VisitDate, VisitTime, ChiefComplaint, Diagnosis, VitalSigns, TreatmentNotes, FollowUpRequired, FollowUpDate, VisitType, Status) VALUES (151, 32, 312, '2025-08-24', '15:10:00', 'Muscle cramps', 'Generalised anxiety disorder', '{"bp":"137/86","temp":100.7}', 'Advised rest, medication prescribed', FALSE, NULL, 'Scheduled', 'Completed');
INSERT INTO Prescription (VisitID, MemberID, DoctorID, IssueDate, ValidUntil, Diagnosis, SpecialInstructions, Status) VALUES (164, 151, 32, '2025-08-24', '2025-09-03', 'Generalised anxiety disorder', 'Take medicines after meals', 'Active');
INSERT INTO PrescriptionItem (PrescriptionID, MedicineID, Dosage, Frequency, Duration, Quantity) VALUES (164, 28, '500mg', 'Twice daily', '3 days', 11);
INSERT INTO PrescriptionItem (PrescriptionID, MedicineID, Dosage, Frequency, Duration, Quantity) VALUES (164, 17, '500mg', 'Thrice daily', '5 days', 13);
INSERT INTO PrescriptionItem (PrescriptionID, MedicineID, Dosage, Frequency, Duration, Quantity) VALUES (164, 32, '250mg', 'As needed', '5 days', 15);
INSERT INTO BillPayment (VisitID, BillDate, BillTime, ConsultationFee, MedicineCost, LabTestCost, OtherCharges, SubTotal, DiscountAmount, TaxAmount, TotalAmount, PaymentMethod, PaymentStatus, PaidAmount, BalanceAmount, BilledBy) VALUES (164, '2025-08-24', '15:45:00', 150, 278.15, 0.00, 0.00, 428.15, 0.0, 0.0, 428.15, 'Free', 'Paid', 428.15, 0.00, 2);
INSERT INTO Appointment (MemberID, DoctorID, AppointmentDate, AppointmentTime, Symptoms, Status, Priority, TokenNumber) VALUES (152, 53, '2025-09-18', '10:15:00', 'Body pain', 'Completed', 'Normal', 221);
INSERT INTO Visit (MemberID, DoctorID, AppointmentID, VisitDate, VisitTime, ChiefComplaint, Diagnosis, VitalSigns, TreatmentNotes, FollowUpRequired, FollowUpDate, VisitType, Status) VALUES (152, 53, 313, '2025-09-18', '09:05:00', 'Body pain', 'Viral fever', '{"bp":"122/83","temp":99.3}', 'Advised rest, medication prescribed', FALSE, NULL, 'Scheduled', 'Completed');
INSERT INTO Prescription (VisitID, MemberID, DoctorID, IssueDate, ValidUntil, Diagnosis, SpecialInstructions, Status) VALUES (165, 152, 53, '2025-09-18', '2025-09-28', 'Viral fever', 'Take medicines after meals', 'Active');
INSERT INTO PrescriptionItem (PrescriptionID, MedicineID, Dosage, Frequency, Duration, Quantity) VALUES (165, 22, '500mg', 'Once daily', '10 days', 12);
INSERT INTO PrescriptionItem (PrescriptionID, MedicineID, Dosage, Frequency, Duration, Quantity) VALUES (165, 2, '5mg', 'As needed', '3 days', 7);
INSERT INTO PrescriptionItem (PrescriptionID, MedicineID, Dosage, Frequency, Duration, Quantity) VALUES (165, 5, '500mg', 'Once daily', '7 days', 12);
INSERT INTO BillPayment (VisitID, BillDate, BillTime, ConsultationFee, MedicineCost, LabTestCost, OtherCharges, SubTotal, DiscountAmount, TaxAmount, TotalAmount, PaymentMethod, PaymentStatus, PaidAmount, BalanceAmount, BilledBy) VALUES (165, '2025-09-18', '13:00:00', 50, 172.29, 0.00, 0.00, 222.29, 0.0, 0.0, 222.29, 'Cash', 'Paid', 222.29, 0.00, 2);
INSERT INTO Appointment (MemberID, DoctorID, AppointmentDate, AppointmentTime, Symptoms, Status, Priority, TokenNumber) VALUES (152, 21, '2025-03-20', '10:30:00', 'Stomach ache', 'Completed', 'Normal', 256);
INSERT INTO Visit (MemberID, DoctorID, AppointmentID, VisitDate, VisitTime, ChiefComplaint, Diagnosis, VitalSigns, TreatmentNotes, FollowUpRequired, FollowUpDate, VisitType, Status) VALUES (152, 21, 314, '2025-03-20', '09:20:00', 'Stomach ache', 'GERD', '{"bp":"129/85","temp":102.1}', 'Advised rest, medication prescribed', FALSE, NULL, 'Scheduled', 'Completed');
INSERT INTO Prescription (VisitID, MemberID, DoctorID, IssueDate, ValidUntil, Diagnosis, SpecialInstructions, Status) VALUES (166, 152, 21, '2025-03-20', '2025-03-30', 'GERD', 'Take medicines after meals', 'Active');
INSERT INTO PrescriptionItem (PrescriptionID, MedicineID, Dosage, Frequency, Duration, Quantity) VALUES (166, 34, '400mg', 'Once daily', '5 days', 10);
INSERT INTO PrescriptionItem (PrescriptionID, MedicineID, Dosage, Frequency, Duration, Quantity) VALUES (166, 32, '20mg', 'As needed', '3 days', 9);
INSERT INTO PrescriptionItem (PrescriptionID, MedicineID, Dosage, Frequency, Duration, Quantity) VALUES (166, 15, '5mg', 'Thrice daily', '3 days', 9);
INSERT INTO BillPayment (VisitID, BillDate, BillTime, ConsultationFee, MedicineCost, LabTestCost, OtherCharges, SubTotal, DiscountAmount, TaxAmount, TotalAmount, PaymentMethod, PaymentStatus, PaidAmount, BalanceAmount, BilledBy) VALUES (166, '2025-03-20', '12:45:00', 150, 287.53, 0.00, 0.00, 437.53, 0.0, 0.0, 437.53, 'UPI', 'Paid', 437.53, 0.00, 2);
INSERT INTO Appointment (MemberID, DoctorID, AppointmentDate, AppointmentTime, Symptoms, Status, Priority, TokenNumber) VALUES (153, 19, '2026-05-20', '16:30:00', 'Dizziness', 'Scheduled', 'Normal', 144);
INSERT INTO Appointment (MemberID, DoctorID, AppointmentDate, AppointmentTime, Symptoms, Status, Priority, TokenNumber) VALUES (153, 49, '2025-12-14', '12:30:00', 'Anxiety', 'Completed', 'Normal', 129);
INSERT INTO Visit (MemberID, DoctorID, AppointmentID, VisitDate, VisitTime, ChiefComplaint, Diagnosis, VitalSigns, TreatmentNotes, FollowUpRequired, FollowUpDate, VisitType, Status) VALUES (153, 49, 316, '2025-12-14', '16:05:00', 'Anxiety', 'GERD', '{"bp":"115/83","temp":101.7}', 'Advised rest, medication prescribed', TRUE, '2026-04-02', 'Scheduled', 'Completed');
INSERT INTO Prescription (VisitID, MemberID, DoctorID, IssueDate, ValidUntil, Diagnosis, SpecialInstructions, Status) VALUES (167, 153, 49, '2025-12-14', '2025-12-24', 'GERD', 'Take medicines after meals', 'Active');
INSERT INTO PrescriptionItem (PrescriptionID, MedicineID, Dosage, Frequency, Duration, Quantity) VALUES (167, 2, '5mg', 'Once daily', '10 days', 11);
INSERT INTO PrescriptionItem (PrescriptionID, MedicineID, Dosage, Frequency, Duration, Quantity) VALUES (167, 14, '250mg', 'Once daily', '3 days', 9);
INSERT INTO BillPayment (VisitID, BillDate, BillTime, ConsultationFee, MedicineCost, LabTestCost, OtherCharges, SubTotal, DiscountAmount, TaxAmount, TotalAmount, PaymentMethod, PaymentStatus, PaidAmount, BalanceAmount, BilledBy) VALUES (167, '2025-12-14', '13:00:00', 0, 255.49, 0.00, 0.00, 255.49, 0.0, 0.0, 255.49, 'Cash', 'Paid', 255.49, 0.00, 2);
INSERT INTO Appointment (MemberID, DoctorID, AppointmentDate, AppointmentTime, Symptoms, Status, Priority, TokenNumber) VALUES (154, 55, '2026-05-27', '10:15:00', 'Shortness of breath', 'Scheduled', 'Normal', 292);
INSERT INTO Appointment (MemberID, DoctorID, AppointmentDate, AppointmentTime, Symptoms, Status, Priority, TokenNumber) VALUES (154, 40, '2025-05-17', '16:15:00', 'Sore throat', 'Completed', 'Normal', 213);
INSERT INTO Visit (MemberID, DoctorID, AppointmentID, VisitDate, VisitTime, ChiefComplaint, Diagnosis, VitalSigns, TreatmentNotes, FollowUpRequired, FollowUpDate, VisitType, Status) VALUES (154, 40, 318, '2025-05-17', '13:05:00', 'Sore throat', 'Viral fever', '{"bp":"137/72","temp":102.3}', 'Advised rest, medication prescribed', FALSE, NULL, 'Scheduled', 'Completed');
INSERT INTO Prescription (VisitID, MemberID, DoctorID, IssueDate, ValidUntil, Diagnosis, SpecialInstructions, Status) VALUES (168, 154, 40, '2025-05-17', '2025-05-27', 'Viral fever', 'Take medicines after meals', 'Active');
INSERT INTO PrescriptionItem (PrescriptionID, MedicineID, Dosage, Frequency, Duration, Quantity) VALUES (168, 17, '250mg', 'Twice daily', '3 days', 10);
INSERT INTO PrescriptionItem (PrescriptionID, MedicineID, Dosage, Frequency, Duration, Quantity) VALUES (168, 20, '10mg', 'Twice daily', '10 days', 11);
INSERT INTO PrescriptionItem (PrescriptionID, MedicineID, Dosage, Frequency, Duration, Quantity) VALUES (168, 35, '10mg', 'As needed', '3 days', 11);
INSERT INTO BillPayment (VisitID, BillDate, BillTime, ConsultationFee, MedicineCost, LabTestCost, OtherCharges, SubTotal, DiscountAmount, TaxAmount, TotalAmount, PaymentMethod, PaymentStatus, PaidAmount, BalanceAmount, BilledBy) VALUES (168, '2025-05-17', '13:00:00', 50, 37.28, 0.00, 0.00, 87.28, 0.0, 0.0, 87.28, 'Cash', 'Paid', 87.28, 0.00, 2);
INSERT INTO Appointment (MemberID, DoctorID, AppointmentDate, AppointmentTime, Symptoms, Status, Priority, TokenNumber) VALUES (155, 27, '2025-07-18', '10:15:00', 'Nausea', 'Completed', 'Normal', 121);
INSERT INTO Visit (MemberID, DoctorID, AppointmentID, VisitDate, VisitTime, ChiefComplaint, Diagnosis, VitalSigns, TreatmentNotes, FollowUpRequired, FollowUpDate, VisitType, Status) VALUES (155, 27, 319, '2025-07-18', '15:05:00', 'Nausea', 'Knee arthritis', '{"bp":"131/72","temp":102.1}', 'Advised rest, medication prescribed', FALSE, NULL, 'Scheduled', 'Completed');
INSERT INTO Prescription (VisitID, MemberID, DoctorID, IssueDate, ValidUntil, Diagnosis, SpecialInstructions, Status) VALUES (169, 155, 27, '2025-07-18', '2025-07-28', 'Knee arthritis', 'Take medicines after meals', 'Active');
INSERT INTO PrescriptionItem (PrescriptionID, MedicineID, Dosage, Frequency, Duration, Quantity) VALUES (169, 18, '20mg', 'Twice daily', '10 days', 14);
INSERT INTO PrescriptionItem (PrescriptionID, MedicineID, Dosage, Frequency, Duration, Quantity) VALUES (169, 11, '5mg', 'As needed', '3 days', 7);
INSERT INTO PrescriptionItem (PrescriptionID, MedicineID, Dosage, Frequency, Duration, Quantity) VALUES (169, 28, '500mg', 'Thrice daily', '5 days', 14);
INSERT INTO BillPayment (VisitID, BillDate, BillTime, ConsultationFee, MedicineCost, LabTestCost, OtherCharges, SubTotal, DiscountAmount, TaxAmount, TotalAmount, PaymentMethod, PaymentStatus, PaidAmount, BalanceAmount, BilledBy) VALUES (169, '2025-07-18', '15:00:00', 0, 92.42, 0.00, 0.00, 92.42, 0.0, 0.0, 92.42, 'Cash', 'Paid', 92.42, 0.00, 2);
INSERT INTO Appointment (MemberID, DoctorID, AppointmentDate, AppointmentTime, Symptoms, Status, Priority, TokenNumber) VALUES (155, 23, '2025-07-07', '12:15:00', 'Allergic reaction', 'Completed', 'Normal', 276);
INSERT INTO Visit (MemberID, DoctorID, AppointmentID, VisitDate, VisitTime, ChiefComplaint, Diagnosis, VitalSigns, TreatmentNotes, FollowUpRequired, FollowUpDate, VisitType, Status) VALUES (155, 23, 320, '2025-07-07', '12:20:00', 'Allergic reaction', 'Insomnia', '{"bp":"121/73","temp":101.3}', 'Advised rest, medication prescribed', FALSE, NULL, 'Scheduled', 'Completed');
INSERT INTO Prescription (VisitID, MemberID, DoctorID, IssueDate, ValidUntil, Diagnosis, SpecialInstructions, Status) VALUES (170, 155, 23, '2025-07-07', '2025-07-17', 'Insomnia', 'Take medicines after meals', 'Active');
INSERT INTO PrescriptionItem (PrescriptionID, MedicineID, Dosage, Frequency, Duration, Quantity) VALUES (170, 26, '400mg', 'Once daily', '10 days', 14);
INSERT INTO PrescriptionItem (PrescriptionID, MedicineID, Dosage, Frequency, Duration, Quantity) VALUES (170, 12, '400mg', 'Thrice daily', '10 days', 9);
INSERT INTO PrescriptionItem (PrescriptionID, MedicineID, Dosage, Frequency, Duration, Quantity) VALUES (170, 19, '20mg', 'Twice daily', '7 days', 12);
INSERT INTO BillPayment (VisitID, BillDate, BillTime, ConsultationFee, MedicineCost, LabTestCost, OtherCharges, SubTotal, DiscountAmount, TaxAmount, TotalAmount, PaymentMethod, PaymentStatus, PaidAmount, BalanceAmount, BilledBy) VALUES (170, '2025-07-07', '17:30:00', 150, 27.17, 0.00, 0.00, 177.17, 0.0, 0.0, 177.17, 'Free', 'Paid', 177.17, 0.00, 2);
INSERT INTO Appointment (MemberID, DoctorID, AppointmentDate, AppointmentTime, Symptoms, Status, Priority, TokenNumber) VALUES (156, 10, '2026-03-12', '11:30:00', 'Sore throat', 'Completed', 'Normal', 140);
INSERT INTO Visit (MemberID, DoctorID, AppointmentID, VisitDate, VisitTime, ChiefComplaint, Diagnosis, VitalSigns, TreatmentNotes, FollowUpRequired, FollowUpDate, VisitType, Status) VALUES (156, 10, 321, '2026-03-12', '12:35:00', 'Sore throat', 'Asthma', '{"bp":"114/70","temp":99.8}', 'Advised rest, medication prescribed', TRUE, '2026-04-11', 'Scheduled', 'Completed');
INSERT INTO Prescription (VisitID, MemberID, DoctorID, IssueDate, ValidUntil, Diagnosis, SpecialInstructions, Status) VALUES (171, 156, 10, '2026-03-12', '2026-03-22', 'Asthma', 'Take medicines after meals', 'Active');
INSERT INTO PrescriptionItem (PrescriptionID, MedicineID, Dosage, Frequency, Duration, Quantity) VALUES (171, 18, '5mg', 'Twice daily', '3 days', 9);
INSERT INTO PrescriptionItem (PrescriptionID, MedicineID, Dosage, Frequency, Duration, Quantity) VALUES (171, 35, '250mg', 'Thrice daily', '10 days', 10);
INSERT INTO BillPayment (VisitID, BillDate, BillTime, ConsultationFee, MedicineCost, LabTestCost, OtherCharges, SubTotal, DiscountAmount, TaxAmount, TotalAmount, PaymentMethod, PaymentStatus, PaidAmount, BalanceAmount, BilledBy) VALUES (171, '2026-03-12', '10:45:00', 50, 297.37, 0.00, 0.00, 347.37, 0.0, 0.0, 347.37, 'Free', 'Paid', 347.37, 0.00, 2);
INSERT INTO Appointment (MemberID, DoctorID, AppointmentDate, AppointmentTime, Symptoms, Status, Priority, TokenNumber) VALUES (156, 2, '2026-03-18', '10:00:00', 'Knee pain', 'Scheduled', 'Normal', 128);
INSERT INTO Appointment (MemberID, DoctorID, AppointmentDate, AppointmentTime, Symptoms, Status, Priority, TokenNumber) VALUES (157, 38, '2026-04-19', '14:15:00', 'Nausea', 'Scheduled', 'Normal', 127);
INSERT INTO Appointment (MemberID, DoctorID, AppointmentDate, AppointmentTime, Symptoms, Status, Priority, TokenNumber) VALUES (157, 15, '2025-08-21', '09:30:00', 'Stomach ache', 'Completed', 'Emergency', 111);
INSERT INTO Visit (MemberID, DoctorID, AppointmentID, VisitDate, VisitTime, ChiefComplaint, Diagnosis, VitalSigns, TreatmentNotes, FollowUpRequired, FollowUpDate, VisitType, Status) VALUES (157, 15, 324, '2025-08-21', '14:05:00', 'Stomach ache', 'Lumbar spondylosis', '{"bp":"134/70","temp":102.0}', 'Advised rest, medication prescribed', FALSE, NULL, 'Scheduled', 'Completed');
INSERT INTO Prescription (VisitID, MemberID, DoctorID, IssueDate, ValidUntil, Diagnosis, SpecialInstructions, Status) VALUES (172, 157, 15, '2025-08-21', '2025-08-31', 'Lumbar spondylosis', 'Take medicines after meals', 'Active');
INSERT INTO PrescriptionItem (PrescriptionID, MedicineID, Dosage, Frequency, Duration, Quantity) VALUES (172, 18, '250mg', 'Thrice daily', '3 days', 12);
INSERT INTO PrescriptionItem (PrescriptionID, MedicineID, Dosage, Frequency, Duration, Quantity) VALUES (172, 20, '500mg', 'As needed', '7 days', 13);
INSERT INTO PrescriptionItem (PrescriptionID, MedicineID, Dosage, Frequency, Duration, Quantity) VALUES (172, 32, '500mg', 'Twice daily', '7 days', 7);
INSERT INTO BillPayment (VisitID, BillDate, BillTime, ConsultationFee, MedicineCost, LabTestCost, OtherCharges, SubTotal, DiscountAmount, TaxAmount, TotalAmount, PaymentMethod, PaymentStatus, PaidAmount, BalanceAmount, BilledBy) VALUES (172, '2025-08-21', '15:00:00', 0, 240.56, 0.00, 0.00, 240.56, 0.0, 0.0, 240.56, 'Free', 'Paid', 240.56, 0.00, 2);
INSERT INTO Appointment (MemberID, DoctorID, AppointmentDate, AppointmentTime, Symptoms, Status, Priority, TokenNumber) VALUES (158, 31, '2026-05-19', '10:15:00', 'Muscle cramps', 'Scheduled', 'Normal', 237);
INSERT INTO Appointment (MemberID, DoctorID, AppointmentDate, AppointmentTime, Symptoms, Status, Priority, TokenNumber) VALUES (158, 37, '2026-06-07', '09:00:00', 'Skin rash', 'Scheduled', 'Normal', 241);
INSERT INTO Appointment (MemberID, DoctorID, AppointmentDate, AppointmentTime, Symptoms, Status, Priority, TokenNumber) VALUES (159, 10, '2026-02-05', '16:30:00', 'Eye irritation', 'Completed', 'Normal', 126);
INSERT INTO Visit (MemberID, DoctorID, AppointmentID, VisitDate, VisitTime, ChiefComplaint, Diagnosis, VitalSigns, TreatmentNotes, FollowUpRequired, FollowUpDate, VisitType, Status) VALUES (159, 10, 327, '2026-02-05', '14:10:00', 'Eye irritation', 'Vertigo', '{"bp":"130/82","temp":102.2}', 'Advised rest, medication prescribed', FALSE, NULL, 'Scheduled', 'Completed');
INSERT INTO Prescription (VisitID, MemberID, DoctorID, IssueDate, ValidUntil, Diagnosis, SpecialInstructions, Status) VALUES (173, 159, 10, '2026-02-05', '2026-02-15', 'Vertigo', 'Take medicines after meals', 'Active');
INSERT INTO PrescriptionItem (PrescriptionID, MedicineID, Dosage, Frequency, Duration, Quantity) VALUES (173, 35, '400mg', 'As needed', '7 days', 11);
INSERT INTO PrescriptionItem (PrescriptionID, MedicineID, Dosage, Frequency, Duration, Quantity) VALUES (173, 16, '5mg', 'Thrice daily', '3 days', 8);
INSERT INTO PrescriptionItem (PrescriptionID, MedicineID, Dosage, Frequency, Duration, Quantity) VALUES (173, 26, '10mg', 'Thrice daily', '7 days', 15);
INSERT INTO BillPayment (VisitID, BillDate, BillTime, ConsultationFee, MedicineCost, LabTestCost, OtherCharges, SubTotal, DiscountAmount, TaxAmount, TotalAmount, PaymentMethod, PaymentStatus, PaidAmount, BalanceAmount, BilledBy) VALUES (173, '2026-02-05', '11:00:00', 0, 50.98, 0.00, 0.00, 50.98, 0.0, 0.0, 50.98, 'UPI', 'Paid', 50.98, 0.00, 2);
INSERT INTO Appointment (MemberID, DoctorID, AppointmentDate, AppointmentTime, Symptoms, Status, Priority, TokenNumber) VALUES (159, 55, '2026-03-18', '16:30:00', 'Dizziness', 'Scheduled', 'Normal', 197);
INSERT INTO Appointment (MemberID, DoctorID, AppointmentDate, AppointmentTime, Symptoms, Status, Priority, TokenNumber) VALUES (160, 45, '2026-01-18', '10:45:00', 'Headache', 'Completed', 'Normal', 286);
INSERT INTO Visit (MemberID, DoctorID, AppointmentID, VisitDate, VisitTime, ChiefComplaint, Diagnosis, VitalSigns, TreatmentNotes, FollowUpRequired, FollowUpDate, VisitType, Status) VALUES (160, 45, 329, '2026-01-18', '12:35:00', 'Headache', 'Common cold', '{"bp":"117/83","temp":102.4}', 'Advised rest, medication prescribed', TRUE, '2026-04-04', 'Scheduled', 'Completed');
INSERT INTO Prescription (VisitID, MemberID, DoctorID, IssueDate, ValidUntil, Diagnosis, SpecialInstructions, Status) VALUES (174, 160, 45, '2026-01-18', '2026-01-28', 'Common cold', 'Take medicines after meals', 'Active');
INSERT INTO PrescriptionItem (PrescriptionID, MedicineID, Dosage, Frequency, Duration, Quantity) VALUES (174, 7, '20mg', 'Thrice daily', '7 days', 8);
INSERT INTO PrescriptionItem (PrescriptionID, MedicineID, Dosage, Frequency, Duration, Quantity) VALUES (174, 33, '20mg', 'Once daily', '10 days', 10);
INSERT INTO BillPayment (VisitID, BillDate, BillTime, ConsultationFee, MedicineCost, LabTestCost, OtherCharges, SubTotal, DiscountAmount, TaxAmount, TotalAmount, PaymentMethod, PaymentStatus, PaidAmount, BalanceAmount, BilledBy) VALUES (174, '2026-01-18', '11:30:00', 0, 33.76, 0.00, 0.00, 33.76, 0.0, 0.0, 33.76, 'Card', 'Paid', 33.76, 0.00, 2);
INSERT INTO Appointment (MemberID, DoctorID, AppointmentDate, AppointmentTime, Symptoms, Status, Priority, TokenNumber) VALUES (160, 34, '2026-04-20', '11:00:00', 'Knee pain', 'Scheduled', 'Urgent', 196);
INSERT INTO Appointment (MemberID, DoctorID, AppointmentDate, AppointmentTime, Symptoms, Status, Priority, TokenNumber) VALUES (161, 44, '2026-05-29', '15:45:00', 'Allergic reaction', 'Scheduled', 'Normal', 183);
INSERT INTO Appointment (MemberID, DoctorID, AppointmentDate, AppointmentTime, Symptoms, Status, Priority, TokenNumber) VALUES (161, 51, '2025-12-25', '09:30:00', 'Chest pain', 'Completed', 'Normal', 193);
INSERT INTO Visit (MemberID, DoctorID, AppointmentID, VisitDate, VisitTime, ChiefComplaint, Diagnosis, VitalSigns, TreatmentNotes, FollowUpRequired, FollowUpDate, VisitType, Status) VALUES (161, 51, 332, '2025-12-25', '16:20:00', 'Chest pain', 'Allergic rhinitis', '{"bp":"110/88","temp":99.5}', 'Advised rest, medication prescribed', FALSE, NULL, 'Scheduled', 'Completed');
INSERT INTO Prescription (VisitID, MemberID, DoctorID, IssueDate, ValidUntil, Diagnosis, SpecialInstructions, Status) VALUES (175, 161, 51, '2025-12-25', '2026-01-04', 'Allergic rhinitis', 'Take medicines after meals', 'Active');
INSERT INTO PrescriptionItem (PrescriptionID, MedicineID, Dosage, Frequency, Duration, Quantity) VALUES (175, 21, '20mg', 'Once daily', '10 days', 5);
INSERT INTO PrescriptionItem (PrescriptionID, MedicineID, Dosage, Frequency, Duration, Quantity) VALUES (175, 15, '250mg', 'Thrice daily', '7 days', 15);
INSERT INTO PrescriptionItem (PrescriptionID, MedicineID, Dosage, Frequency, Duration, Quantity) VALUES (175, 13, '5mg', 'As needed', '5 days', 13);
INSERT INTO BillPayment (VisitID, BillDate, BillTime, ConsultationFee, MedicineCost, LabTestCost, OtherCharges, SubTotal, DiscountAmount, TaxAmount, TotalAmount, PaymentMethod, PaymentStatus, PaidAmount, BalanceAmount, BilledBy) VALUES (175, '2025-12-25', '13:00:00', 50, 235.72, 0.00, 0.00, 285.72, 0.0, 0.0, 285.72, 'Card', 'Paid', 285.72, 0.00, 2);
INSERT INTO Appointment (MemberID, DoctorID, AppointmentDate, AppointmentTime, Symptoms, Status, Priority, TokenNumber) VALUES (162, 7, '2025-09-27', '14:15:00', 'Cold and cough', 'Completed', 'Normal', 272);
INSERT INTO Visit (MemberID, DoctorID, AppointmentID, VisitDate, VisitTime, ChiefComplaint, Diagnosis, VitalSigns, TreatmentNotes, FollowUpRequired, FollowUpDate, VisitType, Status) VALUES (162, 7, 333, '2025-09-27', '11:10:00', 'Cold and cough', 'Conjunctivitis', '{"bp":"119/75","temp":102.3}', 'Advised rest, medication prescribed', TRUE, '2026-03-29', 'Scheduled', 'Completed');
INSERT INTO Prescription (VisitID, MemberID, DoctorID, IssueDate, ValidUntil, Diagnosis, SpecialInstructions, Status) VALUES (176, 162, 7, '2025-09-27', '2025-10-07', 'Conjunctivitis', 'Take medicines after meals', 'Active');
INSERT INTO PrescriptionItem (PrescriptionID, MedicineID, Dosage, Frequency, Duration, Quantity) VALUES (176, 28, '5mg', 'Twice daily', '7 days', 12);
INSERT INTO PrescriptionItem (PrescriptionID, MedicineID, Dosage, Frequency, Duration, Quantity) VALUES (176, 31, '500mg', 'As needed', '3 days', 4);
INSERT INTO PrescriptionItem (PrescriptionID, MedicineID, Dosage, Frequency, Duration, Quantity) VALUES (176, 20, '500mg', 'Twice daily', '7 days', 14);
INSERT INTO BillPayment (VisitID, BillDate, BillTime, ConsultationFee, MedicineCost, LabTestCost, OtherCharges, SubTotal, DiscountAmount, TaxAmount, TotalAmount, PaymentMethod, PaymentStatus, PaidAmount, BalanceAmount, BilledBy) VALUES (176, '2025-09-27', '17:45:00', 0, 45.84, 0.00, 0.00, 45.84, 0.0, 0.0, 45.84, 'Card', 'Paid', 45.84, 0.00, 2);
INSERT INTO Appointment (MemberID, DoctorID, AppointmentDate, AppointmentTime, Symptoms, Status, Priority, TokenNumber) VALUES (162, 4, '2025-06-16', '09:00:00', 'Allergic reaction', 'Completed', 'Normal', 201);
INSERT INTO Visit (MemberID, DoctorID, AppointmentID, VisitDate, VisitTime, ChiefComplaint, Diagnosis, VitalSigns, TreatmentNotes, FollowUpRequired, FollowUpDate, VisitType, Status) VALUES (162, 4, 334, '2025-06-16', '16:10:00', 'Allergic reaction', 'Allergic rhinitis', '{"bp":"115/88","temp":100.3}', 'Advised rest, medication prescribed', TRUE, '2026-03-27', 'Scheduled', 'Completed');
INSERT INTO Prescription (VisitID, MemberID, DoctorID, IssueDate, ValidUntil, Diagnosis, SpecialInstructions, Status) VALUES (177, 162, 4, '2025-06-16', '2025-06-26', 'Allergic rhinitis', 'Take medicines after meals', 'Active');
INSERT INTO PrescriptionItem (PrescriptionID, MedicineID, Dosage, Frequency, Duration, Quantity) VALUES (177, 29, '5mg', 'Twice daily', '10 days', 15);
INSERT INTO PrescriptionItem (PrescriptionID, MedicineID, Dosage, Frequency, Duration, Quantity) VALUES (177, 1, '10mg', 'Twice daily', '10 days', 4);
INSERT INTO PrescriptionItem (PrescriptionID, MedicineID, Dosage, Frequency, Duration, Quantity) VALUES (177, 18, '250mg', 'Once daily', '5 days', 3);
INSERT INTO BillPayment (VisitID, BillDate, BillTime, ConsultationFee, MedicineCost, LabTestCost, OtherCharges, SubTotal, DiscountAmount, TaxAmount, TotalAmount, PaymentMethod, PaymentStatus, PaidAmount, BalanceAmount, BilledBy) VALUES (177, '2025-06-16', '16:30:00', 50, 168.05, 0.00, 0.00, 218.05, 0.0, 0.0, 218.05, 'UPI', 'Paid', 218.05, 0.00, 2);
INSERT INTO Appointment (MemberID, DoctorID, AppointmentDate, AppointmentTime, Symptoms, Status, Priority, TokenNumber) VALUES (163, 15, '2025-03-26', '15:00:00', 'Ear pain', 'Completed', 'Normal', 262);
INSERT INTO Visit (MemberID, DoctorID, AppointmentID, VisitDate, VisitTime, ChiefComplaint, Diagnosis, VitalSigns, TreatmentNotes, FollowUpRequired, FollowUpDate, VisitType, Status) VALUES (163, 15, 335, '2025-03-26', '14:20:00', 'Ear pain', 'Gastritis', '{"bp":"115/79","temp":97.7}', 'Advised rest, medication prescribed', FALSE, NULL, 'Scheduled', 'Completed');
INSERT INTO Prescription (VisitID, MemberID, DoctorID, IssueDate, ValidUntil, Diagnosis, SpecialInstructions, Status) VALUES (178, 163, 15, '2025-03-26', '2025-04-05', 'Gastritis', 'Take medicines after meals', 'Active');
INSERT INTO PrescriptionItem (PrescriptionID, MedicineID, Dosage, Frequency, Duration, Quantity) VALUES (178, 33, '10mg', 'Thrice daily', '7 days', 3);
INSERT INTO PrescriptionItem (PrescriptionID, MedicineID, Dosage, Frequency, Duration, Quantity) VALUES (178, 21, '500mg', 'As needed', '7 days', 7);
INSERT INTO BillPayment (VisitID, BillDate, BillTime, ConsultationFee, MedicineCost, LabTestCost, OtherCharges, SubTotal, DiscountAmount, TaxAmount, TotalAmount, PaymentMethod, PaymentStatus, PaidAmount, BalanceAmount, BilledBy) VALUES (178, '2025-03-26', '14:15:00', 100, 99.86, 0.00, 0.00, 199.86, 0.0, 0.0, 199.86, 'Free', 'Paid', 199.86, 0.00, 2);
INSERT INTO Appointment (MemberID, DoctorID, AppointmentDate, AppointmentTime, Symptoms, Status, Priority, TokenNumber) VALUES (163, 13, '2026-03-28', '10:15:00', 'Nausea', 'Scheduled', 'Normal', 282);
INSERT INTO Appointment (MemberID, DoctorID, AppointmentDate, AppointmentTime, Symptoms, Status, Priority, TokenNumber) VALUES (164, 29, '2025-06-15', '16:00:00', 'Ear pain', 'Completed', 'Normal', 298);
INSERT INTO Visit (MemberID, DoctorID, AppointmentID, VisitDate, VisitTime, ChiefComplaint, Diagnosis, VitalSigns, TreatmentNotes, FollowUpRequired, FollowUpDate, VisitType, Status) VALUES (164, 29, 337, '2025-06-15', '12:10:00', 'Ear pain', 'Contact dermatitis', '{"bp":"130/90","temp":100.7}', 'Advised rest, medication prescribed', FALSE, NULL, 'Scheduled', 'Completed');
INSERT INTO Prescription (VisitID, MemberID, DoctorID, IssueDate, ValidUntil, Diagnosis, SpecialInstructions, Status) VALUES (179, 164, 29, '2025-06-15', '2025-06-25', 'Contact dermatitis', 'Take medicines after meals', 'Active');
INSERT INTO PrescriptionItem (PrescriptionID, MedicineID, Dosage, Frequency, Duration, Quantity) VALUES (179, 32, '500mg', 'Twice daily', '10 days', 13);
INSERT INTO PrescriptionItem (PrescriptionID, MedicineID, Dosage, Frequency, Duration, Quantity) VALUES (179, 11, '250mg', 'Once daily', '10 days', 8);
INSERT INTO BillPayment (VisitID, BillDate, BillTime, ConsultationFee, MedicineCost, LabTestCost, OtherCharges, SubTotal, DiscountAmount, TaxAmount, TotalAmount, PaymentMethod, PaymentStatus, PaidAmount, BalanceAmount, BilledBy) VALUES (179, '2025-06-15', '10:45:00', 0, 203.42, 0.00, 0.00, 203.42, 0.0, 0.0, 203.42, 'Cash', 'Paid', 203.42, 0.00, 2);
INSERT INTO Appointment (MemberID, DoctorID, AppointmentDate, AppointmentTime, Symptoms, Status, Priority, TokenNumber) VALUES (164, 16, '2026-04-20', '14:15:00', 'Cold and cough', 'Scheduled', 'Normal', 158);
INSERT INTO Appointment (MemberID, DoctorID, AppointmentDate, AppointmentTime, Symptoms, Status, Priority, TokenNumber) VALUES (165, 21, '2026-05-22', '11:30:00', 'Acid reflux', 'Scheduled', 'Urgent', 184);
INSERT INTO Appointment (MemberID, DoctorID, AppointmentDate, AppointmentTime, Symptoms, Status, Priority, TokenNumber) VALUES (165, 55, '2025-10-12', '09:00:00', 'Muscle cramps', 'Completed', 'Normal', 289);
INSERT INTO Visit (MemberID, DoctorID, AppointmentID, VisitDate, VisitTime, ChiefComplaint, Diagnosis, VitalSigns, TreatmentNotes, FollowUpRequired, FollowUpDate, VisitType, Status) VALUES (165, 55, 340, '2025-10-12', '10:35:00', 'Muscle cramps', 'Pharyngitis', '{"bp":"126/79","temp":99.8}', 'Advised rest, medication prescribed', FALSE, NULL, 'Scheduled', 'Completed');
INSERT INTO Prescription (VisitID, MemberID, DoctorID, IssueDate, ValidUntil, Diagnosis, SpecialInstructions, Status) VALUES (180, 165, 55, '2025-10-12', '2025-10-22', 'Pharyngitis', 'Take medicines after meals', 'Active');
INSERT INTO PrescriptionItem (PrescriptionID, MedicineID, Dosage, Frequency, Duration, Quantity) VALUES (180, 28, '250mg', 'Thrice daily', '7 days', 7);
INSERT INTO PrescriptionItem (PrescriptionID, MedicineID, Dosage, Frequency, Duration, Quantity) VALUES (180, 23, '400mg', 'Thrice daily', '7 days', 7);
INSERT INTO BillPayment (VisitID, BillDate, BillTime, ConsultationFee, MedicineCost, LabTestCost, OtherCharges, SubTotal, DiscountAmount, TaxAmount, TotalAmount, PaymentMethod, PaymentStatus, PaidAmount, BalanceAmount, BilledBy) VALUES (180, '2025-10-12', '17:30:00', 150, 34.98, 0.00, 0.00, 184.98, 0.0, 0.0, 184.98, 'UPI', 'Paid', 184.98, 0.00, 2);
INSERT INTO Appointment (MemberID, DoctorID, AppointmentDate, AppointmentTime, Symptoms, Status, Priority, TokenNumber) VALUES (166, 45, '2025-05-13', '12:45:00', 'Muscle cramps', 'Completed', 'Normal', 127);
INSERT INTO Visit (MemberID, DoctorID, AppointmentID, VisitDate, VisitTime, ChiefComplaint, Diagnosis, VitalSigns, TreatmentNotes, FollowUpRequired, FollowUpDate, VisitType, Status) VALUES (166, 45, 341, '2025-05-13', '14:10:00', 'Muscle cramps', 'Viral fever', '{"bp":"113/74","temp":100.0}', 'Advised rest, medication prescribed', FALSE, NULL, 'Scheduled', 'Completed');
INSERT INTO Prescription (VisitID, MemberID, DoctorID, IssueDate, ValidUntil, Diagnosis, SpecialInstructions, Status) VALUES (181, 166, 45, '2025-05-13', '2025-05-23', 'Viral fever', 'Take medicines after meals', 'Active');
INSERT INTO PrescriptionItem (PrescriptionID, MedicineID, Dosage, Frequency, Duration, Quantity) VALUES (181, 35, '20mg', 'Twice daily', '3 days', 7);
INSERT INTO PrescriptionItem (PrescriptionID, MedicineID, Dosage, Frequency, Duration, Quantity) VALUES (181, 25, '10mg', 'As needed', '5 days', 10);
INSERT INTO PrescriptionItem (PrescriptionID, MedicineID, Dosage, Frequency, Duration, Quantity) VALUES (181, 28, '500mg', 'Thrice daily', '10 days', 13);
INSERT INTO BillPayment (VisitID, BillDate, BillTime, ConsultationFee, MedicineCost, LabTestCost, OtherCharges, SubTotal, DiscountAmount, TaxAmount, TotalAmount, PaymentMethod, PaymentStatus, PaidAmount, BalanceAmount, BilledBy) VALUES (181, '2025-05-13', '09:00:00', 50, 91.06, 0.00, 0.00, 141.06, 0.0, 0.0, 141.06, 'UPI', 'Paid', 141.06, 0.00, 2);
INSERT INTO Appointment (MemberID, DoctorID, AppointmentDate, AppointmentTime, Symptoms, Status, Priority, TokenNumber) VALUES (166, 47, '2026-05-27', '15:30:00', 'Stomach ache', 'Scheduled', 'Normal', 152);
INSERT INTO Appointment (MemberID, DoctorID, AppointmentDate, AppointmentTime, Symptoms, Status, Priority, TokenNumber) VALUES (167, 54, '2025-11-22', '16:15:00', 'Fatigue', 'Completed', 'Normal', 245);
INSERT INTO Visit (MemberID, DoctorID, AppointmentID, VisitDate, VisitTime, ChiefComplaint, Diagnosis, VitalSigns, TreatmentNotes, FollowUpRequired, FollowUpDate, VisitType, Status) VALUES (167, 54, 343, '2025-11-22', '11:05:00', 'Fatigue', 'Pharyngitis', '{"bp":"131/87","temp":99.7}', 'Advised rest, medication prescribed', FALSE, NULL, 'Scheduled', 'Completed');
INSERT INTO Prescription (VisitID, MemberID, DoctorID, IssueDate, ValidUntil, Diagnosis, SpecialInstructions, Status) VALUES (182, 167, 54, '2025-11-22', '2025-12-02', 'Pharyngitis', 'Take medicines after meals', 'Active');
INSERT INTO PrescriptionItem (PrescriptionID, MedicineID, Dosage, Frequency, Duration, Quantity) VALUES (182, 11, '20mg', 'Once daily', '5 days', 5);
INSERT INTO PrescriptionItem (PrescriptionID, MedicineID, Dosage, Frequency, Duration, Quantity) VALUES (182, 14, '250mg', 'Once daily', '3 days', 4);
INSERT INTO PrescriptionItem (PrescriptionID, MedicineID, Dosage, Frequency, Duration, Quantity) VALUES (182, 12, '500mg', 'Twice daily', '5 days', 5);
INSERT INTO BillPayment (VisitID, BillDate, BillTime, ConsultationFee, MedicineCost, LabTestCost, OtherCharges, SubTotal, DiscountAmount, TaxAmount, TotalAmount, PaymentMethod, PaymentStatus, PaidAmount, BalanceAmount, BilledBy) VALUES (182, '2025-11-22', '16:45:00', 0, 24.56, 0.00, 0.00, 24.56, 0.0, 0.0, 24.56, 'Free', 'Paid', 24.56, 0.00, 2);
INSERT INTO Appointment (MemberID, DoctorID, AppointmentDate, AppointmentTime, Symptoms, Status, Priority, TokenNumber) VALUES (167, 25, '2026-03-02', '16:45:00', 'Sore throat', 'Completed', 'Normal', 121);
INSERT INTO Visit (MemberID, DoctorID, AppointmentID, VisitDate, VisitTime, ChiefComplaint, Diagnosis, VitalSigns, TreatmentNotes, FollowUpRequired, FollowUpDate, VisitType, Status) VALUES (167, 25, 344, '2026-03-02', '12:20:00', 'Sore throat', 'Knee arthritis', '{"bp":"112/79","temp":97.3}', 'Advised rest, medication prescribed', FALSE, NULL, 'Scheduled', 'Completed');
INSERT INTO Prescription (VisitID, MemberID, DoctorID, IssueDate, ValidUntil, Diagnosis, SpecialInstructions, Status) VALUES (183, 167, 25, '2026-03-02', '2026-03-12', 'Knee arthritis', 'Take medicines after meals', 'Active');
INSERT INTO PrescriptionItem (PrescriptionID, MedicineID, Dosage, Frequency, Duration, Quantity) VALUES (183, 19, '400mg', 'Twice daily', '3 days', 12);
INSERT INTO PrescriptionItem (PrescriptionID, MedicineID, Dosage, Frequency, Duration, Quantity) VALUES (183, 21, '20mg', 'Once daily', '10 days', 7);
INSERT INTO BillPayment (VisitID, BillDate, BillTime, ConsultationFee, MedicineCost, LabTestCost, OtherCharges, SubTotal, DiscountAmount, TaxAmount, TotalAmount, PaymentMethod, PaymentStatus, PaidAmount, BalanceAmount, BilledBy) VALUES (183, '2026-03-02', '12:30:00', 150, 239.25, 0.00, 0.00, 389.25, 0.0, 0.0, 389.25, 'UPI', 'Paid', 389.25, 0.00, 2);
INSERT INTO Appointment (MemberID, DoctorID, AppointmentDate, AppointmentTime, Symptoms, Status, Priority, TokenNumber) VALUES (168, 20, '2025-05-20', '14:00:00', 'Cold and cough', 'Completed', 'Normal', 287);
INSERT INTO Visit (MemberID, DoctorID, AppointmentID, VisitDate, VisitTime, ChiefComplaint, Diagnosis, VitalSigns, TreatmentNotes, FollowUpRequired, FollowUpDate, VisitType, Status) VALUES (168, 20, 345, '2025-05-20', '16:35:00', 'Cold and cough', 'Viral fever', '{"bp":"110/81","temp":101.5}', 'Advised rest, medication prescribed', FALSE, NULL, 'Scheduled', 'Completed');
INSERT INTO Prescription (VisitID, MemberID, DoctorID, IssueDate, ValidUntil, Diagnosis, SpecialInstructions, Status) VALUES (184, 168, 20, '2025-05-20', '2025-05-30', 'Viral fever', 'Take medicines after meals', 'Active');
INSERT INTO PrescriptionItem (PrescriptionID, MedicineID, Dosage, Frequency, Duration, Quantity) VALUES (184, 22, '500mg', 'Thrice daily', '3 days', 14);
INSERT INTO PrescriptionItem (PrescriptionID, MedicineID, Dosage, Frequency, Duration, Quantity) VALUES (184, 25, '500mg', 'As needed', '10 days', 13);
INSERT INTO PrescriptionItem (PrescriptionID, MedicineID, Dosage, Frequency, Duration, Quantity) VALUES (184, 29, '5mg', 'As needed', '7 days', 4);
INSERT INTO BillPayment (VisitID, BillDate, BillTime, ConsultationFee, MedicineCost, LabTestCost, OtherCharges, SubTotal, DiscountAmount, TaxAmount, TotalAmount, PaymentMethod, PaymentStatus, PaidAmount, BalanceAmount, BilledBy) VALUES (184, '2025-05-20', '14:30:00', 0, 23.65, 0.00, 0.00, 23.65, 0.0, 0.0, 23.65, 'Free', 'Paid', 23.65, 0.00, 2);
INSERT INTO Appointment (MemberID, DoctorID, AppointmentDate, AppointmentTime, Symptoms, Status, Priority, TokenNumber) VALUES (168, 6, '2026-04-16', '13:00:00', 'Ear pain', 'Scheduled', 'Normal', 125);
INSERT INTO Appointment (MemberID, DoctorID, AppointmentDate, AppointmentTime, Symptoms, Status, Priority, TokenNumber) VALUES (169, 26, '2026-03-18', '13:45:00', 'Cold and cough', 'Scheduled', 'Normal', 103);
INSERT INTO Appointment (MemberID, DoctorID, AppointmentDate, AppointmentTime, Symptoms, Status, Priority, TokenNumber) VALUES (169, 24, '2026-04-12', '15:45:00', 'Insomnia', 'Scheduled', 'Normal', 241);
INSERT INTO Appointment (MemberID, DoctorID, AppointmentDate, AppointmentTime, Symptoms, Status, Priority, TokenNumber) VALUES (170, 10, '2025-05-31', '15:15:00', 'Skin rash', 'Completed', 'Normal', 300);
INSERT INTO Visit (MemberID, DoctorID, AppointmentID, VisitDate, VisitTime, ChiefComplaint, Diagnosis, VitalSigns, TreatmentNotes, FollowUpRequired, FollowUpDate, VisitType, Status) VALUES (170, 10, 349, '2025-05-31', '12:35:00', 'Skin rash', 'Viral fever', '{"bp":"126/90","temp":100.1}', 'Advised rest, medication prescribed', FALSE, NULL, 'Scheduled', 'Completed');
INSERT INTO Prescription (VisitID, MemberID, DoctorID, IssueDate, ValidUntil, Diagnosis, SpecialInstructions, Status) VALUES (185, 170, 10, '2025-05-31', '2025-06-10', 'Viral fever', 'Take medicines after meals', 'Active');
INSERT INTO PrescriptionItem (PrescriptionID, MedicineID, Dosage, Frequency, Duration, Quantity) VALUES (185, 34, '10mg', 'Once daily', '7 days', 15);
INSERT INTO PrescriptionItem (PrescriptionID, MedicineID, Dosage, Frequency, Duration, Quantity) VALUES (185, 32, '20mg', 'As needed', '5 days', 8);
INSERT INTO PrescriptionItem (PrescriptionID, MedicineID, Dosage, Frequency, Duration, Quantity) VALUES (185, 5, '5mg', 'Once daily', '10 days', 9);
INSERT INTO BillPayment (VisitID, BillDate, BillTime, ConsultationFee, MedicineCost, LabTestCost, OtherCharges, SubTotal, DiscountAmount, TaxAmount, TotalAmount, PaymentMethod, PaymentStatus, PaidAmount, BalanceAmount, BilledBy) VALUES (185, '2025-05-31', '11:00:00', 0, 214.1, 0.00, 0.00, 214.1, 0.0, 0.0, 214.1, 'UPI', 'Paid', 214.1, 0.00, 2);
INSERT INTO Appointment (MemberID, DoctorID, AppointmentDate, AppointmentTime, Symptoms, Status, Priority, TokenNumber) VALUES (170, 6, '2025-03-23', '14:45:00', 'Loose motions', 'Completed', 'Normal', 243);
INSERT INTO Visit (MemberID, DoctorID, AppointmentID, VisitDate, VisitTime, ChiefComplaint, Diagnosis, VitalSigns, TreatmentNotes, FollowUpRequired, FollowUpDate, VisitType, Status) VALUES (170, 6, 350, '2025-03-23', '15:05:00', 'Loose motions', 'Gastritis', '{"bp":"112/87","temp":101.7}', 'Advised rest, medication prescribed', FALSE, NULL, 'Scheduled', 'Completed');
INSERT INTO Prescription (VisitID, MemberID, DoctorID, IssueDate, ValidUntil, Diagnosis, SpecialInstructions, Status) VALUES (186, 170, 6, '2025-03-23', '2025-04-02', 'Gastritis', 'Take medicines after meals', 'Active');
INSERT INTO PrescriptionItem (PrescriptionID, MedicineID, Dosage, Frequency, Duration, Quantity) VALUES (186, 9, '10mg', 'Thrice daily', '7 days', 4);
INSERT INTO PrescriptionItem (PrescriptionID, MedicineID, Dosage, Frequency, Duration, Quantity) VALUES (186, 5, '5mg', 'As needed', '10 days', 7);
INSERT INTO PrescriptionItem (PrescriptionID, MedicineID, Dosage, Frequency, Duration, Quantity) VALUES (186, 30, '400mg', 'Once daily', '5 days', 10);
INSERT INTO BillPayment (VisitID, BillDate, BillTime, ConsultationFee, MedicineCost, LabTestCost, OtherCharges, SubTotal, DiscountAmount, TaxAmount, TotalAmount, PaymentMethod, PaymentStatus, PaidAmount, BalanceAmount, BilledBy) VALUES (186, '2025-03-23', '10:00:00', 100, 127.83, 0.00, 0.00, 227.83, 0.0, 0.0, 227.83, 'UPI', 'Paid', 227.83, 0.00, 2);
INSERT INTO Appointment (MemberID, DoctorID, AppointmentDate, AppointmentTime, Symptoms, Status, Priority, TokenNumber) VALUES (171, 35, '2026-03-18', '11:30:00', 'Headache', 'Scheduled', 'Normal', 251);
INSERT INTO Appointment (MemberID, DoctorID, AppointmentDate, AppointmentTime, Symptoms, Status, Priority, TokenNumber) VALUES (171, 26, '2026-05-13', '13:15:00', 'Stomach ache', 'Scheduled', 'Normal', 222);
INSERT INTO Appointment (MemberID, DoctorID, AppointmentDate, AppointmentTime, Symptoms, Status, Priority, TokenNumber) VALUES (172, 22, '2026-02-07', '16:00:00', 'Muscle cramps', 'Completed', 'Urgent', 167);
INSERT INTO Visit (MemberID, DoctorID, AppointmentID, VisitDate, VisitTime, ChiefComplaint, Diagnosis, VitalSigns, TreatmentNotes, FollowUpRequired, FollowUpDate, VisitType, Status) VALUES (172, 22, 353, '2026-02-07', '14:20:00', 'Muscle cramps', 'Vitamin D deficiency', '{"bp":"113/87","temp":98.9}', 'Advised rest, medication prescribed', FALSE, NULL, 'Scheduled', 'Completed');
INSERT INTO Prescription (VisitID, MemberID, DoctorID, IssueDate, ValidUntil, Diagnosis, SpecialInstructions, Status) VALUES (187, 172, 22, '2026-02-07', '2026-02-17', 'Vitamin D deficiency', 'Take medicines after meals', 'Active');
INSERT INTO PrescriptionItem (PrescriptionID, MedicineID, Dosage, Frequency, Duration, Quantity) VALUES (187, 24, '10mg', 'As needed', '5 days', 3);
INSERT INTO PrescriptionItem (PrescriptionID, MedicineID, Dosage, Frequency, Duration, Quantity) VALUES (187, 32, '20mg', 'Twice daily', '5 days', 8);
INSERT INTO PrescriptionItem (PrescriptionID, MedicineID, Dosage, Frequency, Duration, Quantity) VALUES (187, 3, '5mg', 'Once daily', '3 days', 14);
INSERT INTO BillPayment (VisitID, BillDate, BillTime, ConsultationFee, MedicineCost, LabTestCost, OtherCharges, SubTotal, DiscountAmount, TaxAmount, TotalAmount, PaymentMethod, PaymentStatus, PaidAmount, BalanceAmount, BilledBy) VALUES (187, '2026-02-07', '12:30:00', 0, 37.74, 0.00, 0.00, 37.74, 0.0, 0.0, 37.74, 'Free', 'Paid', 37.74, 0.00, 2);
INSERT INTO Appointment (MemberID, DoctorID, AppointmentDate, AppointmentTime, Symptoms, Status, Priority, TokenNumber) VALUES (172, 27, '2026-02-18', '16:15:00', 'Nausea', 'Completed', 'Urgent', 171);
INSERT INTO Visit (MemberID, DoctorID, AppointmentID, VisitDate, VisitTime, ChiefComplaint, Diagnosis, VitalSigns, TreatmentNotes, FollowUpRequired, FollowUpDate, VisitType, Status) VALUES (172, 27, 354, '2026-02-18', '11:10:00', 'Nausea', 'Allergic rhinitis', '{"bp":"129/80","temp":101.9}', 'Advised rest, medication prescribed', FALSE, NULL, 'Scheduled', 'Completed');
INSERT INTO Prescription (VisitID, MemberID, DoctorID, IssueDate, ValidUntil, Diagnosis, SpecialInstructions, Status) VALUES (188, 172, 27, '2026-02-18', '2026-02-28', 'Allergic rhinitis', 'Take medicines after meals', 'Active');
INSERT INTO PrescriptionItem (PrescriptionID, MedicineID, Dosage, Frequency, Duration, Quantity) VALUES (188, 1, '5mg', 'Twice daily', '5 days', 14);
INSERT INTO PrescriptionItem (PrescriptionID, MedicineID, Dosage, Frequency, Duration, Quantity) VALUES (188, 4, '10mg', 'As needed', '5 days', 4);
INSERT INTO PrescriptionItem (PrescriptionID, MedicineID, Dosage, Frequency, Duration, Quantity) VALUES (188, 6, '250mg', 'As needed', '3 days', 9);
INSERT INTO BillPayment (VisitID, BillDate, BillTime, ConsultationFee, MedicineCost, LabTestCost, OtherCharges, SubTotal, DiscountAmount, TaxAmount, TotalAmount, PaymentMethod, PaymentStatus, PaidAmount, BalanceAmount, BilledBy) VALUES (188, '2026-02-18', '09:45:00', 200, 278.77, 0.00, 0.00, 478.77, 0.0, 0.0, 478.77, 'Card', 'Paid', 478.77, 0.00, 2);
INSERT INTO Appointment (MemberID, DoctorID, AppointmentDate, AppointmentTime, Symptoms, Status, Priority, TokenNumber) VALUES (173, 5, '2025-09-19', '09:00:00', 'Sore throat', 'Completed', 'Normal', 100);
INSERT INTO Visit (MemberID, DoctorID, AppointmentID, VisitDate, VisitTime, ChiefComplaint, Diagnosis, VitalSigns, TreatmentNotes, FollowUpRequired, FollowUpDate, VisitType, Status) VALUES (173, 5, 355, '2025-09-19', '11:35:00', 'Sore throat', 'GERD', '{"bp":"113/72","temp":98.7}', 'Advised rest, medication prescribed', FALSE, NULL, 'Scheduled', 'Completed');
INSERT INTO Prescription (VisitID, MemberID, DoctorID, IssueDate, ValidUntil, Diagnosis, SpecialInstructions, Status) VALUES (189, 173, 5, '2025-09-19', '2025-09-29', 'GERD', 'Take medicines after meals', 'Active');
INSERT INTO PrescriptionItem (PrescriptionID, MedicineID, Dosage, Frequency, Duration, Quantity) VALUES (189, 6, '250mg', 'As needed', '3 days', 12);
INSERT INTO PrescriptionItem (PrescriptionID, MedicineID, Dosage, Frequency, Duration, Quantity) VALUES (189, 3, '250mg', 'Twice daily', '3 days', 3);
INSERT INTO PrescriptionItem (PrescriptionID, MedicineID, Dosage, Frequency, Duration, Quantity) VALUES (189, 24, '5mg', 'Once daily', '10 days', 12);
INSERT INTO BillPayment (VisitID, BillDate, BillTime, ConsultationFee, MedicineCost, LabTestCost, OtherCharges, SubTotal, DiscountAmount, TaxAmount, TotalAmount, PaymentMethod, PaymentStatus, PaidAmount, BalanceAmount, BilledBy) VALUES (189, '2025-09-19', '16:30:00', 100, 210.54, 0.00, 0.00, 310.54, 0.0, 0.0, 310.54, 'Cash', 'Paid', 310.54, 0.00, 2);
INSERT INTO Appointment (MemberID, DoctorID, AppointmentDate, AppointmentTime, Symptoms, Status, Priority, TokenNumber) VALUES (173, 45, '2026-06-10', '10:30:00', 'Insomnia', 'Scheduled', 'Normal', 278);
INSERT INTO Appointment (MemberID, DoctorID, AppointmentDate, AppointmentTime, Symptoms, Status, Priority, TokenNumber) VALUES (174, 19, '2025-04-21', '11:45:00', 'Eye irritation', 'Completed', 'Normal', 246);
INSERT INTO Visit (MemberID, DoctorID, AppointmentID, VisitDate, VisitTime, ChiefComplaint, Diagnosis, VitalSigns, TreatmentNotes, FollowUpRequired, FollowUpDate, VisitType, Status) VALUES (174, 19, 357, '2025-04-21', '15:20:00', 'Eye irritation', 'Nausea and vomiting', '{"bp":"118/85","temp":101.2}', 'Advised rest, medication prescribed', TRUE, '2026-04-02', 'Scheduled', 'Completed');
INSERT INTO Prescription (VisitID, MemberID, DoctorID, IssueDate, ValidUntil, Diagnosis, SpecialInstructions, Status) VALUES (190, 174, 19, '2025-04-21', '2025-05-01', 'Nausea and vomiting', 'Take medicines after meals', 'Active');
INSERT INTO PrescriptionItem (PrescriptionID, MedicineID, Dosage, Frequency, Duration, Quantity) VALUES (190, 6, '5mg', 'Twice daily', '7 days', 15);
INSERT INTO PrescriptionItem (PrescriptionID, MedicineID, Dosage, Frequency, Duration, Quantity) VALUES (190, 33, '20mg', 'Once daily', '5 days', 15);
INSERT INTO PrescriptionItem (PrescriptionID, MedicineID, Dosage, Frequency, Duration, Quantity) VALUES (190, 10, '400mg', 'Once daily', '3 days', 7);
INSERT INTO BillPayment (VisitID, BillDate, BillTime, ConsultationFee, MedicineCost, LabTestCost, OtherCharges, SubTotal, DiscountAmount, TaxAmount, TotalAmount, PaymentMethod, PaymentStatus, PaidAmount, BalanceAmount, BilledBy) VALUES (190, '2025-04-21', '17:45:00', 100, 32.71, 0.00, 0.00, 132.71, 0.0, 0.0, 132.71, 'Card', 'Paid', 132.71, 0.00, 2);
INSERT INTO Appointment (MemberID, DoctorID, AppointmentDate, AppointmentTime, Symptoms, Status, Priority, TokenNumber) VALUES (174, 15, '2026-03-18', '10:45:00', 'Knee pain', 'Scheduled', 'Normal', 300);
INSERT INTO Appointment (MemberID, DoctorID, AppointmentDate, AppointmentTime, Symptoms, Status, Priority, TokenNumber) VALUES (175, 51, '2026-05-14', '13:15:00', 'Chest pain', 'Scheduled', 'Urgent', 138);
INSERT INTO Appointment (MemberID, DoctorID, AppointmentDate, AppointmentTime, Symptoms, Status, Priority, TokenNumber) VALUES (175, 27, '2025-08-22', '13:45:00', 'Cold and cough', 'Completed', 'Normal', 214);
INSERT INTO Visit (MemberID, DoctorID, AppointmentID, VisitDate, VisitTime, ChiefComplaint, Diagnosis, VitalSigns, TreatmentNotes, FollowUpRequired, FollowUpDate, VisitType, Status) VALUES (175, 27, 360, '2025-08-22', '12:20:00', 'Cold and cough', 'Nausea and vomiting', '{"bp":"139/87","temp":99.8}', 'Advised rest, medication prescribed', FALSE, NULL, 'Scheduled', 'Completed');
INSERT INTO Prescription (VisitID, MemberID, DoctorID, IssueDate, ValidUntil, Diagnosis, SpecialInstructions, Status) VALUES (191, 175, 27, '2025-08-22', '2025-09-01', 'Nausea and vomiting', 'Take medicines after meals', 'Active');
INSERT INTO PrescriptionItem (PrescriptionID, MedicineID, Dosage, Frequency, Duration, Quantity) VALUES (191, 12, '5mg', 'Thrice daily', '10 days', 5);
INSERT INTO PrescriptionItem (PrescriptionID, MedicineID, Dosage, Frequency, Duration, Quantity) VALUES (191, 21, '20mg', 'Once daily', '7 days', 8);
INSERT INTO PrescriptionItem (PrescriptionID, MedicineID, Dosage, Frequency, Duration, Quantity) VALUES (191, 15, '500mg', 'As needed', '10 days', 7);
INSERT INTO BillPayment (VisitID, BillDate, BillTime, ConsultationFee, MedicineCost, LabTestCost, OtherCharges, SubTotal, DiscountAmount, TaxAmount, TotalAmount, PaymentMethod, PaymentStatus, PaidAmount, BalanceAmount, BilledBy) VALUES (191, '2025-08-22', '14:30:00', 0, 130.17, 0.00, 0.00, 130.17, 0.0, 0.0, 130.17, 'Free', 'Paid', 130.17, 0.00, 2);
INSERT INTO Appointment (MemberID, DoctorID, AppointmentDate, AppointmentTime, Symptoms, Status, Priority, TokenNumber) VALUES (176, 6, '2025-08-26', '11:15:00', 'Anxiety', 'Completed', 'Normal', 102);
INSERT INTO Visit (MemberID, DoctorID, AppointmentID, VisitDate, VisitTime, ChiefComplaint, Diagnosis, VitalSigns, TreatmentNotes, FollowUpRequired, FollowUpDate, VisitType, Status) VALUES (176, 6, 361, '2025-08-26', '09:20:00', 'Anxiety', 'GERD', '{"bp":"120/73","temp":97.2}', 'Advised rest, medication prescribed', FALSE, NULL, 'Scheduled', 'Completed');
INSERT INTO Prescription (VisitID, MemberID, DoctorID, IssueDate, ValidUntil, Diagnosis, SpecialInstructions, Status) VALUES (192, 176, 6, '2025-08-26', '2025-09-05', 'GERD', 'Take medicines after meals', 'Active');
INSERT INTO PrescriptionItem (PrescriptionID, MedicineID, Dosage, Frequency, Duration, Quantity) VALUES (192, 2, '500mg', 'Once daily', '3 days', 10);
INSERT INTO PrescriptionItem (PrescriptionID, MedicineID, Dosage, Frequency, Duration, Quantity) VALUES (192, 7, '20mg', 'As needed', '3 days', 12);
INSERT INTO PrescriptionItem (PrescriptionID, MedicineID, Dosage, Frequency, Duration, Quantity) VALUES (192, 15, '400mg', 'Once daily', '5 days', 8);
INSERT INTO BillPayment (VisitID, BillDate, BillTime, ConsultationFee, MedicineCost, LabTestCost, OtherCharges, SubTotal, DiscountAmount, TaxAmount, TotalAmount, PaymentMethod, PaymentStatus, PaidAmount, BalanceAmount, BilledBy) VALUES (192, '2025-08-26', '15:00:00', 100, 217.16, 0.00, 0.00, 317.16, 0.0, 0.0, 317.16, 'Free', 'Paid', 317.16, 0.00, 2);
INSERT INTO Appointment (MemberID, DoctorID, AppointmentDate, AppointmentTime, Symptoms, Status, Priority, TokenNumber) VALUES (176, 44, '2026-04-09', '09:45:00', 'Muscle cramps', 'Scheduled', 'Normal', 159);
INSERT INTO Appointment (MemberID, DoctorID, AppointmentDate, AppointmentTime, Symptoms, Status, Priority, TokenNumber) VALUES (177, 21, '2026-04-22', '10:15:00', 'Fever', 'Scheduled', 'Urgent', 270);
INSERT INTO Appointment (MemberID, DoctorID, AppointmentDate, AppointmentTime, Symptoms, Status, Priority, TokenNumber) VALUES (177, 9, '2025-10-08', '14:00:00', 'Fever', 'Completed', 'Normal', 206);
INSERT INTO Visit (MemberID, DoctorID, AppointmentID, VisitDate, VisitTime, ChiefComplaint, Diagnosis, VitalSigns, TreatmentNotes, FollowUpRequired, FollowUpDate, VisitType, Status) VALUES (177, 9, 364, '2025-10-08', '09:05:00', 'Fever', 'Electrolyte imbalance', '{"bp":"120/76","temp":101.7}', 'Advised rest, medication prescribed', FALSE, NULL, 'Scheduled', 'Completed');
INSERT INTO Prescription (VisitID, MemberID, DoctorID, IssueDate, ValidUntil, Diagnosis, SpecialInstructions, Status) VALUES (193, 177, 9, '2025-10-08', '2025-10-18', 'Electrolyte imbalance', 'Take medicines after meals', 'Active');
INSERT INTO PrescriptionItem (PrescriptionID, MedicineID, Dosage, Frequency, Duration, Quantity) VALUES (193, 23, '5mg', 'Thrice daily', '3 days', 10);
INSERT INTO PrescriptionItem (PrescriptionID, MedicineID, Dosage, Frequency, Duration, Quantity) VALUES (193, 17, '10mg', 'Once daily', '10 days', 4);
INSERT INTO BillPayment (VisitID, BillDate, BillTime, ConsultationFee, MedicineCost, LabTestCost, OtherCharges, SubTotal, DiscountAmount, TaxAmount, TotalAmount, PaymentMethod, PaymentStatus, PaidAmount, BalanceAmount, BilledBy) VALUES (193, '2025-10-08', '16:00:00', 150, 217.17, 0.00, 0.00, 367.17, 0.0, 0.0, 367.17, 'UPI', 'Paid', 367.17, 0.00, 2);
INSERT INTO Appointment (MemberID, DoctorID, AppointmentDate, AppointmentTime, Symptoms, Status, Priority, TokenNumber) VALUES (178, 23, '2026-06-02', '14:00:00', 'Dizziness', 'Scheduled', 'Normal', 116);
INSERT INTO Appointment (MemberID, DoctorID, AppointmentDate, AppointmentTime, Symptoms, Status, Priority, TokenNumber) VALUES (178, 4, '2025-08-28', '13:15:00', 'Knee pain', 'Completed', 'Normal', 103);
INSERT INTO Visit (MemberID, DoctorID, AppointmentID, VisitDate, VisitTime, ChiefComplaint, Diagnosis, VitalSigns, TreatmentNotes, FollowUpRequired, FollowUpDate, VisitType, Status) VALUES (178, 4, 366, '2025-08-28', '10:05:00', 'Knee pain', 'Nausea and vomiting', '{"bp":"140/71","temp":101.8}', 'Advised rest, medication prescribed', TRUE, '2026-03-29', 'Scheduled', 'Completed');
INSERT INTO Prescription (VisitID, MemberID, DoctorID, IssueDate, ValidUntil, Diagnosis, SpecialInstructions, Status) VALUES (194, 178, 4, '2025-08-28', '2025-09-07', 'Nausea and vomiting', 'Take medicines after meals', 'Active');
INSERT INTO PrescriptionItem (PrescriptionID, MedicineID, Dosage, Frequency, Duration, Quantity) VALUES (194, 3, '500mg', 'Once daily', '7 days', 13);
INSERT INTO PrescriptionItem (PrescriptionID, MedicineID, Dosage, Frequency, Duration, Quantity) VALUES (194, 33, '20mg', 'Once daily', '5 days', 13);
INSERT INTO PrescriptionItem (PrescriptionID, MedicineID, Dosage, Frequency, Duration, Quantity) VALUES (194, 19, '10mg', 'Twice daily', '7 days', 8);
INSERT INTO BillPayment (VisitID, BillDate, BillTime, ConsultationFee, MedicineCost, LabTestCost, OtherCharges, SubTotal, DiscountAmount, TaxAmount, TotalAmount, PaymentMethod, PaymentStatus, PaidAmount, BalanceAmount, BilledBy) VALUES (194, '2025-08-28', '11:00:00', 50, 274.6, 0.00, 0.00, 324.6, 0.0, 0.0, 324.6, 'Card', 'Paid', 324.6, 0.00, 2);
INSERT INTO Appointment (MemberID, DoctorID, AppointmentDate, AppointmentTime, Symptoms, Status, Priority, TokenNumber) VALUES (179, 24, '2026-02-28', '09:45:00', 'Allergic reaction', 'Completed', 'Normal', 247);
INSERT INTO Visit (MemberID, DoctorID, AppointmentID, VisitDate, VisitTime, ChiefComplaint, Diagnosis, VitalSigns, TreatmentNotes, FollowUpRequired, FollowUpDate, VisitType, Status) VALUES (179, 24, 367, '2026-02-28', '09:35:00', 'Allergic reaction', 'Viral fever', '{"bp":"140/87","temp":97.3}', 'Advised rest, medication prescribed', FALSE, NULL, 'Scheduled', 'Completed');
INSERT INTO Prescription (VisitID, MemberID, DoctorID, IssueDate, ValidUntil, Diagnosis, SpecialInstructions, Status) VALUES (195, 179, 24, '2026-02-28', '2026-03-10', 'Viral fever', 'Take medicines after meals', 'Active');
INSERT INTO PrescriptionItem (PrescriptionID, MedicineID, Dosage, Frequency, Duration, Quantity) VALUES (195, 29, '500mg', 'Twice daily', '10 days', 11);
INSERT INTO PrescriptionItem (PrescriptionID, MedicineID, Dosage, Frequency, Duration, Quantity) VALUES (195, 31, '10mg', 'Twice daily', '5 days', 13);
INSERT INTO PrescriptionItem (PrescriptionID, MedicineID, Dosage, Frequency, Duration, Quantity) VALUES (195, 17, '250mg', 'Thrice daily', '7 days', 12);
INSERT INTO BillPayment (VisitID, BillDate, BillTime, ConsultationFee, MedicineCost, LabTestCost, OtherCharges, SubTotal, DiscountAmount, TaxAmount, TotalAmount, PaymentMethod, PaymentStatus, PaidAmount, BalanceAmount, BilledBy) VALUES (195, '2026-02-28', '09:45:00', 100, 261.33, 0.00, 0.00, 361.33, 0.0, 0.0, 361.33, 'Cash', 'Paid', 361.33, 0.00, 2);
INSERT INTO Appointment (MemberID, DoctorID, AppointmentDate, AppointmentTime, Symptoms, Status, Priority, TokenNumber) VALUES (179, 32, '2025-12-27', '14:30:00', 'Fever', 'Completed', 'Normal', 262);
INSERT INTO Visit (MemberID, DoctorID, AppointmentID, VisitDate, VisitTime, ChiefComplaint, Diagnosis, VitalSigns, TreatmentNotes, FollowUpRequired, FollowUpDate, VisitType, Status) VALUES (179, 32, 368, '2025-12-27', '09:05:00', 'Fever', 'Asthma', '{"bp":"122/80","temp":98.4}', 'Advised rest, medication prescribed', FALSE, NULL, 'Scheduled', 'Completed');
INSERT INTO Prescription (VisitID, MemberID, DoctorID, IssueDate, ValidUntil, Diagnosis, SpecialInstructions, Status) VALUES (196, 179, 32, '2025-12-27', '2026-01-06', 'Asthma', 'Take medicines after meals', 'Active');
INSERT INTO PrescriptionItem (PrescriptionID, MedicineID, Dosage, Frequency, Duration, Quantity) VALUES (196, 12, '5mg', 'Thrice daily', '5 days', 12);
INSERT INTO PrescriptionItem (PrescriptionID, MedicineID, Dosage, Frequency, Duration, Quantity) VALUES (196, 19, '500mg', 'Twice daily', '5 days', 6);
INSERT INTO PrescriptionItem (PrescriptionID, MedicineID, Dosage, Frequency, Duration, Quantity) VALUES (196, 7, '250mg', 'Thrice daily', '7 days', 4);
INSERT INTO BillPayment (VisitID, BillDate, BillTime, ConsultationFee, MedicineCost, LabTestCost, OtherCharges, SubTotal, DiscountAmount, TaxAmount, TotalAmount, PaymentMethod, PaymentStatus, PaidAmount, BalanceAmount, BilledBy) VALUES (196, '2025-12-27', '09:45:00', 0, 24.27, 0.00, 0.00, 24.27, 0.0, 0.0, 24.27, 'Cash', 'Paid', 24.27, 0.00, 2);
INSERT INTO Appointment (MemberID, DoctorID, AppointmentDate, AppointmentTime, Symptoms, Status, Priority, TokenNumber) VALUES (180, 54, '2026-03-18', '14:15:00', 'Fever', 'Scheduled', 'Normal', 238);
INSERT INTO Appointment (MemberID, DoctorID, AppointmentDate, AppointmentTime, Symptoms, Status, Priority, TokenNumber) VALUES (180, 36, '2026-05-23', '13:15:00', 'Fever', 'Scheduled', 'Normal', 129);
INSERT INTO Appointment (MemberID, DoctorID, AppointmentDate, AppointmentTime, Symptoms, Status, Priority, TokenNumber) VALUES (181, 6, '2025-08-02', '12:15:00', 'Acid reflux', 'Completed', 'Urgent', 172);
INSERT INTO Visit (MemberID, DoctorID, AppointmentID, VisitDate, VisitTime, ChiefComplaint, Diagnosis, VitalSigns, TreatmentNotes, FollowUpRequired, FollowUpDate, VisitType, Status) VALUES (181, 6, 371, '2025-08-02', '14:35:00', 'Acid reflux', 'Viral gastroenteritis', '{"bp":"138/88","temp":100.1}', 'Advised rest, medication prescribed', FALSE, NULL, 'Scheduled', 'Completed');
INSERT INTO Prescription (VisitID, MemberID, DoctorID, IssueDate, ValidUntil, Diagnosis, SpecialInstructions, Status) VALUES (197, 181, 6, '2025-08-02', '2025-08-12', 'Viral gastroenteritis', 'Take medicines after meals', 'Active');
INSERT INTO PrescriptionItem (PrescriptionID, MedicineID, Dosage, Frequency, Duration, Quantity) VALUES (197, 21, '250mg', 'As needed', '7 days', 5);
INSERT INTO PrescriptionItem (PrescriptionID, MedicineID, Dosage, Frequency, Duration, Quantity) VALUES (197, 12, '5mg', 'Once daily', '5 days', 6);
INSERT INTO PrescriptionItem (PrescriptionID, MedicineID, Dosage, Frequency, Duration, Quantity) VALUES (197, 6, '5mg', 'Twice daily', '3 days', 14);
INSERT INTO BillPayment (VisitID, BillDate, BillTime, ConsultationFee, MedicineCost, LabTestCost, OtherCharges, SubTotal, DiscountAmount, TaxAmount, TotalAmount, PaymentMethod, PaymentStatus, PaidAmount, BalanceAmount, BilledBy) VALUES (197, '2025-08-02', '17:15:00', 50, 148.12, 0.00, 0.00, 198.12, 0.0, 0.0, 198.12, 'Card', 'Paid', 198.12, 0.00, 2);
INSERT INTO Appointment (MemberID, DoctorID, AppointmentDate, AppointmentTime, Symptoms, Status, Priority, TokenNumber) VALUES (181, 5, '2025-07-23', '09:15:00', 'Fever', 'Completed', 'Urgent', 129);
INSERT INTO Visit (MemberID, DoctorID, AppointmentID, VisitDate, VisitTime, ChiefComplaint, Diagnosis, VitalSigns, TreatmentNotes, FollowUpRequired, FollowUpDate, VisitType, Status) VALUES (181, 5, 372, '2025-07-23', '14:10:00', 'Fever', 'Tension headache', '{"bp":"110/75","temp":98.0}', 'Advised rest, medication prescribed', TRUE, '2026-04-11', 'Scheduled', 'Completed');
INSERT INTO Prescription (VisitID, MemberID, DoctorID, IssueDate, ValidUntil, Diagnosis, SpecialInstructions, Status) VALUES (198, 181, 5, '2025-07-23', '2025-08-02', 'Tension headache', 'Take medicines after meals', 'Active');
INSERT INTO PrescriptionItem (PrescriptionID, MedicineID, Dosage, Frequency, Duration, Quantity) VALUES (198, 7, '500mg', 'Thrice daily', '3 days', 11);
INSERT INTO PrescriptionItem (PrescriptionID, MedicineID, Dosage, Frequency, Duration, Quantity) VALUES (198, 11, '20mg', 'As needed', '3 days', 13);
INSERT INTO BillPayment (VisitID, BillDate, BillTime, ConsultationFee, MedicineCost, LabTestCost, OtherCharges, SubTotal, DiscountAmount, TaxAmount, TotalAmount, PaymentMethod, PaymentStatus, PaidAmount, BalanceAmount, BilledBy) VALUES (198, '2025-07-23', '10:00:00', 100, 178.35, 0.00, 0.00, 278.35, 0.0, 0.0, 278.35, 'Free', 'Paid', 278.35, 0.00, 2);
INSERT INTO Appointment (MemberID, DoctorID, AppointmentDate, AppointmentTime, Symptoms, Status, Priority, TokenNumber) VALUES (182, 33, '2025-06-16', '14:30:00', 'Insomnia', 'Completed', 'Normal', 286);
INSERT INTO Visit (MemberID, DoctorID, AppointmentID, VisitDate, VisitTime, ChiefComplaint, Diagnosis, VitalSigns, TreatmentNotes, FollowUpRequired, FollowUpDate, VisitType, Status) VALUES (182, 33, 373, '2025-06-16', '14:35:00', 'Insomnia', 'Generalised anxiety disorder', '{"bp":"125/75","temp":100.9}', 'Advised rest, medication prescribed', FALSE, NULL, 'Scheduled', 'Completed');
INSERT INTO Prescription (VisitID, MemberID, DoctorID, IssueDate, ValidUntil, Diagnosis, SpecialInstructions, Status) VALUES (199, 182, 33, '2025-06-16', '2025-06-26', 'Generalised anxiety disorder', 'Take medicines after meals', 'Active');
INSERT INTO PrescriptionItem (PrescriptionID, MedicineID, Dosage, Frequency, Duration, Quantity) VALUES (199, 25, '500mg', 'Once daily', '7 days', 6);
INSERT INTO PrescriptionItem (PrescriptionID, MedicineID, Dosage, Frequency, Duration, Quantity) VALUES (199, 34, '5mg', 'Twice daily', '3 days', 11);
INSERT INTO BillPayment (VisitID, BillDate, BillTime, ConsultationFee, MedicineCost, LabTestCost, OtherCharges, SubTotal, DiscountAmount, TaxAmount, TotalAmount, PaymentMethod, PaymentStatus, PaidAmount, BalanceAmount, BilledBy) VALUES (199, '2025-06-16', '17:45:00', 150, 190.42, 0.00, 0.00, 340.42, 0.0, 0.0, 340.42, 'UPI', 'Paid', 340.42, 0.00, 2);
INSERT INTO Appointment (MemberID, DoctorID, AppointmentDate, AppointmentTime, Symptoms, Status, Priority, TokenNumber) VALUES (182, 12, '2026-04-23', '14:30:00', 'Cold and cough', 'Scheduled', 'Normal', 231);
INSERT INTO Appointment (MemberID, DoctorID, AppointmentDate, AppointmentTime, Symptoms, Status, Priority, TokenNumber) VALUES (183, 9, '2025-07-16', '11:00:00', 'Cold and cough', 'Completed', 'Normal', 154);
INSERT INTO Visit (MemberID, DoctorID, AppointmentID, VisitDate, VisitTime, ChiefComplaint, Diagnosis, VitalSigns, TreatmentNotes, FollowUpRequired, FollowUpDate, VisitType, Status) VALUES (183, 9, 375, '2025-07-16', '13:10:00', 'Cold and cough', 'GERD', '{"bp":"136/77","temp":97.7}', 'Advised rest, medication prescribed', FALSE, NULL, 'Scheduled', 'Completed');
INSERT INTO Prescription (VisitID, MemberID, DoctorID, IssueDate, ValidUntil, Diagnosis, SpecialInstructions, Status) VALUES (200, 183, 9, '2025-07-16', '2025-07-26', 'GERD', 'Take medicines after meals', 'Active');
INSERT INTO PrescriptionItem (PrescriptionID, MedicineID, Dosage, Frequency, Duration, Quantity) VALUES (200, 4, '500mg', 'Thrice daily', '7 days', 10);
INSERT INTO PrescriptionItem (PrescriptionID, MedicineID, Dosage, Frequency, Duration, Quantity) VALUES (200, 17, '10mg', 'Twice daily', '5 days', 14);
INSERT INTO BillPayment (VisitID, BillDate, BillTime, ConsultationFee, MedicineCost, LabTestCost, OtherCharges, SubTotal, DiscountAmount, TaxAmount, TotalAmount, PaymentMethod, PaymentStatus, PaidAmount, BalanceAmount, BilledBy) VALUES (200, '2025-07-16', '15:30:00', 200, 229.38, 0.00, 0.00, 429.38, 0.0, 0.0, 429.38, 'Cash', 'Paid', 429.38, 0.00, 2);
INSERT INTO Appointment (MemberID, DoctorID, AppointmentDate, AppointmentTime, Symptoms, Status, Priority, TokenNumber) VALUES (183, 37, '2026-03-18', '12:00:00', 'Vomiting', 'Scheduled', 'Normal', 260);
INSERT INTO Appointment (MemberID, DoctorID, AppointmentDate, AppointmentTime, Symptoms, Status, Priority, TokenNumber) VALUES (184, 48, '2026-02-27', '12:00:00', 'Back pain', 'Completed', 'Urgent', 278);
INSERT INTO Visit (MemberID, DoctorID, AppointmentID, VisitDate, VisitTime, ChiefComplaint, Diagnosis, VitalSigns, TreatmentNotes, FollowUpRequired, FollowUpDate, VisitType, Status) VALUES (184, 48, 377, '2026-02-27', '12:10:00', 'Back pain', 'Myalgia', '{"bp":"125/81","temp":101.7}', 'Advised rest, medication prescribed', TRUE, '2026-04-08', 'Scheduled', 'Completed');
INSERT INTO Prescription (VisitID, MemberID, DoctorID, IssueDate, ValidUntil, Diagnosis, SpecialInstructions, Status) VALUES (201, 184, 48, '2026-02-27', '2026-03-09', 'Myalgia', 'Take medicines after meals', 'Active');
INSERT INTO PrescriptionItem (PrescriptionID, MedicineID, Dosage, Frequency, Duration, Quantity) VALUES (201, 7, '10mg', 'Twice daily', '3 days', 15);
INSERT INTO PrescriptionItem (PrescriptionID, MedicineID, Dosage, Frequency, Duration, Quantity) VALUES (201, 16, '250mg', 'Once daily', '10 days', 8);
INSERT INTO BillPayment (VisitID, BillDate, BillTime, ConsultationFee, MedicineCost, LabTestCost, OtherCharges, SubTotal, DiscountAmount, TaxAmount, TotalAmount, PaymentMethod, PaymentStatus, PaidAmount, BalanceAmount, BilledBy) VALUES (201, '2026-02-27', '12:00:00', 0, 134.0, 0.00, 0.00, 134.0, 0.0, 0.0, 134.0, 'Free', 'Paid', 134.0, 0.00, 2);
INSERT INTO Appointment (MemberID, DoctorID, AppointmentDate, AppointmentTime, Symptoms, Status, Priority, TokenNumber) VALUES (184, 44, '2026-03-26', '14:15:00', 'Ear pain', 'Scheduled', 'Normal', 191);
INSERT INTO Appointment (MemberID, DoctorID, AppointmentDate, AppointmentTime, Symptoms, Status, Priority, TokenNumber) VALUES (185, 26, '2026-03-31', '12:15:00', 'Headache', 'Scheduled', 'Normal', 266);
INSERT INTO Appointment (MemberID, DoctorID, AppointmentDate, AppointmentTime, Symptoms, Status, Priority, TokenNumber) VALUES (185, 11, '2026-03-30', '15:00:00', 'Allergic reaction', 'Scheduled', 'Normal', 255);
INSERT INTO Appointment (MemberID, DoctorID, AppointmentDate, AppointmentTime, Symptoms, Status, Priority, TokenNumber) VALUES (186, 3, '2026-04-08', '12:00:00', 'Fever', 'Scheduled', 'Normal', 289);
INSERT INTO Appointment (MemberID, DoctorID, AppointmentDate, AppointmentTime, Symptoms, Status, Priority, TokenNumber) VALUES (186, 35, '2026-03-27', '15:45:00', 'Stomach ache', 'Scheduled', 'Normal', 120);
INSERT INTO Appointment (MemberID, DoctorID, AppointmentDate, AppointmentTime, Symptoms, Status, Priority, TokenNumber) VALUES (187, 52, '2026-04-03', '15:45:00', 'Fever', 'Scheduled', 'Normal', 193);
INSERT INTO Appointment (MemberID, DoctorID, AppointmentDate, AppointmentTime, Symptoms, Status, Priority, TokenNumber) VALUES (187, 26, '2025-09-10', '15:45:00', 'Ear pain', 'Completed', 'Emergency', 110);
INSERT INTO Visit (MemberID, DoctorID, AppointmentID, VisitDate, VisitTime, ChiefComplaint, Diagnosis, VitalSigns, TreatmentNotes, FollowUpRequired, FollowUpDate, VisitType, Status) VALUES (187, 26, 384, '2025-09-10', '12:35:00', 'Ear pain', 'Contact dermatitis', '{"bp":"112/88","temp":99.8}', 'Advised rest, medication prescribed', FALSE, NULL, 'Scheduled', 'Completed');
INSERT INTO Prescription (VisitID, MemberID, DoctorID, IssueDate, ValidUntil, Diagnosis, SpecialInstructions, Status) VALUES (202, 187, 26, '2025-09-10', '2025-09-20', 'Contact dermatitis', 'Take medicines after meals', 'Active');
INSERT INTO PrescriptionItem (PrescriptionID, MedicineID, Dosage, Frequency, Duration, Quantity) VALUES (202, 24, '20mg', 'Thrice daily', '7 days', 7);
INSERT INTO PrescriptionItem (PrescriptionID, MedicineID, Dosage, Frequency, Duration, Quantity) VALUES (202, 4, '400mg', 'Once daily', '10 days', 9);
INSERT INTO PrescriptionItem (PrescriptionID, MedicineID, Dosage, Frequency, Duration, Quantity) VALUES (202, 20, '5mg', 'Twice daily', '7 days', 12);
INSERT INTO BillPayment (VisitID, BillDate, BillTime, ConsultationFee, MedicineCost, LabTestCost, OtherCharges, SubTotal, DiscountAmount, TaxAmount, TotalAmount, PaymentMethod, PaymentStatus, PaidAmount, BalanceAmount, BilledBy) VALUES (202, '2025-09-10', '14:00:00', 50, 220.84, 0.00, 0.00, 270.84, 0.0, 0.0, 270.84, 'Free', 'Paid', 270.84, 0.00, 2);
INSERT INTO Appointment (MemberID, DoctorID, AppointmentDate, AppointmentTime, Symptoms, Status, Priority, TokenNumber) VALUES (188, 20, '2026-03-18', '15:15:00', 'Ear pain', 'Scheduled', 'Normal', 143);
INSERT INTO Appointment (MemberID, DoctorID, AppointmentDate, AppointmentTime, Symptoms, Status, Priority, TokenNumber) VALUES (188, 25, '2026-01-16', '10:30:00', 'Body pain', 'Completed', 'Normal', 205);
INSERT INTO Visit (MemberID, DoctorID, AppointmentID, VisitDate, VisitTime, ChiefComplaint, Diagnosis, VitalSigns, TreatmentNotes, FollowUpRequired, FollowUpDate, VisitType, Status) VALUES (188, 25, 386, '2026-01-16', '11:20:00', 'Body pain', 'Viral gastroenteritis', '{"bp":"127/80","temp":98.5}', 'Advised rest, medication prescribed', FALSE, NULL, 'Scheduled', 'Completed');
INSERT INTO Prescription (VisitID, MemberID, DoctorID, IssueDate, ValidUntil, Diagnosis, SpecialInstructions, Status) VALUES (203, 188, 25, '2026-01-16', '2026-01-26', 'Viral gastroenteritis', 'Take medicines after meals', 'Active');
INSERT INTO PrescriptionItem (PrescriptionID, MedicineID, Dosage, Frequency, Duration, Quantity) VALUES (203, 7, '20mg', 'Once daily', '10 days', 12);
INSERT INTO PrescriptionItem (PrescriptionID, MedicineID, Dosage, Frequency, Duration, Quantity) VALUES (203, 33, '400mg', 'Once daily', '10 days', 5);
INSERT INTO BillPayment (VisitID, BillDate, BillTime, ConsultationFee, MedicineCost, LabTestCost, OtherCharges, SubTotal, DiscountAmount, TaxAmount, TotalAmount, PaymentMethod, PaymentStatus, PaidAmount, BalanceAmount, BilledBy) VALUES (203, '2026-01-16', '15:30:00', 50, 222.82, 0.00, 0.00, 272.82, 0.0, 0.0, 272.82, 'Cash', 'Paid', 272.82, 0.00, 2);
INSERT INTO Appointment (MemberID, DoctorID, AppointmentDate, AppointmentTime, Symptoms, Status, Priority, TokenNumber) VALUES (189, 15, '2025-09-25', '12:15:00', 'Joint pain', 'Completed', 'Emergency', 172);
INSERT INTO Visit (MemberID, DoctorID, AppointmentID, VisitDate, VisitTime, ChiefComplaint, Diagnosis, VitalSigns, TreatmentNotes, FollowUpRequired, FollowUpDate, VisitType, Status) VALUES (189, 15, 387, '2025-09-25', '11:20:00', 'Joint pain', 'Otitis media', '{"bp":"121/87","temp":98.3}', 'Advised rest, medication prescribed', FALSE, NULL, 'Scheduled', 'Completed');
INSERT INTO Prescription (VisitID, MemberID, DoctorID, IssueDate, ValidUntil, Diagnosis, SpecialInstructions, Status) VALUES (204, 189, 15, '2025-09-25', '2025-10-05', 'Otitis media', 'Take medicines after meals', 'Active');
INSERT INTO PrescriptionItem (PrescriptionID, MedicineID, Dosage, Frequency, Duration, Quantity) VALUES (204, 17, '500mg', 'Twice daily', '3 days', 4);
INSERT INTO PrescriptionItem (PrescriptionID, MedicineID, Dosage, Frequency, Duration, Quantity) VALUES (204, 13, '400mg', 'Thrice daily', '10 days', 9);
INSERT INTO BillPayment (VisitID, BillDate, BillTime, ConsultationFee, MedicineCost, LabTestCost, OtherCharges, SubTotal, DiscountAmount, TaxAmount, TotalAmount, PaymentMethod, PaymentStatus, PaidAmount, BalanceAmount, BilledBy) VALUES (204, '2025-09-25', '14:45:00', 0, 124.68, 0.00, 0.00, 124.68, 0.0, 0.0, 124.68, 'Card', 'Paid', 124.68, 0.00, 2);
INSERT INTO Appointment (MemberID, DoctorID, AppointmentDate, AppointmentTime, Symptoms, Status, Priority, TokenNumber) VALUES (189, 50, '2026-06-15', '13:45:00', 'Chest pain', 'Scheduled', 'Normal', 202);
INSERT INTO Appointment (MemberID, DoctorID, AppointmentDate, AppointmentTime, Symptoms, Status, Priority, TokenNumber) VALUES (190, 38, '2026-04-22', '14:15:00', 'Shortness of breath', 'Scheduled', 'Emergency', 211);
INSERT INTO Appointment (MemberID, DoctorID, AppointmentDate, AppointmentTime, Symptoms, Status, Priority, TokenNumber) VALUES (190, 24, '2025-10-30', '15:45:00', 'Joint pain', 'Completed', 'Normal', 228);
INSERT INTO Visit (MemberID, DoctorID, AppointmentID, VisitDate, VisitTime, ChiefComplaint, Diagnosis, VitalSigns, TreatmentNotes, FollowUpRequired, FollowUpDate, VisitType, Status) VALUES (190, 24, 390, '2025-10-30', '10:35:00', 'Joint pain', 'Contact dermatitis', '{"bp":"114/72","temp":98.0}', 'Advised rest, medication prescribed', TRUE, '2026-04-02', 'Scheduled', 'Completed');
INSERT INTO Prescription (VisitID, MemberID, DoctorID, IssueDate, ValidUntil, Diagnosis, SpecialInstructions, Status) VALUES (205, 190, 24, '2025-10-30', '2025-11-09', 'Contact dermatitis', 'Take medicines after meals', 'Active');
INSERT INTO PrescriptionItem (PrescriptionID, MedicineID, Dosage, Frequency, Duration, Quantity) VALUES (205, 24, '400mg', 'Once daily', '7 days', 12);
INSERT INTO PrescriptionItem (PrescriptionID, MedicineID, Dosage, Frequency, Duration, Quantity) VALUES (205, 2, '10mg', 'Once daily', '7 days', 5);
INSERT INTO PrescriptionItem (PrescriptionID, MedicineID, Dosage, Frequency, Duration, Quantity) VALUES (205, 35, '5mg', 'Twice daily', '7 days', 15);
INSERT INTO BillPayment (VisitID, BillDate, BillTime, ConsultationFee, MedicineCost, LabTestCost, OtherCharges, SubTotal, DiscountAmount, TaxAmount, TotalAmount, PaymentMethod, PaymentStatus, PaidAmount, BalanceAmount, BilledBy) VALUES (205, '2025-10-30', '13:45:00', 100, 181.2, 0.00, 0.00, 281.2, 0.0, 0.0, 281.2, 'Free', 'Paid', 281.2, 0.00, 2);
INSERT INTO Appointment (MemberID, DoctorID, AppointmentDate, AppointmentTime, Symptoms, Status, Priority, TokenNumber) VALUES (191, 12, '2025-11-15', '09:45:00', 'Back pain', 'Completed', 'Normal', 194);
INSERT INTO Visit (MemberID, DoctorID, AppointmentID, VisitDate, VisitTime, ChiefComplaint, Diagnosis, VitalSigns, TreatmentNotes, FollowUpRequired, FollowUpDate, VisitType, Status) VALUES (191, 12, 391, '2025-11-15', '10:20:00', 'Back pain', 'Electrolyte imbalance', '{"bp":"139/79","temp":97.3}', 'Advised rest, medication prescribed', TRUE, '2026-03-28', 'Scheduled', 'Completed');
INSERT INTO Prescription (VisitID, MemberID, DoctorID, IssueDate, ValidUntil, Diagnosis, SpecialInstructions, Status) VALUES (206, 191, 12, '2025-11-15', '2025-11-25', 'Electrolyte imbalance', 'Take medicines after meals', 'Active');
INSERT INTO PrescriptionItem (PrescriptionID, MedicineID, Dosage, Frequency, Duration, Quantity) VALUES (206, 35, '250mg', 'As needed', '3 days', 7);
INSERT INTO PrescriptionItem (PrescriptionID, MedicineID, Dosage, Frequency, Duration, Quantity) VALUES (206, 13, '10mg', 'Thrice daily', '5 days', 14);
INSERT INTO PrescriptionItem (PrescriptionID, MedicineID, Dosage, Frequency, Duration, Quantity) VALUES (206, 16, '500mg', 'As needed', '10 days', 6);
INSERT INTO BillPayment (VisitID, BillDate, BillTime, ConsultationFee, MedicineCost, LabTestCost, OtherCharges, SubTotal, DiscountAmount, TaxAmount, TotalAmount, PaymentMethod, PaymentStatus, PaidAmount, BalanceAmount, BilledBy) VALUES (206, '2025-11-15', '09:00:00', 150, 83.28, 0.00, 0.00, 233.28, 0.0, 0.0, 233.28, 'Cash', 'Paid', 233.28, 0.00, 2);
INSERT INTO Appointment (MemberID, DoctorID, AppointmentDate, AppointmentTime, Symptoms, Status, Priority, TokenNumber) VALUES (191, 32, '2026-05-03', '11:15:00', 'Sore throat', 'Scheduled', 'Normal', 286);
INSERT INTO Appointment (MemberID, DoctorID, AppointmentDate, AppointmentTime, Symptoms, Status, Priority, TokenNumber) VALUES (192, 36, '2025-06-05', '13:30:00', 'Stomach ache', 'Completed', 'Normal', 268);
INSERT INTO Visit (MemberID, DoctorID, AppointmentID, VisitDate, VisitTime, ChiefComplaint, Diagnosis, VitalSigns, TreatmentNotes, FollowUpRequired, FollowUpDate, VisitType, Status) VALUES (192, 36, 393, '2025-06-05', '11:35:00', 'Stomach ache', 'Lumbar spondylosis', '{"bp":"126/84","temp":98.4}', 'Advised rest, medication prescribed', FALSE, NULL, 'Scheduled', 'Completed');
INSERT INTO Prescription (VisitID, MemberID, DoctorID, IssueDate, ValidUntil, Diagnosis, SpecialInstructions, Status) VALUES (207, 192, 36, '2025-06-05', '2025-06-15', 'Lumbar spondylosis', 'Take medicines after meals', 'Active');
INSERT INTO PrescriptionItem (PrescriptionID, MedicineID, Dosage, Frequency, Duration, Quantity) VALUES (207, 4, '250mg', 'Twice daily', '3 days', 14);
INSERT INTO PrescriptionItem (PrescriptionID, MedicineID, Dosage, Frequency, Duration, Quantity) VALUES (207, 8, '20mg', 'As needed', '7 days', 14);
INSERT INTO PrescriptionItem (PrescriptionID, MedicineID, Dosage, Frequency, Duration, Quantity) VALUES (207, 32, '250mg', 'Twice daily', '10 days', 10);
INSERT INTO BillPayment (VisitID, BillDate, BillTime, ConsultationFee, MedicineCost, LabTestCost, OtherCharges, SubTotal, DiscountAmount, TaxAmount, TotalAmount, PaymentMethod, PaymentStatus, PaidAmount, BalanceAmount, BilledBy) VALUES (207, '2025-06-05', '15:30:00', 150, 56.98, 0.00, 0.00, 206.98, 0.0, 0.0, 206.98, 'Free', 'Paid', 206.98, 0.00, 2);
INSERT INTO Appointment (MemberID, DoctorID, AppointmentDate, AppointmentTime, Symptoms, Status, Priority, TokenNumber) VALUES (192, 27, '2025-07-21', '09:00:00', 'Back pain', 'Completed', 'Urgent', 265);
INSERT INTO Visit (MemberID, DoctorID, AppointmentID, VisitDate, VisitTime, ChiefComplaint, Diagnosis, VitalSigns, TreatmentNotes, FollowUpRequired, FollowUpDate, VisitType, Status) VALUES (192, 27, 394, '2025-07-21', '14:10:00', 'Back pain', 'Common cold', '{"bp":"139/87","temp":97.3}', 'Advised rest, medication prescribed', FALSE, NULL, 'Scheduled', 'Completed');
INSERT INTO Prescription (VisitID, MemberID, DoctorID, IssueDate, ValidUntil, Diagnosis, SpecialInstructions, Status) VALUES (208, 192, 27, '2025-07-21', '2025-07-31', 'Common cold', 'Take medicines after meals', 'Active');
INSERT INTO PrescriptionItem (PrescriptionID, MedicineID, Dosage, Frequency, Duration, Quantity) VALUES (208, 21, '500mg', 'Once daily', '5 days', 10);
INSERT INTO PrescriptionItem (PrescriptionID, MedicineID, Dosage, Frequency, Duration, Quantity) VALUES (208, 34, '400mg', 'Twice daily', '5 days', 4);
INSERT INTO PrescriptionItem (PrescriptionID, MedicineID, Dosage, Frequency, Duration, Quantity) VALUES (208, 3, '10mg', 'Twice daily', '7 days', 10);
INSERT INTO BillPayment (VisitID, BillDate, BillTime, ConsultationFee, MedicineCost, LabTestCost, OtherCharges, SubTotal, DiscountAmount, TaxAmount, TotalAmount, PaymentMethod, PaymentStatus, PaidAmount, BalanceAmount, BilledBy) VALUES (208, '2025-07-21', '13:15:00', 50, 53.58, 0.00, 0.00, 103.58, 0.0, 0.0, 103.58, 'Cash', 'Paid', 103.58, 0.00, 2);
INSERT INTO Appointment (MemberID, DoctorID, AppointmentDate, AppointmentTime, Symptoms, Status, Priority, TokenNumber) VALUES (193, 37, '2026-03-18', '10:15:00', 'Skin rash', 'Scheduled', 'Normal', 260);
INSERT INTO Appointment (MemberID, DoctorID, AppointmentDate, AppointmentTime, Symptoms, Status, Priority, TokenNumber) VALUES (193, 45, '2025-12-23', '09:15:00', 'Sore throat', 'Completed', 'Normal', 259);
INSERT INTO Visit (MemberID, DoctorID, AppointmentID, VisitDate, VisitTime, ChiefComplaint, Diagnosis, VitalSigns, TreatmentNotes, FollowUpRequired, FollowUpDate, VisitType, Status) VALUES (193, 45, 396, '2025-12-23', '14:10:00', 'Sore throat', 'Asthma', '{"bp":"122/75","temp":102.0}', 'Advised rest, medication prescribed', FALSE, NULL, 'Scheduled', 'Completed');
INSERT INTO Prescription (VisitID, MemberID, DoctorID, IssueDate, ValidUntil, Diagnosis, SpecialInstructions, Status) VALUES (209, 193, 45, '2025-12-23', '2026-01-02', 'Asthma', 'Take medicines after meals', 'Active');
INSERT INTO PrescriptionItem (PrescriptionID, MedicineID, Dosage, Frequency, Duration, Quantity) VALUES (209, 12, '250mg', 'Thrice daily', '5 days', 14);
INSERT INTO PrescriptionItem (PrescriptionID, MedicineID, Dosage, Frequency, Duration, Quantity) VALUES (209, 32, '10mg', 'Thrice daily', '5 days', 6);
INSERT INTO BillPayment (VisitID, BillDate, BillTime, ConsultationFee, MedicineCost, LabTestCost, OtherCharges, SubTotal, DiscountAmount, TaxAmount, TotalAmount, PaymentMethod, PaymentStatus, PaidAmount, BalanceAmount, BilledBy) VALUES (209, '2025-12-23', '12:15:00', 50, 67.31, 0.00, 0.00, 117.31, 0.0, 0.0, 117.31, 'Free', 'Paid', 117.31, 0.00, 2);
INSERT INTO Appointment (MemberID, DoctorID, AppointmentDate, AppointmentTime, Symptoms, Status, Priority, TokenNumber) VALUES (194, 34, '2026-03-18', '11:00:00', 'Knee pain', 'Scheduled', 'Normal', 221);
INSERT INTO Appointment (MemberID, DoctorID, AppointmentDate, AppointmentTime, Symptoms, Status, Priority, TokenNumber) VALUES (194, 45, '2026-03-18', '12:30:00', 'Dizziness', 'Scheduled', 'Normal', 208);
INSERT INTO Appointment (MemberID, DoctorID, AppointmentDate, AppointmentTime, Symptoms, Status, Priority, TokenNumber) VALUES (195, 28, '2025-09-19', '09:45:00', 'Skin rash', 'Completed', 'Normal', 112);
INSERT INTO Visit (MemberID, DoctorID, AppointmentID, VisitDate, VisitTime, ChiefComplaint, Diagnosis, VitalSigns, TreatmentNotes, FollowUpRequired, FollowUpDate, VisitType, Status) VALUES (195, 28, 399, '2025-09-19', '16:05:00', 'Skin rash', 'Insomnia', '{"bp":"122/89","temp":99.7}', 'Advised rest, medication prescribed', FALSE, NULL, 'Scheduled', 'Completed');
INSERT INTO Prescription (VisitID, MemberID, DoctorID, IssueDate, ValidUntil, Diagnosis, SpecialInstructions, Status) VALUES (210, 195, 28, '2025-09-19', '2025-09-29', 'Insomnia', 'Take medicines after meals', 'Active');
INSERT INTO PrescriptionItem (PrescriptionID, MedicineID, Dosage, Frequency, Duration, Quantity) VALUES (210, 33, '250mg', 'As needed', '3 days', 4);
INSERT INTO PrescriptionItem (PrescriptionID, MedicineID, Dosage, Frequency, Duration, Quantity) VALUES (210, 11, '500mg', 'As needed', '3 days', 5);
INSERT INTO BillPayment (VisitID, BillDate, BillTime, ConsultationFee, MedicineCost, LabTestCost, OtherCharges, SubTotal, DiscountAmount, TaxAmount, TotalAmount, PaymentMethod, PaymentStatus, PaidAmount, BalanceAmount, BilledBy) VALUES (210, '2025-09-19', '17:15:00', 150, 47.94, 0.00, 0.00, 197.94, 0.0, 0.0, 197.94, 'UPI', 'Paid', 197.94, 0.00, 2);
INSERT INTO Appointment (MemberID, DoctorID, AppointmentDate, AppointmentTime, Symptoms, Status, Priority, TokenNumber) VALUES (195, 46, '2025-07-08', '15:30:00', 'Insomnia', 'Completed', 'Urgent', 299);
INSERT INTO Visit (MemberID, DoctorID, AppointmentID, VisitDate, VisitTime, ChiefComplaint, Diagnosis, VitalSigns, TreatmentNotes, FollowUpRequired, FollowUpDate, VisitType, Status) VALUES (195, 46, 400, '2025-07-08', '16:10:00', 'Insomnia', 'Contact dermatitis', '{"bp":"134/78","temp":97.7}', 'Advised rest, medication prescribed', FALSE, NULL, 'Scheduled', 'Completed');
INSERT INTO Prescription (VisitID, MemberID, DoctorID, IssueDate, ValidUntil, Diagnosis, SpecialInstructions, Status) VALUES (211, 195, 46, '2025-07-08', '2025-07-18', 'Contact dermatitis', 'Take medicines after meals', 'Active');
INSERT INTO PrescriptionItem (PrescriptionID, MedicineID, Dosage, Frequency, Duration, Quantity) VALUES (211, 14, '250mg', 'Twice daily', '3 days', 13);
INSERT INTO PrescriptionItem (PrescriptionID, MedicineID, Dosage, Frequency, Duration, Quantity) VALUES (211, 10, '500mg', 'Thrice daily', '7 days', 5);
INSERT INTO BillPayment (VisitID, BillDate, BillTime, ConsultationFee, MedicineCost, LabTestCost, OtherCharges, SubTotal, DiscountAmount, TaxAmount, TotalAmount, PaymentMethod, PaymentStatus, PaidAmount, BalanceAmount, BilledBy) VALUES (211, '2025-07-08', '11:15:00', 100, 176.86, 0.00, 0.00, 276.86, 0.0, 0.0, 276.86, 'UPI', 'Paid', 276.86, 0.00, 2);
INSERT INTO Appointment (MemberID, DoctorID, AppointmentDate, AppointmentTime, Symptoms, Status, Priority, TokenNumber) VALUES (196, 47, '2026-05-09', '09:45:00', 'Stomach ache', 'Scheduled', 'Urgent', 258);
INSERT INTO Appointment (MemberID, DoctorID, AppointmentDate, AppointmentTime, Symptoms, Status, Priority, TokenNumber) VALUES (196, 22, '2025-04-16', '09:45:00', 'Dizziness', 'Completed', 'Urgent', 262);
INSERT INTO Visit (MemberID, DoctorID, AppointmentID, VisitDate, VisitTime, ChiefComplaint, Diagnosis, VitalSigns, TreatmentNotes, FollowUpRequired, FollowUpDate, VisitType, Status) VALUES (196, 22, 402, '2025-04-16', '16:10:00', 'Dizziness', 'Vitamin D deficiency', '{"bp":"113/87","temp":97.3}', 'Advised rest, medication prescribed', TRUE, '2026-04-14', 'Scheduled', 'Completed');
INSERT INTO Prescription (VisitID, MemberID, DoctorID, IssueDate, ValidUntil, Diagnosis, SpecialInstructions, Status) VALUES (212, 196, 22, '2025-04-16', '2025-04-26', 'Vitamin D deficiency', 'Take medicines after meals', 'Active');
INSERT INTO PrescriptionItem (PrescriptionID, MedicineID, Dosage, Frequency, Duration, Quantity) VALUES (212, 32, '250mg', 'Once daily', '10 days', 13);
INSERT INTO PrescriptionItem (PrescriptionID, MedicineID, Dosage, Frequency, Duration, Quantity) VALUES (212, 18, '10mg', 'Twice daily', '7 days', 15);
INSERT INTO PrescriptionItem (PrescriptionID, MedicineID, Dosage, Frequency, Duration, Quantity) VALUES (212, 7, '500mg', 'Thrice daily', '5 days', 3);
INSERT INTO BillPayment (VisitID, BillDate, BillTime, ConsultationFee, MedicineCost, LabTestCost, OtherCharges, SubTotal, DiscountAmount, TaxAmount, TotalAmount, PaymentMethod, PaymentStatus, PaidAmount, BalanceAmount, BilledBy) VALUES (212, '2025-04-16', '11:45:00', 0, 81.53, 0.00, 0.00, 81.53, 0.0, 0.0, 81.53, 'Free', 'Paid', 81.53, 0.00, 2);
INSERT INTO Appointment (MemberID, DoctorID, AppointmentDate, AppointmentTime, Symptoms, Status, Priority, TokenNumber) VALUES (197, 43, '2025-10-22', '15:15:00', 'Anxiety', 'Completed', 'Urgent', 221);
INSERT INTO Visit (MemberID, DoctorID, AppointmentID, VisitDate, VisitTime, ChiefComplaint, Diagnosis, VitalSigns, TreatmentNotes, FollowUpRequired, FollowUpDate, VisitType, Status) VALUES (197, 43, 403, '2025-10-22', '14:35:00', 'Anxiety', 'Viral gastroenteritis', '{"bp":"118/85","temp":97.2}', 'Advised rest, medication prescribed', TRUE, '2026-04-17', 'Scheduled', 'Completed');
INSERT INTO Prescription (VisitID, MemberID, DoctorID, IssueDate, ValidUntil, Diagnosis, SpecialInstructions, Status) VALUES (213, 197, 43, '2025-10-22', '2025-11-01', 'Viral gastroenteritis', 'Take medicines after meals', 'Active');
INSERT INTO PrescriptionItem (PrescriptionID, MedicineID, Dosage, Frequency, Duration, Quantity) VALUES (213, 17, '400mg', 'Once daily', '7 days', 4);
INSERT INTO PrescriptionItem (PrescriptionID, MedicineID, Dosage, Frequency, Duration, Quantity) VALUES (213, 5, '5mg', 'Thrice daily', '3 days', 4);
INSERT INTO PrescriptionItem (PrescriptionID, MedicineID, Dosage, Frequency, Duration, Quantity) VALUES (213, 12, '20mg', 'Thrice daily', '7 days', 9);
INSERT INTO BillPayment (VisitID, BillDate, BillTime, ConsultationFee, MedicineCost, LabTestCost, OtherCharges, SubTotal, DiscountAmount, TaxAmount, TotalAmount, PaymentMethod, PaymentStatus, PaidAmount, BalanceAmount, BilledBy) VALUES (213, '2025-10-22', '15:15:00', 100, 24.73, 0.00, 0.00, 124.73, 0.0, 0.0, 124.73, 'Cash', 'Paid', 124.73, 0.00, 2);
INSERT INTO Appointment (MemberID, DoctorID, AppointmentDate, AppointmentTime, Symptoms, Status, Priority, TokenNumber) VALUES (197, 38, '2025-06-10', '16:30:00', 'Stomach ache', 'Completed', 'Normal', 100);
INSERT INTO Visit (MemberID, DoctorID, AppointmentID, VisitDate, VisitTime, ChiefComplaint, Diagnosis, VitalSigns, TreatmentNotes, FollowUpRequired, FollowUpDate, VisitType, Status) VALUES (197, 38, 404, '2025-06-10', '09:20:00', 'Stomach ache', 'Myalgia', '{"bp":"131/70","temp":97.4}', 'Advised rest, medication prescribed', TRUE, '2026-03-30', 'Scheduled', 'Completed');
INSERT INTO Prescription (VisitID, MemberID, DoctorID, IssueDate, ValidUntil, Diagnosis, SpecialInstructions, Status) VALUES (214, 197, 38, '2025-06-10', '2025-06-20', 'Myalgia', 'Take medicines after meals', 'Active');
INSERT INTO PrescriptionItem (PrescriptionID, MedicineID, Dosage, Frequency, Duration, Quantity) VALUES (214, 7, '250mg', 'Thrice daily', '3 days', 6);
INSERT INTO PrescriptionItem (PrescriptionID, MedicineID, Dosage, Frequency, Duration, Quantity) VALUES (214, 9, '20mg', 'Twice daily', '10 days', 12);
INSERT INTO PrescriptionItem (PrescriptionID, MedicineID, Dosage, Frequency, Duration, Quantity) VALUES (214, 6, '5mg', 'As needed', '10 days', 9);
INSERT INTO BillPayment (VisitID, BillDate, BillTime, ConsultationFee, MedicineCost, LabTestCost, OtherCharges, SubTotal, DiscountAmount, TaxAmount, TotalAmount, PaymentMethod, PaymentStatus, PaidAmount, BalanceAmount, BilledBy) VALUES (214, '2025-06-10', '12:00:00', 0, 178.59, 0.00, 0.00, 178.59, 0.0, 0.0, 178.59, 'Free', 'Paid', 178.59, 0.00, 2);
INSERT INTO Appointment (MemberID, DoctorID, AppointmentDate, AppointmentTime, Symptoms, Status, Priority, TokenNumber) VALUES (198, 11, '2025-07-13', '12:00:00', 'Acid reflux', 'Completed', 'Emergency', 147);
INSERT INTO Visit (MemberID, DoctorID, AppointmentID, VisitDate, VisitTime, ChiefComplaint, Diagnosis, VitalSigns, TreatmentNotes, FollowUpRequired, FollowUpDate, VisitType, Status) VALUES (198, 11, 405, '2025-07-13', '16:35:00', 'Acid reflux', 'Myalgia', '{"bp":"110/84","temp":102.3}', 'Advised rest, medication prescribed', FALSE, NULL, 'Scheduled', 'Completed');
INSERT INTO Prescription (VisitID, MemberID, DoctorID, IssueDate, ValidUntil, Diagnosis, SpecialInstructions, Status) VALUES (215, 198, 11, '2025-07-13', '2025-07-23', 'Myalgia', 'Take medicines after meals', 'Active');
INSERT INTO PrescriptionItem (PrescriptionID, MedicineID, Dosage, Frequency, Duration, Quantity) VALUES (215, 35, '250mg', 'Twice daily', '7 days', 6);
INSERT INTO PrescriptionItem (PrescriptionID, MedicineID, Dosage, Frequency, Duration, Quantity) VALUES (215, 27, '500mg', 'Once daily', '10 days', 8);
INSERT INTO PrescriptionItem (PrescriptionID, MedicineID, Dosage, Frequency, Duration, Quantity) VALUES (215, 23, '10mg', 'Twice daily', '3 days', 11);
INSERT INTO BillPayment (VisitID, BillDate, BillTime, ConsultationFee, MedicineCost, LabTestCost, OtherCharges, SubTotal, DiscountAmount, TaxAmount, TotalAmount, PaymentMethod, PaymentStatus, PaidAmount, BalanceAmount, BilledBy) VALUES (215, '2025-07-13', '12:00:00', 200, 198.34, 0.00, 0.00, 398.34, 0.0, 0.0, 398.34, 'UPI', 'Paid', 398.34, 0.00, 2);
INSERT INTO Appointment (MemberID, DoctorID, AppointmentDate, AppointmentTime, Symptoms, Status, Priority, TokenNumber) VALUES (198, 10, '2026-01-15', '10:30:00', 'Fever', 'Completed', 'Normal', 224);
INSERT INTO Visit (MemberID, DoctorID, AppointmentID, VisitDate, VisitTime, ChiefComplaint, Diagnosis, VitalSigns, TreatmentNotes, FollowUpRequired, FollowUpDate, VisitType, Status) VALUES (198, 10, 406, '2026-01-15', '13:20:00', 'Fever', 'Contact dermatitis', '{"bp":"124/79","temp":99.6}', 'Advised rest, medication prescribed', FALSE, NULL, 'Scheduled', 'Completed');
INSERT INTO Prescription (VisitID, MemberID, DoctorID, IssueDate, ValidUntil, Diagnosis, SpecialInstructions, Status) VALUES (216, 198, 10, '2026-01-15', '2026-01-25', 'Contact dermatitis', 'Take medicines after meals', 'Active');
INSERT INTO PrescriptionItem (PrescriptionID, MedicineID, Dosage, Frequency, Duration, Quantity) VALUES (216, 1, '5mg', 'As needed', '10 days', 7);
INSERT INTO PrescriptionItem (PrescriptionID, MedicineID, Dosage, Frequency, Duration, Quantity) VALUES (216, 9, '10mg', 'As needed', '10 days', 9);
INSERT INTO BillPayment (VisitID, BillDate, BillTime, ConsultationFee, MedicineCost, LabTestCost, OtherCharges, SubTotal, DiscountAmount, TaxAmount, TotalAmount, PaymentMethod, PaymentStatus, PaidAmount, BalanceAmount, BilledBy) VALUES (216, '2026-01-15', '13:00:00', 100, 180.27, 0.00, 0.00, 280.27, 0.0, 0.0, 280.27, 'Free', 'Paid', 280.27, 0.00, 2);
INSERT INTO Appointment (MemberID, DoctorID, AppointmentDate, AppointmentTime, Symptoms, Status, Priority, TokenNumber) VALUES (199, 27, '2026-05-07', '14:45:00', 'Muscle cramps', 'Scheduled', 'Emergency', 165);
INSERT INTO Appointment (MemberID, DoctorID, AppointmentDate, AppointmentTime, Symptoms, Status, Priority, TokenNumber) VALUES (199, 55, '2026-03-06', '15:15:00', 'Shortness of breath', 'Completed', 'Normal', 156);
INSERT INTO Visit (MemberID, DoctorID, AppointmentID, VisitDate, VisitTime, ChiefComplaint, Diagnosis, VitalSigns, TreatmentNotes, FollowUpRequired, FollowUpDate, VisitType, Status) VALUES (199, 55, 408, '2026-03-06', '12:05:00', 'Shortness of breath', 'Allergic rhinitis', '{"bp":"122/78","temp":100.1}', 'Advised rest, medication prescribed', FALSE, NULL, 'Scheduled', 'Completed');
INSERT INTO Prescription (VisitID, MemberID, DoctorID, IssueDate, ValidUntil, Diagnosis, SpecialInstructions, Status) VALUES (217, 199, 55, '2026-03-06', '2026-03-16', 'Allergic rhinitis', 'Take medicines after meals', 'Active');
INSERT INTO PrescriptionItem (PrescriptionID, MedicineID, Dosage, Frequency, Duration, Quantity) VALUES (217, 30, '500mg', 'Once daily', '7 days', 5);
INSERT INTO PrescriptionItem (PrescriptionID, MedicineID, Dosage, Frequency, Duration, Quantity) VALUES (217, 29, '20mg', 'As needed', '5 days', 8);
INSERT INTO BillPayment (VisitID, BillDate, BillTime, ConsultationFee, MedicineCost, LabTestCost, OtherCharges, SubTotal, DiscountAmount, TaxAmount, TotalAmount, PaymentMethod, PaymentStatus, PaidAmount, BalanceAmount, BilledBy) VALUES (217, '2026-03-06', '16:00:00', 50, 33.87, 0.00, 0.00, 83.87, 0.0, 0.0, 83.87, 'Card', 'Paid', 83.87, 0.00, 2);
INSERT INTO Appointment (MemberID, DoctorID, AppointmentDate, AppointmentTime, Symptoms, Status, Priority, TokenNumber) VALUES (200, 12, '2026-01-20', '11:15:00', 'Ear pain', 'Completed', 'Normal', 152);
INSERT INTO Visit (MemberID, DoctorID, AppointmentID, VisitDate, VisitTime, ChiefComplaint, Diagnosis, VitalSigns, TreatmentNotes, FollowUpRequired, FollowUpDate, VisitType, Status) VALUES (200, 12, 409, '2026-01-20', '13:10:00', 'Ear pain', 'Conjunctivitis', '{"bp":"137/80","temp":100.4}', 'Advised rest, medication prescribed', FALSE, NULL, 'Scheduled', 'Completed');
INSERT INTO Prescription (VisitID, MemberID, DoctorID, IssueDate, ValidUntil, Diagnosis, SpecialInstructions, Status) VALUES (218, 200, 12, '2026-01-20', '2026-01-30', 'Conjunctivitis', 'Take medicines after meals', 'Active');
INSERT INTO PrescriptionItem (PrescriptionID, MedicineID, Dosage, Frequency, Duration, Quantity) VALUES (218, 26, '5mg', 'As needed', '5 days', 7);
INSERT INTO PrescriptionItem (PrescriptionID, MedicineID, Dosage, Frequency, Duration, Quantity) VALUES (218, 23, '10mg', 'Thrice daily', '7 days', 14);
INSERT INTO PrescriptionItem (PrescriptionID, MedicineID, Dosage, Frequency, Duration, Quantity) VALUES (218, 19, '250mg', 'Thrice daily', '7 days', 15);
INSERT INTO BillPayment (VisitID, BillDate, BillTime, ConsultationFee, MedicineCost, LabTestCost, OtherCharges, SubTotal, DiscountAmount, TaxAmount, TotalAmount, PaymentMethod, PaymentStatus, PaidAmount, BalanceAmount, BilledBy) VALUES (218, '2026-01-20', '10:45:00', 0, 241.68, 0.00, 0.00, 241.68, 0.0, 0.0, 241.68, 'Card', 'Paid', 241.68, 0.00, 2);
INSERT INTO Appointment (MemberID, DoctorID, AppointmentDate, AppointmentTime, Symptoms, Status, Priority, TokenNumber) VALUES (200, 37, '2026-06-02', '12:15:00', 'Muscle cramps', 'Scheduled', 'Urgent', 166);
INSERT INTO Appointment (MemberID, DoctorID, AppointmentDate, AppointmentTime, Symptoms, Status, Priority, TokenNumber) VALUES (201, 18, '2025-10-23', '12:30:00', 'Eye irritation', 'Completed', 'Normal', 234);
INSERT INTO Visit (MemberID, DoctorID, AppointmentID, VisitDate, VisitTime, ChiefComplaint, Diagnosis, VitalSigns, TreatmentNotes, FollowUpRequired, FollowUpDate, VisitType, Status) VALUES (201, 18, 411, '2025-10-23', '11:10:00', 'Eye irritation', 'Viral gastroenteritis', '{"bp":"120/86","temp":99.3}', 'Advised rest, medication prescribed', TRUE, '2026-04-12', 'Scheduled', 'Completed');
INSERT INTO Prescription (VisitID, MemberID, DoctorID, IssueDate, ValidUntil, Diagnosis, SpecialInstructions, Status) VALUES (219, 201, 18, '2025-10-23', '2025-11-02', 'Viral gastroenteritis', 'Take medicines after meals', 'Active');
INSERT INTO PrescriptionItem (PrescriptionID, MedicineID, Dosage, Frequency, Duration, Quantity) VALUES (219, 14, '20mg', 'Thrice daily', '3 days', 6);
INSERT INTO PrescriptionItem (PrescriptionID, MedicineID, Dosage, Frequency, Duration, Quantity) VALUES (219, 35, '250mg', 'Once daily', '3 days', 15);
INSERT INTO PrescriptionItem (PrescriptionID, MedicineID, Dosage, Frequency, Duration, Quantity) VALUES (219, 34, '20mg', 'As needed', '5 days', 3);
INSERT INTO BillPayment (VisitID, BillDate, BillTime, ConsultationFee, MedicineCost, LabTestCost, OtherCharges, SubTotal, DiscountAmount, TaxAmount, TotalAmount, PaymentMethod, PaymentStatus, PaidAmount, BalanceAmount, BilledBy) VALUES (219, '2025-10-23', '09:45:00', 50, 52.24, 0.00, 0.00, 102.24, 0.0, 0.0, 102.24, 'Free', 'Paid', 102.24, 0.00, 2);
INSERT INTO Appointment (MemberID, DoctorID, AppointmentDate, AppointmentTime, Symptoms, Status, Priority, TokenNumber) VALUES (201, 21, '2025-06-25', '14:15:00', 'Knee pain', 'Completed', 'Normal', 300);
INSERT INTO Visit (MemberID, DoctorID, AppointmentID, VisitDate, VisitTime, ChiefComplaint, Diagnosis, VitalSigns, TreatmentNotes, FollowUpRequired, FollowUpDate, VisitType, Status) VALUES (201, 21, 412, '2025-06-25', '14:20:00', 'Knee pain', 'Conjunctivitis', '{"bp":"128/74","temp":101.7}', 'Advised rest, medication prescribed', FALSE, NULL, 'Scheduled', 'Completed');
INSERT INTO Prescription (VisitID, MemberID, DoctorID, IssueDate, ValidUntil, Diagnosis, SpecialInstructions, Status) VALUES (220, 201, 21, '2025-06-25', '2025-07-05', 'Conjunctivitis', 'Take medicines after meals', 'Active');
INSERT INTO PrescriptionItem (PrescriptionID, MedicineID, Dosage, Frequency, Duration, Quantity) VALUES (220, 3, '500mg', 'Once daily', '7 days', 7);
INSERT INTO PrescriptionItem (PrescriptionID, MedicineID, Dosage, Frequency, Duration, Quantity) VALUES (220, 16, '20mg', 'As needed', '7 days', 9);
INSERT INTO BillPayment (VisitID, BillDate, BillTime, ConsultationFee, MedicineCost, LabTestCost, OtherCharges, SubTotal, DiscountAmount, TaxAmount, TotalAmount, PaymentMethod, PaymentStatus, PaidAmount, BalanceAmount, BilledBy) VALUES (220, '2025-06-25', '09:00:00', 0, 61.55, 0.00, 0.00, 61.55, 0.0, 0.0, 61.55, 'UPI', 'Paid', 61.55, 0.00, 2);
INSERT INTO Appointment (MemberID, DoctorID, AppointmentDate, AppointmentTime, Symptoms, Status, Priority, TokenNumber) VALUES (202, 10, '2026-05-03', '10:15:00', 'Sore throat', 'Scheduled', 'Normal', 218);
INSERT INTO Appointment (MemberID, DoctorID, AppointmentDate, AppointmentTime, Symptoms, Status, Priority, TokenNumber) VALUES (202, 22, '2026-05-03', '15:15:00', 'Chest pain', 'Scheduled', 'Normal', 260);
INSERT INTO Appointment (MemberID, DoctorID, AppointmentDate, AppointmentTime, Symptoms, Status, Priority, TokenNumber) VALUES (203, 44, '2026-03-19', '15:00:00', 'Anxiety', 'Scheduled', 'Normal', 117);
INSERT INTO Appointment (MemberID, DoctorID, AppointmentDate, AppointmentTime, Symptoms, Status, Priority, TokenNumber) VALUES (203, 17, '2026-05-28', '13:15:00', 'Back pain', 'Scheduled', 'Normal', 201);
INSERT INTO Appointment (MemberID, DoctorID, AppointmentDate, AppointmentTime, Symptoms, Status, Priority, TokenNumber) VALUES (204, 25, '2026-02-08', '12:30:00', 'Cold and cough', 'Completed', 'Urgent', 175);
INSERT INTO Visit (MemberID, DoctorID, AppointmentID, VisitDate, VisitTime, ChiefComplaint, Diagnosis, VitalSigns, TreatmentNotes, FollowUpRequired, FollowUpDate, VisitType, Status) VALUES (204, 25, 417, '2026-02-08', '12:35:00', 'Cold and cough', 'Gastritis', '{"bp":"133/74","temp":97.2}', 'Advised rest, medication prescribed', TRUE, '2026-04-15', 'Scheduled', 'Completed');
INSERT INTO Prescription (VisitID, MemberID, DoctorID, IssueDate, ValidUntil, Diagnosis, SpecialInstructions, Status) VALUES (221, 204, 25, '2026-02-08', '2026-02-18', 'Gastritis', 'Take medicines after meals', 'Active');
INSERT INTO PrescriptionItem (PrescriptionID, MedicineID, Dosage, Frequency, Duration, Quantity) VALUES (221, 13, '5mg', 'Thrice daily', '5 days', 7);
INSERT INTO PrescriptionItem (PrescriptionID, MedicineID, Dosage, Frequency, Duration, Quantity) VALUES (221, 20, '5mg', 'Twice daily', '3 days', 3);
INSERT INTO BillPayment (VisitID, BillDate, BillTime, ConsultationFee, MedicineCost, LabTestCost, OtherCharges, SubTotal, DiscountAmount, TaxAmount, TotalAmount, PaymentMethod, PaymentStatus, PaidAmount, BalanceAmount, BilledBy) VALUES (221, '2026-02-08', '15:45:00', 100, 84.96, 0.00, 0.00, 184.96, 0.0, 0.0, 184.96, 'Free', 'Paid', 184.96, 0.00, 2);
INSERT INTO Appointment (MemberID, DoctorID, AppointmentDate, AppointmentTime, Symptoms, Status, Priority, TokenNumber) VALUES (204, 51, '2026-03-22', '09:30:00', 'Muscle cramps', 'Scheduled', 'Normal', 136);
INSERT INTO Appointment (MemberID, DoctorID, AppointmentDate, AppointmentTime, Symptoms, Status, Priority, TokenNumber) VALUES (205, 37, '2026-05-06', '09:15:00', 'Loose motions', 'Scheduled', 'Normal', 269);
INSERT INTO Appointment (MemberID, DoctorID, AppointmentDate, AppointmentTime, Symptoms, Status, Priority, TokenNumber) VALUES (205, 32, '2025-10-22', '10:45:00', 'Back pain', 'Completed', 'Normal', 109);
INSERT INTO Visit (MemberID, DoctorID, AppointmentID, VisitDate, VisitTime, ChiefComplaint, Diagnosis, VitalSigns, TreatmentNotes, FollowUpRequired, FollowUpDate, VisitType, Status) VALUES (205, 32, 420, '2025-10-22', '12:20:00', 'Back pain', 'Knee arthritis', '{"bp":"127/81","temp":102.2}', 'Advised rest, medication prescribed', TRUE, '2026-04-01', 'Scheduled', 'Completed');
INSERT INTO Prescription (VisitID, MemberID, DoctorID, IssueDate, ValidUntil, Diagnosis, SpecialInstructions, Status) VALUES (222, 205, 32, '2025-10-22', '2025-11-01', 'Knee arthritis', 'Take medicines after meals', 'Active');
INSERT INTO PrescriptionItem (PrescriptionID, MedicineID, Dosage, Frequency, Duration, Quantity) VALUES (222, 11, '5mg', 'As needed', '7 days', 5);
INSERT INTO PrescriptionItem (PrescriptionID, MedicineID, Dosage, Frequency, Duration, Quantity) VALUES (222, 18, '5mg', 'Thrice daily', '5 days', 6);
INSERT INTO BillPayment (VisitID, BillDate, BillTime, ConsultationFee, MedicineCost, LabTestCost, OtherCharges, SubTotal, DiscountAmount, TaxAmount, TotalAmount, PaymentMethod, PaymentStatus, PaidAmount, BalanceAmount, BilledBy) VALUES (222, '2025-10-22', '12:00:00', 50, 57.37, 0.00, 0.00, 107.37, 0.0, 0.0, 107.37, 'UPI', 'Paid', 107.37, 0.00, 2);
INSERT INTO Appointment (MemberID, DoctorID, AppointmentDate, AppointmentTime, Symptoms, Status, Priority, TokenNumber) VALUES (206, 9, '2025-09-29', '15:00:00', 'Nausea', 'Completed', 'Normal', 102);
INSERT INTO Visit (MemberID, DoctorID, AppointmentID, VisitDate, VisitTime, ChiefComplaint, Diagnosis, VitalSigns, TreatmentNotes, FollowUpRequired, FollowUpDate, VisitType, Status) VALUES (206, 9, 421, '2025-09-29', '09:10:00', 'Nausea', 'Vertigo', '{"bp":"124/84","temp":97.4}', 'Advised rest, medication prescribed', TRUE, '2026-04-07', 'Scheduled', 'Completed');
INSERT INTO Prescription (VisitID, MemberID, DoctorID, IssueDate, ValidUntil, Diagnosis, SpecialInstructions, Status) VALUES (223, 206, 9, '2025-09-29', '2025-10-09', 'Vertigo', 'Take medicines after meals', 'Active');
INSERT INTO PrescriptionItem (PrescriptionID, MedicineID, Dosage, Frequency, Duration, Quantity) VALUES (223, 28, '10mg', 'Once daily', '10 days', 9);
INSERT INTO PrescriptionItem (PrescriptionID, MedicineID, Dosage, Frequency, Duration, Quantity) VALUES (223, 30, '250mg', 'As needed', '7 days', 15);
INSERT INTO BillPayment (VisitID, BillDate, BillTime, ConsultationFee, MedicineCost, LabTestCost, OtherCharges, SubTotal, DiscountAmount, TaxAmount, TotalAmount, PaymentMethod, PaymentStatus, PaidAmount, BalanceAmount, BilledBy) VALUES (223, '2025-09-29', '11:30:00', 100, 89.75, 0.00, 0.00, 189.75, 0.0, 0.0, 189.75, 'Cash', 'Paid', 189.75, 0.00, 2);
INSERT INTO Appointment (MemberID, DoctorID, AppointmentDate, AppointmentTime, Symptoms, Status, Priority, TokenNumber) VALUES (206, 42, '2026-02-17', '10:15:00', 'Dizziness', 'Completed', 'Normal', 242);
INSERT INTO Visit (MemberID, DoctorID, AppointmentID, VisitDate, VisitTime, ChiefComplaint, Diagnosis, VitalSigns, TreatmentNotes, FollowUpRequired, FollowUpDate, VisitType, Status) VALUES (206, 42, 422, '2026-02-17', '16:10:00', 'Dizziness', 'Lumbar spondylosis', '{"bp":"118/74","temp":97.3}', 'Advised rest, medication prescribed', TRUE, '2026-03-31', 'Scheduled', 'Completed');
INSERT INTO Prescription (VisitID, MemberID, DoctorID, IssueDate, ValidUntil, Diagnosis, SpecialInstructions, Status) VALUES (224, 206, 42, '2026-02-17', '2026-02-27', 'Lumbar spondylosis', 'Take medicines after meals', 'Active');
INSERT INTO PrescriptionItem (PrescriptionID, MedicineID, Dosage, Frequency, Duration, Quantity) VALUES (224, 30, '500mg', 'As needed', '5 days', 5);
INSERT INTO PrescriptionItem (PrescriptionID, MedicineID, Dosage, Frequency, Duration, Quantity) VALUES (224, 5, '400mg', 'Twice daily', '7 days', 3);
INSERT INTO PrescriptionItem (PrescriptionID, MedicineID, Dosage, Frequency, Duration, Quantity) VALUES (224, 2, '10mg', 'Once daily', '10 days', 14);
INSERT INTO BillPayment (VisitID, BillDate, BillTime, ConsultationFee, MedicineCost, LabTestCost, OtherCharges, SubTotal, DiscountAmount, TaxAmount, TotalAmount, PaymentMethod, PaymentStatus, PaidAmount, BalanceAmount, BilledBy) VALUES (224, '2026-02-17', '17:45:00', 150, 276.56, 0.00, 0.00, 426.56, 0.0, 0.0, 426.56, 'Card', 'Paid', 426.56, 0.00, 2);
INSERT INTO Appointment (MemberID, DoctorID, AppointmentDate, AppointmentTime, Symptoms, Status, Priority, TokenNumber) VALUES (207, 47, '2026-04-01', '16:45:00', 'Chest pain', 'Scheduled', 'Urgent', 205);
INSERT INTO Appointment (MemberID, DoctorID, AppointmentDate, AppointmentTime, Symptoms, Status, Priority, TokenNumber) VALUES (207, 7, '2026-03-18', '11:30:00', 'Cold and cough', 'Scheduled', 'Normal', 263);
INSERT INTO Appointment (MemberID, DoctorID, AppointmentDate, AppointmentTime, Symptoms, Status, Priority, TokenNumber) VALUES (208, 35, '2025-08-04', '11:45:00', 'Loose motions', 'Completed', 'Normal', 229);
INSERT INTO Visit (MemberID, DoctorID, AppointmentID, VisitDate, VisitTime, ChiefComplaint, Diagnosis, VitalSigns, TreatmentNotes, FollowUpRequired, FollowUpDate, VisitType, Status) VALUES (208, 35, 425, '2025-08-04', '11:10:00', 'Loose motions', 'Tension headache', '{"bp":"111/88","temp":101.3}', 'Advised rest, medication prescribed', FALSE, NULL, 'Scheduled', 'Completed');
INSERT INTO Prescription (VisitID, MemberID, DoctorID, IssueDate, ValidUntil, Diagnosis, SpecialInstructions, Status) VALUES (225, 208, 35, '2025-08-04', '2025-08-14', 'Tension headache', 'Take medicines after meals', 'Active');
INSERT INTO PrescriptionItem (PrescriptionID, MedicineID, Dosage, Frequency, Duration, Quantity) VALUES (225, 25, '10mg', 'Thrice daily', '5 days', 6);
INSERT INTO PrescriptionItem (PrescriptionID, MedicineID, Dosage, Frequency, Duration, Quantity) VALUES (225, 26, '5mg', 'Twice daily', '5 days', 10);
INSERT INTO PrescriptionItem (PrescriptionID, MedicineID, Dosage, Frequency, Duration, Quantity) VALUES (225, 35, '20mg', 'Once daily', '5 days', 4);
INSERT INTO BillPayment (VisitID, BillDate, BillTime, ConsultationFee, MedicineCost, LabTestCost, OtherCharges, SubTotal, DiscountAmount, TaxAmount, TotalAmount, PaymentMethod, PaymentStatus, PaidAmount, BalanceAmount, BilledBy) VALUES (225, '2025-08-04', '10:45:00', 50, 43.67, 0.00, 0.00, 93.67, 0.0, 0.0, 93.67, 'Cash', 'Paid', 93.67, 0.00, 2);
INSERT INTO Appointment (MemberID, DoctorID, AppointmentDate, AppointmentTime, Symptoms, Status, Priority, TokenNumber) VALUES (208, 33, '2025-03-26', '14:45:00', 'Joint pain', 'Completed', 'Normal', 271);
INSERT INTO Visit (MemberID, DoctorID, AppointmentID, VisitDate, VisitTime, ChiefComplaint, Diagnosis, VitalSigns, TreatmentNotes, FollowUpRequired, FollowUpDate, VisitType, Status) VALUES (208, 33, 426, '2025-03-26', '16:05:00', 'Joint pain', 'Tension headache', '{"bp":"125/79","temp":100.8}', 'Advised rest, medication prescribed', FALSE, NULL, 'Scheduled', 'Completed');
INSERT INTO Prescription (VisitID, MemberID, DoctorID, IssueDate, ValidUntil, Diagnosis, SpecialInstructions, Status) VALUES (226, 208, 33, '2025-03-26', '2025-04-05', 'Tension headache', 'Take medicines after meals', 'Active');
INSERT INTO PrescriptionItem (PrescriptionID, MedicineID, Dosage, Frequency, Duration, Quantity) VALUES (226, 10, '500mg', 'Thrice daily', '7 days', 5);
INSERT INTO PrescriptionItem (PrescriptionID, MedicineID, Dosage, Frequency, Duration, Quantity) VALUES (226, 23, '20mg', 'Thrice daily', '3 days', 10);
INSERT INTO BillPayment (VisitID, BillDate, BillTime, ConsultationFee, MedicineCost, LabTestCost, OtherCharges, SubTotal, DiscountAmount, TaxAmount, TotalAmount, PaymentMethod, PaymentStatus, PaidAmount, BalanceAmount, BilledBy) VALUES (226, '2025-03-26', '16:45:00', 0, 68.35, 0.00, 0.00, 68.35, 0.0, 0.0, 68.35, 'UPI', 'Paid', 68.35, 0.00, 2);
INSERT INTO Appointment (MemberID, DoctorID, AppointmentDate, AppointmentTime, Symptoms, Status, Priority, TokenNumber) VALUES (209, 48, '2025-11-25', '16:15:00', 'Stomach ache', 'Completed', 'Normal', 174);
INSERT INTO Visit (MemberID, DoctorID, AppointmentID, VisitDate, VisitTime, ChiefComplaint, Diagnosis, VitalSigns, TreatmentNotes, FollowUpRequired, FollowUpDate, VisitType, Status) VALUES (209, 48, 427, '2025-11-25', '11:05:00', 'Stomach ache', 'Myalgia', '{"bp":"122/80","temp":100.8}', 'Advised rest, medication prescribed', FALSE, NULL, 'Scheduled', 'Completed');
INSERT INTO Prescription (VisitID, MemberID, DoctorID, IssueDate, ValidUntil, Diagnosis, SpecialInstructions, Status) VALUES (227, 209, 48, '2025-11-25', '2025-12-05', 'Myalgia', 'Take medicines after meals', 'Active');
INSERT INTO PrescriptionItem (PrescriptionID, MedicineID, Dosage, Frequency, Duration, Quantity) VALUES (227, 25, '400mg', 'Twice daily', '5 days', 7);
INSERT INTO PrescriptionItem (PrescriptionID, MedicineID, Dosage, Frequency, Duration, Quantity) VALUES (227, 13, '10mg', 'Thrice daily', '10 days', 3);
INSERT INTO PrescriptionItem (PrescriptionID, MedicineID, Dosage, Frequency, Duration, Quantity) VALUES (227, 1, '10mg', 'As needed', '7 days', 3);
INSERT INTO BillPayment (VisitID, BillDate, BillTime, ConsultationFee, MedicineCost, LabTestCost, OtherCharges, SubTotal, DiscountAmount, TaxAmount, TotalAmount, PaymentMethod, PaymentStatus, PaidAmount, BalanceAmount, BilledBy) VALUES (227, '2025-11-25', '09:30:00', 100, 150.09, 0.00, 0.00, 250.09, 0.0, 0.0, 250.09, 'UPI', 'Paid', 250.09, 0.00, 2);
INSERT INTO Appointment (MemberID, DoctorID, AppointmentDate, AppointmentTime, Symptoms, Status, Priority, TokenNumber) VALUES (209, 40, '2026-03-18', '14:00:00', 'Acid reflux', 'Scheduled', 'Normal', 180);
INSERT INTO Appointment (MemberID, DoctorID, AppointmentDate, AppointmentTime, Symptoms, Status, Priority, TokenNumber) VALUES (210, 13, '2026-05-15', '16:30:00', 'Acid reflux', 'Scheduled', 'Normal', 146);
INSERT INTO Appointment (MemberID, DoctorID, AppointmentDate, AppointmentTime, Symptoms, Status, Priority, TokenNumber) VALUES (210, 26, '2025-04-15', '12:15:00', 'Acid reflux', 'Completed', 'Normal', 206);
INSERT INTO Visit (MemberID, DoctorID, AppointmentID, VisitDate, VisitTime, ChiefComplaint, Diagnosis, VitalSigns, TreatmentNotes, FollowUpRequired, FollowUpDate, VisitType, Status) VALUES (210, 26, 430, '2025-04-15', '13:10:00', 'Acid reflux', 'Vertigo', '{"bp":"125/85","temp":98.8}', 'Advised rest, medication prescribed', FALSE, NULL, 'Scheduled', 'Completed');
INSERT INTO Prescription (VisitID, MemberID, DoctorID, IssueDate, ValidUntil, Diagnosis, SpecialInstructions, Status) VALUES (228, 210, 26, '2025-04-15', '2025-04-25', 'Vertigo', 'Take medicines after meals', 'Active');
INSERT INTO PrescriptionItem (PrescriptionID, MedicineID, Dosage, Frequency, Duration, Quantity) VALUES (228, 11, '20mg', 'Twice daily', '3 days', 9);
INSERT INTO PrescriptionItem (PrescriptionID, MedicineID, Dosage, Frequency, Duration, Quantity) VALUES (228, 23, '500mg', 'As needed', '7 days', 11);
INSERT INTO BillPayment (VisitID, BillDate, BillTime, ConsultationFee, MedicineCost, LabTestCost, OtherCharges, SubTotal, DiscountAmount, TaxAmount, TotalAmount, PaymentMethod, PaymentStatus, PaidAmount, BalanceAmount, BilledBy) VALUES (228, '2025-04-15', '09:30:00', 0, 59.69, 0.00, 0.00, 59.69, 0.0, 0.0, 59.69, 'UPI', 'Paid', 59.69, 0.00, 2);
INSERT INTO Appointment (MemberID, DoctorID, AppointmentDate, AppointmentTime, Symptoms, Status, Priority, TokenNumber) VALUES (211, 37, '2026-04-08', '11:30:00', 'Sore throat', 'Scheduled', 'Normal', 296);
INSERT INTO Appointment (MemberID, DoctorID, AppointmentDate, AppointmentTime, Symptoms, Status, Priority, TokenNumber) VALUES (211, 27, '2025-12-30', '14:30:00', 'Vomiting', 'Completed', 'Normal', 202);
INSERT INTO Visit (MemberID, DoctorID, AppointmentID, VisitDate, VisitTime, ChiefComplaint, Diagnosis, VitalSigns, TreatmentNotes, FollowUpRequired, FollowUpDate, VisitType, Status) VALUES (211, 27, 432, '2025-12-30', '15:10:00', 'Vomiting', 'Vertigo', '{"bp":"133/74","temp":100.6}', 'Advised rest, medication prescribed', FALSE, NULL, 'Scheduled', 'Completed');
INSERT INTO Prescription (VisitID, MemberID, DoctorID, IssueDate, ValidUntil, Diagnosis, SpecialInstructions, Status) VALUES (229, 211, 27, '2025-12-30', '2026-01-09', 'Vertigo', 'Take medicines after meals', 'Active');
INSERT INTO PrescriptionItem (PrescriptionID, MedicineID, Dosage, Frequency, Duration, Quantity) VALUES (229, 19, '500mg', 'As needed', '10 days', 4);
INSERT INTO PrescriptionItem (PrescriptionID, MedicineID, Dosage, Frequency, Duration, Quantity) VALUES (229, 12, '10mg', 'Thrice daily', '3 days', 13);
INSERT INTO BillPayment (VisitID, BillDate, BillTime, ConsultationFee, MedicineCost, LabTestCost, OtherCharges, SubTotal, DiscountAmount, TaxAmount, TotalAmount, PaymentMethod, PaymentStatus, PaidAmount, BalanceAmount, BilledBy) VALUES (229, '2025-12-30', '12:00:00', 200, 115.1, 0.00, 0.00, 315.1, 0.0, 0.0, 315.1, 'UPI', 'Paid', 315.1, 0.00, 2);
INSERT INTO Appointment (MemberID, DoctorID, AppointmentDate, AppointmentTime, Symptoms, Status, Priority, TokenNumber) VALUES (212, 15, '2026-03-18', '09:00:00', 'Back pain', 'Scheduled', 'Normal', 157);
INSERT INTO Appointment (MemberID, DoctorID, AppointmentDate, AppointmentTime, Symptoms, Status, Priority, TokenNumber) VALUES (212, 46, '2026-03-27', '10:15:00', 'Body pain', 'Scheduled', 'Normal', 144);
INSERT INTO Appointment (MemberID, DoctorID, AppointmentDate, AppointmentTime, Symptoms, Status, Priority, TokenNumber) VALUES (213, 51, '2025-10-17', '10:30:00', 'Insomnia', 'Completed', 'Normal', 211);
INSERT INTO Visit (MemberID, DoctorID, AppointmentID, VisitDate, VisitTime, ChiefComplaint, Diagnosis, VitalSigns, TreatmentNotes, FollowUpRequired, FollowUpDate, VisitType, Status) VALUES (213, 51, 435, '2025-10-17', '15:35:00', 'Insomnia', 'Insomnia', '{"bp":"119/70","temp":97.6}', 'Advised rest, medication prescribed', FALSE, NULL, 'Scheduled', 'Completed');
INSERT INTO Prescription (VisitID, MemberID, DoctorID, IssueDate, ValidUntil, Diagnosis, SpecialInstructions, Status) VALUES (230, 213, 51, '2025-10-17', '2025-10-27', 'Insomnia', 'Take medicines after meals', 'Active');
INSERT INTO PrescriptionItem (PrescriptionID, MedicineID, Dosage, Frequency, Duration, Quantity) VALUES (230, 34, '10mg', 'Once daily', '10 days', 7);
INSERT INTO PrescriptionItem (PrescriptionID, MedicineID, Dosage, Frequency, Duration, Quantity) VALUES (230, 21, '10mg', 'Twice daily', '3 days', 3);
INSERT INTO BillPayment (VisitID, BillDate, BillTime, ConsultationFee, MedicineCost, LabTestCost, OtherCharges, SubTotal, DiscountAmount, TaxAmount, TotalAmount, PaymentMethod, PaymentStatus, PaidAmount, BalanceAmount, BilledBy) VALUES (230, '2025-10-17', '16:45:00', 150, 69.75, 0.00, 0.00, 219.75, 0.0, 0.0, 219.75, 'Free', 'Paid', 219.75, 0.00, 2);
INSERT INTO Appointment (MemberID, DoctorID, AppointmentDate, AppointmentTime, Symptoms, Status, Priority, TokenNumber) VALUES (213, 16, '2026-05-24', '14:45:00', 'Loose motions', 'Scheduled', 'Normal', 202);
INSERT INTO Appointment (MemberID, DoctorID, AppointmentDate, AppointmentTime, Symptoms, Status, Priority, TokenNumber) VALUES (214, 48, '2026-01-16', '15:15:00', 'Nausea', 'Completed', 'Normal', 146);
INSERT INTO Visit (MemberID, DoctorID, AppointmentID, VisitDate, VisitTime, ChiefComplaint, Diagnosis, VitalSigns, TreatmentNotes, FollowUpRequired, FollowUpDate, VisitType, Status) VALUES (214, 48, 437, '2026-01-16', '11:35:00', 'Nausea', 'Pharyngitis', '{"bp":"115/72","temp":98.1}', 'Advised rest, medication prescribed', FALSE, NULL, 'Scheduled', 'Completed');
INSERT INTO Prescription (VisitID, MemberID, DoctorID, IssueDate, ValidUntil, Diagnosis, SpecialInstructions, Status) VALUES (231, 214, 48, '2026-01-16', '2026-01-26', 'Pharyngitis', 'Take medicines after meals', 'Active');
INSERT INTO PrescriptionItem (PrescriptionID, MedicineID, Dosage, Frequency, Duration, Quantity) VALUES (231, 20, '500mg', 'Thrice daily', '5 days', 12);
INSERT INTO PrescriptionItem (PrescriptionID, MedicineID, Dosage, Frequency, Duration, Quantity) VALUES (231, 5, '10mg', 'Twice daily', '3 days', 7);
INSERT INTO BillPayment (VisitID, BillDate, BillTime, ConsultationFee, MedicineCost, LabTestCost, OtherCharges, SubTotal, DiscountAmount, TaxAmount, TotalAmount, PaymentMethod, PaymentStatus, PaidAmount, BalanceAmount, BilledBy) VALUES (231, '2026-01-16', '10:45:00', 150, 282.55, 0.00, 0.00, 432.55, 0.0, 0.0, 432.55, 'Cash', 'Paid', 432.55, 0.00, 2);
INSERT INTO Appointment (MemberID, DoctorID, AppointmentDate, AppointmentTime, Symptoms, Status, Priority, TokenNumber) VALUES (214, 40, '2025-08-21', '13:00:00', 'Loose motions', 'Completed', 'Normal', 278);
INSERT INTO Visit (MemberID, DoctorID, AppointmentID, VisitDate, VisitTime, ChiefComplaint, Diagnosis, VitalSigns, TreatmentNotes, FollowUpRequired, FollowUpDate, VisitType, Status) VALUES (214, 40, 438, '2025-08-21', '10:05:00', 'Loose motions', 'Nausea and vomiting', '{"bp":"123/83","temp":97.1}', 'Advised rest, medication prescribed', TRUE, '2026-04-07', 'Scheduled', 'Completed');
INSERT INTO Prescription (VisitID, MemberID, DoctorID, IssueDate, ValidUntil, Diagnosis, SpecialInstructions, Status) VALUES (232, 214, 40, '2025-08-21', '2025-08-31', 'Nausea and vomiting', 'Take medicines after meals', 'Active');
INSERT INTO PrescriptionItem (PrescriptionID, MedicineID, Dosage, Frequency, Duration, Quantity) VALUES (232, 1, '500mg', 'Thrice daily', '5 days', 14);
INSERT INTO PrescriptionItem (PrescriptionID, MedicineID, Dosage, Frequency, Duration, Quantity) VALUES (232, 4, '250mg', 'Thrice daily', '5 days', 11);
INSERT INTO BillPayment (VisitID, BillDate, BillTime, ConsultationFee, MedicineCost, LabTestCost, OtherCharges, SubTotal, DiscountAmount, TaxAmount, TotalAmount, PaymentMethod, PaymentStatus, PaidAmount, BalanceAmount, BilledBy) VALUES (232, '2025-08-21', '09:30:00', 150, 72.79, 0.00, 0.00, 222.79, 0.0, 0.0, 222.79, 'Cash', 'Paid', 222.79, 0.00, 2);
INSERT INTO Appointment (MemberID, DoctorID, AppointmentDate, AppointmentTime, Symptoms, Status, Priority, TokenNumber) VALUES (215, 41, '2025-12-16', '13:15:00', 'Fatigue', 'Completed', 'Urgent', 240);
INSERT INTO Visit (MemberID, DoctorID, AppointmentID, VisitDate, VisitTime, ChiefComplaint, Diagnosis, VitalSigns, TreatmentNotes, FollowUpRequired, FollowUpDate, VisitType, Status) VALUES (215, 41, 439, '2025-12-16', '09:20:00', 'Fatigue', 'Electrolyte imbalance', '{"bp":"115/83","temp":101.6}', 'Advised rest, medication prescribed', FALSE, NULL, 'Scheduled', 'Completed');
INSERT INTO Prescription (VisitID, MemberID, DoctorID, IssueDate, ValidUntil, Diagnosis, SpecialInstructions, Status) VALUES (233, 215, 41, '2025-12-16', '2025-12-26', 'Electrolyte imbalance', 'Take medicines after meals', 'Active');
INSERT INTO PrescriptionItem (PrescriptionID, MedicineID, Dosage, Frequency, Duration, Quantity) VALUES (233, 4, '5mg', 'As needed', '5 days', 10);
INSERT INTO PrescriptionItem (PrescriptionID, MedicineID, Dosage, Frequency, Duration, Quantity) VALUES (233, 29, '5mg', 'Twice daily', '5 days', 5);
INSERT INTO BillPayment (VisitID, BillDate, BillTime, ConsultationFee, MedicineCost, LabTestCost, OtherCharges, SubTotal, DiscountAmount, TaxAmount, TotalAmount, PaymentMethod, PaymentStatus, PaidAmount, BalanceAmount, BilledBy) VALUES (233, '2025-12-16', '17:45:00', 200, 298.02, 0.00, 0.00, 498.02, 0.0, 0.0, 498.02, 'UPI', 'Paid', 498.02, 0.00, 2);
INSERT INTO Appointment (MemberID, DoctorID, AppointmentDate, AppointmentTime, Symptoms, Status, Priority, TokenNumber) VALUES (215, 44, '2026-04-14', '12:45:00', 'Eye irritation', 'Scheduled', 'Urgent', 121);
INSERT INTO Appointment (MemberID, DoctorID, AppointmentDate, AppointmentTime, Symptoms, Status, Priority, TokenNumber) VALUES (216, 33, '2026-01-18', '15:15:00', 'Skin rash', 'Completed', 'Normal', 163);
INSERT INTO Visit (MemberID, DoctorID, AppointmentID, VisitDate, VisitTime, ChiefComplaint, Diagnosis, VitalSigns, TreatmentNotes, FollowUpRequired, FollowUpDate, VisitType, Status) VALUES (216, 33, 441, '2026-01-18', '13:05:00', 'Skin rash', 'Conjunctivitis', '{"bp":"116/74","temp":100.7}', 'Advised rest, medication prescribed', TRUE, '2026-03-27', 'Scheduled', 'Completed');
INSERT INTO Prescription (VisitID, MemberID, DoctorID, IssueDate, ValidUntil, Diagnosis, SpecialInstructions, Status) VALUES (234, 216, 33, '2026-01-18', '2026-01-28', 'Conjunctivitis', 'Take medicines after meals', 'Active');
INSERT INTO PrescriptionItem (PrescriptionID, MedicineID, Dosage, Frequency, Duration, Quantity) VALUES (234, 13, '400mg', 'Twice daily', '3 days', 13);
INSERT INTO PrescriptionItem (PrescriptionID, MedicineID, Dosage, Frequency, Duration, Quantity) VALUES (234, 15, '20mg', 'Twice daily', '7 days', 5);
INSERT INTO BillPayment (VisitID, BillDate, BillTime, ConsultationFee, MedicineCost, LabTestCost, OtherCharges, SubTotal, DiscountAmount, TaxAmount, TotalAmount, PaymentMethod, PaymentStatus, PaidAmount, BalanceAmount, BilledBy) VALUES (234, '2026-01-18', '17:45:00', 150, 226.41, 0.00, 0.00, 376.41, 0.0, 0.0, 376.41, 'Cash', 'Paid', 376.41, 0.00, 2);
INSERT INTO Appointment (MemberID, DoctorID, AppointmentDate, AppointmentTime, Symptoms, Status, Priority, TokenNumber) VALUES (216, 21, '2026-06-16', '09:45:00', 'Allergic reaction', 'Scheduled', 'Normal', 124);
INSERT INTO Appointment (MemberID, DoctorID, AppointmentDate, AppointmentTime, Symptoms, Status, Priority, TokenNumber) VALUES (217, 42, '2025-04-29', '14:15:00', 'Fever', 'Completed', 'Normal', 237);
INSERT INTO Visit (MemberID, DoctorID, AppointmentID, VisitDate, VisitTime, ChiefComplaint, Diagnosis, VitalSigns, TreatmentNotes, FollowUpRequired, FollowUpDate, VisitType, Status) VALUES (217, 42, 443, '2025-04-29', '10:20:00', 'Fever', 'Iron deficiency anaemia', '{"bp":"129/74","temp":99.6}', 'Advised rest, medication prescribed', TRUE, '2026-03-27', 'Scheduled', 'Completed');
INSERT INTO Prescription (VisitID, MemberID, DoctorID, IssueDate, ValidUntil, Diagnosis, SpecialInstructions, Status) VALUES (235, 217, 42, '2025-04-29', '2025-05-09', 'Iron deficiency anaemia', 'Take medicines after meals', 'Active');
INSERT INTO PrescriptionItem (PrescriptionID, MedicineID, Dosage, Frequency, Duration, Quantity) VALUES (235, 27, '20mg', 'Once daily', '7 days', 12);
INSERT INTO PrescriptionItem (PrescriptionID, MedicineID, Dosage, Frequency, Duration, Quantity) VALUES (235, 8, '5mg', 'Twice daily', '7 days', 8);
INSERT INTO PrescriptionItem (PrescriptionID, MedicineID, Dosage, Frequency, Duration, Quantity) VALUES (235, 30, '400mg', 'As needed', '5 days', 14);
INSERT INTO BillPayment (VisitID, BillDate, BillTime, ConsultationFee, MedicineCost, LabTestCost, OtherCharges, SubTotal, DiscountAmount, TaxAmount, TotalAmount, PaymentMethod, PaymentStatus, PaidAmount, BalanceAmount, BilledBy) VALUES (235, '2025-04-29', '15:45:00', 0, 297.39, 0.00, 0.00, 297.39, 0.0, 0.0, 297.39, 'UPI', 'Paid', 297.39, 0.00, 2);
INSERT INTO Appointment (MemberID, DoctorID, AppointmentDate, AppointmentTime, Symptoms, Status, Priority, TokenNumber) VALUES (217, 24, '2026-03-18', '15:45:00', 'Stomach ache', 'Scheduled', 'Normal', 190);
INSERT INTO Appointment (MemberID, DoctorID, AppointmentDate, AppointmentTime, Symptoms, Status, Priority, TokenNumber) VALUES (218, 37, '2026-04-05', '14:45:00', 'Nausea', 'Scheduled', 'Normal', 229);
INSERT INTO Appointment (MemberID, DoctorID, AppointmentDate, AppointmentTime, Symptoms, Status, Priority, TokenNumber) VALUES (218, 38, '2025-12-24', '14:30:00', 'Dizziness', 'Completed', 'Normal', 271);
INSERT INTO Visit (MemberID, DoctorID, AppointmentID, VisitDate, VisitTime, ChiefComplaint, Diagnosis, VitalSigns, TreatmentNotes, FollowUpRequired, FollowUpDate, VisitType, Status) VALUES (218, 38, 446, '2025-12-24', '09:35:00', 'Dizziness', 'Conjunctivitis', '{"bp":"138/74","temp":100.2}', 'Advised rest, medication prescribed', FALSE, NULL, 'Scheduled', 'Completed');
INSERT INTO Prescription (VisitID, MemberID, DoctorID, IssueDate, ValidUntil, Diagnosis, SpecialInstructions, Status) VALUES (236, 218, 38, '2025-12-24', '2026-01-03', 'Conjunctivitis', 'Take medicines after meals', 'Active');
INSERT INTO PrescriptionItem (PrescriptionID, MedicineID, Dosage, Frequency, Duration, Quantity) VALUES (236, 29, '400mg', 'As needed', '5 days', 15);
INSERT INTO PrescriptionItem (PrescriptionID, MedicineID, Dosage, Frequency, Duration, Quantity) VALUES (236, 18, '20mg', 'As needed', '10 days', 12);
INSERT INTO BillPayment (VisitID, BillDate, BillTime, ConsultationFee, MedicineCost, LabTestCost, OtherCharges, SubTotal, DiscountAmount, TaxAmount, TotalAmount, PaymentMethod, PaymentStatus, PaidAmount, BalanceAmount, BilledBy) VALUES (236, '2025-12-24', '15:45:00', 100, 37.62, 0.00, 0.00, 137.62, 0.0, 0.0, 137.62, 'Free', 'Paid', 137.62, 0.00, 2);
INSERT INTO Appointment (MemberID, DoctorID, AppointmentDate, AppointmentTime, Symptoms, Status, Priority, TokenNumber) VALUES (219, 2, '2025-06-07', '16:30:00', 'Vomiting', 'Completed', 'Normal', 165);
INSERT INTO Visit (MemberID, DoctorID, AppointmentID, VisitDate, VisitTime, ChiefComplaint, Diagnosis, VitalSigns, TreatmentNotes, FollowUpRequired, FollowUpDate, VisitType, Status) VALUES (219, 2, 447, '2025-06-07', '14:20:00', 'Vomiting', 'Insomnia', '{"bp":"112/86","temp":98.1}', 'Advised rest, medication prescribed', FALSE, NULL, 'Scheduled', 'Completed');
INSERT INTO Prescription (VisitID, MemberID, DoctorID, IssueDate, ValidUntil, Diagnosis, SpecialInstructions, Status) VALUES (237, 219, 2, '2025-06-07', '2025-06-17', 'Insomnia', 'Take medicines after meals', 'Active');
INSERT INTO PrescriptionItem (PrescriptionID, MedicineID, Dosage, Frequency, Duration, Quantity) VALUES (237, 8, '250mg', 'Thrice daily', '10 days', 11);
INSERT INTO PrescriptionItem (PrescriptionID, MedicineID, Dosage, Frequency, Duration, Quantity) VALUES (237, 27, '400mg', 'Thrice daily', '5 days', 9);
INSERT INTO PrescriptionItem (PrescriptionID, MedicineID, Dosage, Frequency, Duration, Quantity) VALUES (237, 30, '400mg', 'Once daily', '10 days', 7);
INSERT INTO BillPayment (VisitID, BillDate, BillTime, ConsultationFee, MedicineCost, LabTestCost, OtherCharges, SubTotal, DiscountAmount, TaxAmount, TotalAmount, PaymentMethod, PaymentStatus, PaidAmount, BalanceAmount, BilledBy) VALUES (237, '2025-06-07', '13:30:00', 200, 169.44, 0.00, 0.00, 369.44, 0.0, 0.0, 369.44, 'Card', 'Paid', 369.44, 0.00, 2);
INSERT INTO Appointment (MemberID, DoctorID, AppointmentDate, AppointmentTime, Symptoms, Status, Priority, TokenNumber) VALUES (219, 1, '2026-04-09', '15:00:00', 'Chest pain', 'Scheduled', 'Emergency', 130);
INSERT INTO Appointment (MemberID, DoctorID, AppointmentDate, AppointmentTime, Symptoms, Status, Priority, TokenNumber) VALUES (220, 54, '2026-03-23', '11:45:00', 'Body pain', 'Scheduled', 'Emergency', 110);
INSERT INTO Appointment (MemberID, DoctorID, AppointmentDate, AppointmentTime, Symptoms, Status, Priority, TokenNumber) VALUES (220, 26, '2025-06-07', '09:00:00', 'Insomnia', 'Completed', 'Normal', 236);
INSERT INTO Visit (MemberID, DoctorID, AppointmentID, VisitDate, VisitTime, ChiefComplaint, Diagnosis, VitalSigns, TreatmentNotes, FollowUpRequired, FollowUpDate, VisitType, Status) VALUES (220, 26, 450, '2025-06-07', '14:05:00', 'Insomnia', 'Lumbar spondylosis', '{"bp":"110/87","temp":101.8}', 'Advised rest, medication prescribed', FALSE, NULL, 'Scheduled', 'Completed');
INSERT INTO Prescription (VisitID, MemberID, DoctorID, IssueDate, ValidUntil, Diagnosis, SpecialInstructions, Status) VALUES (238, 220, 26, '2025-06-07', '2025-06-17', 'Lumbar spondylosis', 'Take medicines after meals', 'Active');
INSERT INTO PrescriptionItem (PrescriptionID, MedicineID, Dosage, Frequency, Duration, Quantity) VALUES (238, 3, '5mg', 'Thrice daily', '5 days', 12);
INSERT INTO PrescriptionItem (PrescriptionID, MedicineID, Dosage, Frequency, Duration, Quantity) VALUES (238, 22, '20mg', 'As needed', '7 days', 14);
INSERT INTO BillPayment (VisitID, BillDate, BillTime, ConsultationFee, MedicineCost, LabTestCost, OtherCharges, SubTotal, DiscountAmount, TaxAmount, TotalAmount, PaymentMethod, PaymentStatus, PaidAmount, BalanceAmount, BilledBy) VALUES (238, '2025-06-07', '12:00:00', 0, 174.93, 0.00, 0.00, 174.93, 0.0, 0.0, 174.93, 'Free', 'Paid', 174.93, 0.00, 2);
INSERT INTO Appointment (MemberID, DoctorID, AppointmentDate, AppointmentTime, Symptoms, Status, Priority, TokenNumber) VALUES (221, 10, '2026-05-15', '14:00:00', 'Cold and cough', 'Scheduled', 'Normal', 111);
INSERT INTO Appointment (MemberID, DoctorID, AppointmentDate, AppointmentTime, Symptoms, Status, Priority, TokenNumber) VALUES (221, 44, '2025-08-30', '15:00:00', 'Anxiety', 'Completed', 'Urgent', 299);
INSERT INTO Visit (MemberID, DoctorID, AppointmentID, VisitDate, VisitTime, ChiefComplaint, Diagnosis, VitalSigns, TreatmentNotes, FollowUpRequired, FollowUpDate, VisitType, Status) VALUES (221, 44, 452, '2025-08-30', '14:10:00', 'Anxiety', 'GERD', '{"bp":"122/79","temp":97.5}', 'Advised rest, medication prescribed', TRUE, '2026-04-05', 'Scheduled', 'Completed');
INSERT INTO Prescription (VisitID, MemberID, DoctorID, IssueDate, ValidUntil, Diagnosis, SpecialInstructions, Status) VALUES (239, 221, 44, '2025-08-30', '2025-09-09', 'GERD', 'Take medicines after meals', 'Active');
INSERT INTO PrescriptionItem (PrescriptionID, MedicineID, Dosage, Frequency, Duration, Quantity) VALUES (239, 13, '400mg', 'Thrice daily', '10 days', 10);
INSERT INTO PrescriptionItem (PrescriptionID, MedicineID, Dosage, Frequency, Duration, Quantity) VALUES (239, 29, '20mg', 'Once daily', '10 days', 14);
INSERT INTO PrescriptionItem (PrescriptionID, MedicineID, Dosage, Frequency, Duration, Quantity) VALUES (239, 35, '500mg', 'Once daily', '10 days', 5);
INSERT INTO BillPayment (VisitID, BillDate, BillTime, ConsultationFee, MedicineCost, LabTestCost, OtherCharges, SubTotal, DiscountAmount, TaxAmount, TotalAmount, PaymentMethod, PaymentStatus, PaidAmount, BalanceAmount, BilledBy) VALUES (239, '2025-08-30', '09:00:00', 150, 265.89, 0.00, 0.00, 415.89, 0.0, 0.0, 415.89, 'Cash', 'Paid', 415.89, 0.00, 2);
INSERT INTO Appointment (MemberID, DoctorID, AppointmentDate, AppointmentTime, Symptoms, Status, Priority, TokenNumber) VALUES (222, 41, '2026-05-12', '14:00:00', 'Cold and cough', 'Scheduled', 'Normal', 175);
INSERT INTO Appointment (MemberID, DoctorID, AppointmentDate, AppointmentTime, Symptoms, Status, Priority, TokenNumber) VALUES (222, 20, '2026-04-20', '11:00:00', 'Skin rash', 'Scheduled', 'Normal', 270);
INSERT INTO Appointment (MemberID, DoctorID, AppointmentDate, AppointmentTime, Symptoms, Status, Priority, TokenNumber) VALUES (223, 22, '2026-05-29', '15:30:00', 'Stomach ache', 'Scheduled', 'Normal', 109);
INSERT INTO Appointment (MemberID, DoctorID, AppointmentDate, AppointmentTime, Symptoms, Status, Priority, TokenNumber) VALUES (223, 25, '2026-01-12', '10:30:00', 'Shortness of breath', 'Completed', 'Normal', 211);
INSERT INTO Visit (MemberID, DoctorID, AppointmentID, VisitDate, VisitTime, ChiefComplaint, Diagnosis, VitalSigns, TreatmentNotes, FollowUpRequired, FollowUpDate, VisitType, Status) VALUES (223, 25, 456, '2026-01-12', '11:20:00', 'Shortness of breath', 'Allergic rhinitis', '{"bp":"134/75","temp":98.0}', 'Advised rest, medication prescribed', FALSE, NULL, 'Scheduled', 'Completed');
INSERT INTO Prescription (VisitID, MemberID, DoctorID, IssueDate, ValidUntil, Diagnosis, SpecialInstructions, Status) VALUES (240, 223, 25, '2026-01-12', '2026-01-22', 'Allergic rhinitis', 'Take medicines after meals', 'Active');
INSERT INTO PrescriptionItem (PrescriptionID, MedicineID, Dosage, Frequency, Duration, Quantity) VALUES (240, 8, '10mg', 'Twice daily', '5 days', 13);
INSERT INTO PrescriptionItem (PrescriptionID, MedicineID, Dosage, Frequency, Duration, Quantity) VALUES (240, 1, '400mg', 'Thrice daily', '10 days', 15);
INSERT INTO BillPayment (VisitID, BillDate, BillTime, ConsultationFee, MedicineCost, LabTestCost, OtherCharges, SubTotal, DiscountAmount, TaxAmount, TotalAmount, PaymentMethod, PaymentStatus, PaidAmount, BalanceAmount, BilledBy) VALUES (240, '2026-01-12', '16:45:00', 0, 92.41, 0.00, 0.00, 92.41, 0.0, 0.0, 92.41, 'Card', 'Paid', 92.41, 0.00, 2);
INSERT INTO Appointment (MemberID, DoctorID, AppointmentDate, AppointmentTime, Symptoms, Status, Priority, TokenNumber) VALUES (224, 20, '2025-04-01', '14:30:00', 'Acid reflux', 'Completed', 'Normal', 211);
INSERT INTO Visit (MemberID, DoctorID, AppointmentID, VisitDate, VisitTime, ChiefComplaint, Diagnosis, VitalSigns, TreatmentNotes, FollowUpRequired, FollowUpDate, VisitType, Status) VALUES (224, 20, 457, '2025-04-01', '11:05:00', 'Acid reflux', 'Hypertension', '{"bp":"136/77","temp":99.9}', 'Advised rest, medication prescribed', FALSE, NULL, 'Scheduled', 'Completed');
INSERT INTO Prescription (VisitID, MemberID, DoctorID, IssueDate, ValidUntil, Diagnosis, SpecialInstructions, Status) VALUES (241, 224, 20, '2025-04-01', '2025-04-11', 'Hypertension', 'Take medicines after meals', 'Active');
INSERT INTO PrescriptionItem (PrescriptionID, MedicineID, Dosage, Frequency, Duration, Quantity) VALUES (241, 1, '250mg', 'Thrice daily', '7 days', 14);
INSERT INTO PrescriptionItem (PrescriptionID, MedicineID, Dosage, Frequency, Duration, Quantity) VALUES (241, 32, '10mg', 'Twice daily', '3 days', 5);
INSERT INTO PrescriptionItem (PrescriptionID, MedicineID, Dosage, Frequency, Duration, Quantity) VALUES (241, 6, '400mg', 'Once daily', '3 days', 14);
INSERT INTO BillPayment (VisitID, BillDate, BillTime, ConsultationFee, MedicineCost, LabTestCost, OtherCharges, SubTotal, DiscountAmount, TaxAmount, TotalAmount, PaymentMethod, PaymentStatus, PaidAmount, BalanceAmount, BilledBy) VALUES (241, '2025-04-01', '10:00:00', 50, 130.43, 0.00, 0.00, 180.43, 0.0, 0.0, 180.43, 'UPI', 'Paid', 180.43, 0.00, 2);
INSERT INTO Appointment (MemberID, DoctorID, AppointmentDate, AppointmentTime, Symptoms, Status, Priority, TokenNumber) VALUES (224, 46, '2026-04-18', '11:45:00', 'Allergic reaction', 'Scheduled', 'Normal', 297);
INSERT INTO Appointment (MemberID, DoctorID, AppointmentDate, AppointmentTime, Symptoms, Status, Priority, TokenNumber) VALUES (225, 18, '2025-06-11', '12:30:00', 'Insomnia', 'Completed', 'Normal', 272);
INSERT INTO Visit (MemberID, DoctorID, AppointmentID, VisitDate, VisitTime, ChiefComplaint, Diagnosis, VitalSigns, TreatmentNotes, FollowUpRequired, FollowUpDate, VisitType, Status) VALUES (225, 18, 459, '2025-06-11', '14:10:00', 'Insomnia', 'Hypertension', '{"bp":"119/75","temp":100.7}', 'Advised rest, medication prescribed', TRUE, '2026-04-15', 'Scheduled', 'Completed');
INSERT INTO Prescription (VisitID, MemberID, DoctorID, IssueDate, ValidUntil, Diagnosis, SpecialInstructions, Status) VALUES (242, 225, 18, '2025-06-11', '2025-06-21', 'Hypertension', 'Take medicines after meals', 'Active');
INSERT INTO PrescriptionItem (PrescriptionID, MedicineID, Dosage, Frequency, Duration, Quantity) VALUES (242, 9, '5mg', 'Once daily', '7 days', 10);
INSERT INTO PrescriptionItem (PrescriptionID, MedicineID, Dosage, Frequency, Duration, Quantity) VALUES (242, 21, '10mg', 'Once daily', '10 days', 4);
INSERT INTO PrescriptionItem (PrescriptionID, MedicineID, Dosage, Frequency, Duration, Quantity) VALUES (242, 7, '500mg', 'Thrice daily', '3 days', 11);
INSERT INTO BillPayment (VisitID, BillDate, BillTime, ConsultationFee, MedicineCost, LabTestCost, OtherCharges, SubTotal, DiscountAmount, TaxAmount, TotalAmount, PaymentMethod, PaymentStatus, PaidAmount, BalanceAmount, BilledBy) VALUES (242, '2025-06-11', '13:45:00', 0, 121.72, 0.00, 0.00, 121.72, 0.0, 0.0, 121.72, 'Cash', 'Paid', 121.72, 0.00, 2);
INSERT INTO Appointment (MemberID, DoctorID, AppointmentDate, AppointmentTime, Symptoms, Status, Priority, TokenNumber) VALUES (225, 30, '2025-07-19', '12:30:00', 'Loose motions', 'Completed', 'Normal', 297);
INSERT INTO Visit (MemberID, DoctorID, AppointmentID, VisitDate, VisitTime, ChiefComplaint, Diagnosis, VitalSigns, TreatmentNotes, FollowUpRequired, FollowUpDate, VisitType, Status) VALUES (225, 30, 460, '2025-07-19', '13:35:00', 'Loose motions', 'Myalgia', '{"bp":"133/79","temp":97.6}', 'Advised rest, medication prescribed', FALSE, NULL, 'Scheduled', 'Completed');
INSERT INTO Prescription (VisitID, MemberID, DoctorID, IssueDate, ValidUntil, Diagnosis, SpecialInstructions, Status) VALUES (243, 225, 30, '2025-07-19', '2025-07-29', 'Myalgia', 'Take medicines after meals', 'Active');
INSERT INTO PrescriptionItem (PrescriptionID, MedicineID, Dosage, Frequency, Duration, Quantity) VALUES (243, 8, '400mg', 'As needed', '5 days', 7);
INSERT INTO PrescriptionItem (PrescriptionID, MedicineID, Dosage, Frequency, Duration, Quantity) VALUES (243, 23, '10mg', 'Twice daily', '3 days', 8);
INSERT INTO PrescriptionItem (PrescriptionID, MedicineID, Dosage, Frequency, Duration, Quantity) VALUES (243, 20, '250mg', 'As needed', '3 days', 6);
INSERT INTO BillPayment (VisitID, BillDate, BillTime, ConsultationFee, MedicineCost, LabTestCost, OtherCharges, SubTotal, DiscountAmount, TaxAmount, TotalAmount, PaymentMethod, PaymentStatus, PaidAmount, BalanceAmount, BilledBy) VALUES (243, '2025-07-19', '15:00:00', 50, 54.95, 0.00, 0.00, 104.95, 0.0, 0.0, 104.95, 'UPI', 'Paid', 104.95, 0.00, 2);
INSERT INTO Appointment (MemberID, DoctorID, AppointmentDate, AppointmentTime, Symptoms, Status, Priority, TokenNumber) VALUES (226, 51, '2025-12-05', '12:15:00', 'Eye irritation', 'Completed', 'Urgent', 231);
INSERT INTO Visit (MemberID, DoctorID, AppointmentID, VisitDate, VisitTime, ChiefComplaint, Diagnosis, VitalSigns, TreatmentNotes, FollowUpRequired, FollowUpDate, VisitType, Status) VALUES (226, 51, 461, '2025-12-05', '11:05:00', 'Eye irritation', 'Allergic rhinitis', '{"bp":"115/85","temp":100.0}', 'Advised rest, medication prescribed', FALSE, NULL, 'Scheduled', 'Completed');
INSERT INTO Prescription (VisitID, MemberID, DoctorID, IssueDate, ValidUntil, Diagnosis, SpecialInstructions, Status) VALUES (244, 226, 51, '2025-12-05', '2025-12-15', 'Allergic rhinitis', 'Take medicines after meals', 'Active');
INSERT INTO PrescriptionItem (PrescriptionID, MedicineID, Dosage, Frequency, Duration, Quantity) VALUES (244, 1, '20mg', 'As needed', '5 days', 8);
INSERT INTO PrescriptionItem (PrescriptionID, MedicineID, Dosage, Frequency, Duration, Quantity) VALUES (244, 19, '400mg', 'Once daily', '7 days', 5);
INSERT INTO BillPayment (VisitID, BillDate, BillTime, ConsultationFee, MedicineCost, LabTestCost, OtherCharges, SubTotal, DiscountAmount, TaxAmount, TotalAmount, PaymentMethod, PaymentStatus, PaidAmount, BalanceAmount, BilledBy) VALUES (244, '2025-12-05', '15:30:00', 0, 144.65, 0.00, 0.00, 144.65, 0.0, 0.0, 144.65, 'Card', 'Paid', 144.65, 0.00, 2);
INSERT INTO Appointment (MemberID, DoctorID, AppointmentDate, AppointmentTime, Symptoms, Status, Priority, TokenNumber) VALUES (226, 54, '2026-03-18', '14:15:00', 'Allergic reaction', 'Scheduled', 'Urgent', 300);
INSERT INTO Appointment (MemberID, DoctorID, AppointmentDate, AppointmentTime, Symptoms, Status, Priority, TokenNumber) VALUES (227, 33, '2025-06-28', '10:30:00', 'Eye irritation', 'Completed', 'Normal', 148);
INSERT INTO Visit (MemberID, DoctorID, AppointmentID, VisitDate, VisitTime, ChiefComplaint, Diagnosis, VitalSigns, TreatmentNotes, FollowUpRequired, FollowUpDate, VisitType, Status) VALUES (227, 33, 463, '2025-06-28', '13:35:00', 'Eye irritation', 'Knee arthritis', '{"bp":"133/85","temp":99.4}', 'Advised rest, medication prescribed', FALSE, NULL, 'Scheduled', 'Completed');
INSERT INTO Prescription (VisitID, MemberID, DoctorID, IssueDate, ValidUntil, Diagnosis, SpecialInstructions, Status) VALUES (245, 227, 33, '2025-06-28', '2025-07-08', 'Knee arthritis', 'Take medicines after meals', 'Active');
INSERT INTO PrescriptionItem (PrescriptionID, MedicineID, Dosage, Frequency, Duration, Quantity) VALUES (245, 11, '10mg', 'Twice daily', '5 days', 9);
INSERT INTO PrescriptionItem (PrescriptionID, MedicineID, Dosage, Frequency, Duration, Quantity) VALUES (245, 26, '250mg', 'Thrice daily', '10 days', 13);
INSERT INTO PrescriptionItem (PrescriptionID, MedicineID, Dosage, Frequency, Duration, Quantity) VALUES (245, 5, '5mg', 'Thrice daily', '7 days', 3);
INSERT INTO BillPayment (VisitID, BillDate, BillTime, ConsultationFee, MedicineCost, LabTestCost, OtherCharges, SubTotal, DiscountAmount, TaxAmount, TotalAmount, PaymentMethod, PaymentStatus, PaidAmount, BalanceAmount, BilledBy) VALUES (245, '2025-06-28', '09:00:00', 200, 184.51, 0.00, 0.00, 384.51, 0.0, 0.0, 384.51, 'Cash', 'Paid', 384.51, 0.00, 2);
INSERT INTO Appointment (MemberID, DoctorID, AppointmentDate, AppointmentTime, Symptoms, Status, Priority, TokenNumber) VALUES (227, 4, '2025-06-07', '14:45:00', 'Dizziness', 'Completed', 'Normal', 236);
INSERT INTO Visit (MemberID, DoctorID, AppointmentID, VisitDate, VisitTime, ChiefComplaint, Diagnosis, VitalSigns, TreatmentNotes, FollowUpRequired, FollowUpDate, VisitType, Status) VALUES (227, 4, 464, '2025-06-07', '14:10:00', 'Dizziness', 'Vertigo', '{"bp":"127/89","temp":99.3}', 'Advised rest, medication prescribed', TRUE, '2026-03-27', 'Scheduled', 'Completed');
INSERT INTO Prescription (VisitID, MemberID, DoctorID, IssueDate, ValidUntil, Diagnosis, SpecialInstructions, Status) VALUES (246, 227, 4, '2025-06-07', '2025-06-17', 'Vertigo', 'Take medicines after meals', 'Active');
INSERT INTO PrescriptionItem (PrescriptionID, MedicineID, Dosage, Frequency, Duration, Quantity) VALUES (246, 19, '10mg', 'Thrice daily', '10 days', 12);
INSERT INTO PrescriptionItem (PrescriptionID, MedicineID, Dosage, Frequency, Duration, Quantity) VALUES (246, 11, '10mg', 'As needed', '5 days', 11);
INSERT INTO PrescriptionItem (PrescriptionID, MedicineID, Dosage, Frequency, Duration, Quantity) VALUES (246, 25, '10mg', 'As needed', '7 days', 13);
INSERT INTO BillPayment (VisitID, BillDate, BillTime, ConsultationFee, MedicineCost, LabTestCost, OtherCharges, SubTotal, DiscountAmount, TaxAmount, TotalAmount, PaymentMethod, PaymentStatus, PaidAmount, BalanceAmount, BilledBy) VALUES (246, '2025-06-07', '17:00:00', 200, 117.59, 0.00, 0.00, 317.59, 0.0, 0.0, 317.59, 'UPI', 'Paid', 317.59, 0.00, 2);
INSERT INTO Appointment (MemberID, DoctorID, AppointmentDate, AppointmentTime, Symptoms, Status, Priority, TokenNumber) VALUES (228, 54, '2025-12-16', '11:00:00', 'Ear pain', 'Completed', 'Normal', 218);
INSERT INTO Visit (MemberID, DoctorID, AppointmentID, VisitDate, VisitTime, ChiefComplaint, Diagnosis, VitalSigns, TreatmentNotes, FollowUpRequired, FollowUpDate, VisitType, Status) VALUES (228, 54, 465, '2025-12-16', '10:10:00', 'Ear pain', 'Vitamin D deficiency', '{"bp":"116/90","temp":100.3}', 'Advised rest, medication prescribed', TRUE, '2026-04-11', 'Scheduled', 'Completed');
INSERT INTO Prescription (VisitID, MemberID, DoctorID, IssueDate, ValidUntil, Diagnosis, SpecialInstructions, Status) VALUES (247, 228, 54, '2025-12-16', '2025-12-26', 'Vitamin D deficiency', 'Take medicines after meals', 'Active');
INSERT INTO PrescriptionItem (PrescriptionID, MedicineID, Dosage, Frequency, Duration, Quantity) VALUES (247, 6, '10mg', 'Thrice daily', '7 days', 8);
INSERT INTO PrescriptionItem (PrescriptionID, MedicineID, Dosage, Frequency, Duration, Quantity) VALUES (247, 30, '500mg', 'Thrice daily', '5 days', 9);
INSERT INTO PrescriptionItem (PrescriptionID, MedicineID, Dosage, Frequency, Duration, Quantity) VALUES (247, 1, '5mg', 'Twice daily', '10 days', 11);
INSERT INTO BillPayment (VisitID, BillDate, BillTime, ConsultationFee, MedicineCost, LabTestCost, OtherCharges, SubTotal, DiscountAmount, TaxAmount, TotalAmount, PaymentMethod, PaymentStatus, PaidAmount, BalanceAmount, BilledBy) VALUES (247, '2025-12-16', '09:15:00', 0, 43.24, 0.00, 0.00, 43.24, 0.0, 0.0, 43.24, 'UPI', 'Paid', 43.24, 0.00, 2);
INSERT INTO Appointment (MemberID, DoctorID, AppointmentDate, AppointmentTime, Symptoms, Status, Priority, TokenNumber) VALUES (228, 34, '2025-08-07', '10:00:00', 'Anxiety', 'Completed', 'Normal', 225);
INSERT INTO Visit (MemberID, DoctorID, AppointmentID, VisitDate, VisitTime, ChiefComplaint, Diagnosis, VitalSigns, TreatmentNotes, FollowUpRequired, FollowUpDate, VisitType, Status) VALUES (228, 34, 466, '2025-08-07', '10:20:00', 'Anxiety', 'Insomnia', '{"bp":"120/88","temp":97.1}', 'Advised rest, medication prescribed', FALSE, NULL, 'Scheduled', 'Completed');
INSERT INTO Prescription (VisitID, MemberID, DoctorID, IssueDate, ValidUntil, Diagnosis, SpecialInstructions, Status) VALUES (248, 228, 34, '2025-08-07', '2025-08-17', 'Insomnia', 'Take medicines after meals', 'Active');
INSERT INTO PrescriptionItem (PrescriptionID, MedicineID, Dosage, Frequency, Duration, Quantity) VALUES (248, 11, '5mg', 'As needed', '3 days', 8);
INSERT INTO PrescriptionItem (PrescriptionID, MedicineID, Dosage, Frequency, Duration, Quantity) VALUES (248, 7, '10mg', 'Twice daily', '10 days', 9);
INSERT INTO BillPayment (VisitID, BillDate, BillTime, ConsultationFee, MedicineCost, LabTestCost, OtherCharges, SubTotal, DiscountAmount, TaxAmount, TotalAmount, PaymentMethod, PaymentStatus, PaidAmount, BalanceAmount, BilledBy) VALUES (248, '2025-08-07', '10:30:00', 200, 78.16, 0.00, 0.00, 278.16, 0.0, 0.0, 278.16, 'Card', 'Paid', 278.16, 0.00, 2);
INSERT INTO Appointment (MemberID, DoctorID, AppointmentDate, AppointmentTime, Symptoms, Status, Priority, TokenNumber) VALUES (229, 48, '2026-03-07', '16:00:00', 'Vomiting', 'Completed', 'Normal', 132);
INSERT INTO Visit (MemberID, DoctorID, AppointmentID, VisitDate, VisitTime, ChiefComplaint, Diagnosis, VitalSigns, TreatmentNotes, FollowUpRequired, FollowUpDate, VisitType, Status) VALUES (229, 48, 467, '2026-03-07', '15:05:00', 'Vomiting', 'Viral gastroenteritis', '{"bp":"113/73","temp":100.2}', 'Advised rest, medication prescribed', FALSE, NULL, 'Scheduled', 'Completed');
INSERT INTO Prescription (VisitID, MemberID, DoctorID, IssueDate, ValidUntil, Diagnosis, SpecialInstructions, Status) VALUES (249, 229, 48, '2026-03-07', '2026-03-17', 'Viral gastroenteritis', 'Take medicines after meals', 'Active');
INSERT INTO PrescriptionItem (PrescriptionID, MedicineID, Dosage, Frequency, Duration, Quantity) VALUES (249, 1, '20mg', 'Twice daily', '10 days', 7);
INSERT INTO PrescriptionItem (PrescriptionID, MedicineID, Dosage, Frequency, Duration, Quantity) VALUES (249, 16, '250mg', 'Thrice daily', '7 days', 4);
INSERT INTO BillPayment (VisitID, BillDate, BillTime, ConsultationFee, MedicineCost, LabTestCost, OtherCharges, SubTotal, DiscountAmount, TaxAmount, TotalAmount, PaymentMethod, PaymentStatus, PaidAmount, BalanceAmount, BilledBy) VALUES (249, '2026-03-07', '09:30:00', 50, 222.58, 0.00, 0.00, 272.58, 0.0, 0.0, 272.58, 'Cash', 'Paid', 272.58, 0.00, 2);
INSERT INTO Appointment (MemberID, DoctorID, AppointmentDate, AppointmentTime, Symptoms, Status, Priority, TokenNumber) VALUES (229, 53, '2026-01-25', '10:00:00', 'Knee pain', 'Completed', 'Normal', 134);
INSERT INTO Visit (MemberID, DoctorID, AppointmentID, VisitDate, VisitTime, ChiefComplaint, Diagnosis, VitalSigns, TreatmentNotes, FollowUpRequired, FollowUpDate, VisitType, Status) VALUES (229, 53, 468, '2026-01-25', '12:35:00', 'Knee pain', 'Knee arthritis', '{"bp":"138/80","temp":102.1}', 'Advised rest, medication prescribed', TRUE, '2026-03-27', 'Scheduled', 'Completed');
INSERT INTO Prescription (VisitID, MemberID, DoctorID, IssueDate, ValidUntil, Diagnosis, SpecialInstructions, Status) VALUES (250, 229, 53, '2026-01-25', '2026-02-04', 'Knee arthritis', 'Take medicines after meals', 'Active');
INSERT INTO PrescriptionItem (PrescriptionID, MedicineID, Dosage, Frequency, Duration, Quantity) VALUES (250, 14, '250mg', 'As needed', '3 days', 6);
INSERT INTO PrescriptionItem (PrescriptionID, MedicineID, Dosage, Frequency, Duration, Quantity) VALUES (250, 25, '400mg', 'Thrice daily', '10 days', 12);
INSERT INTO PrescriptionItem (PrescriptionID, MedicineID, Dosage, Frequency, Duration, Quantity) VALUES (250, 26, '250mg', 'Twice daily', '7 days', 6);
INSERT INTO BillPayment (VisitID, BillDate, BillTime, ConsultationFee, MedicineCost, LabTestCost, OtherCharges, SubTotal, DiscountAmount, TaxAmount, TotalAmount, PaymentMethod, PaymentStatus, PaidAmount, BalanceAmount, BilledBy) VALUES (250, '2026-01-25', '14:30:00', 200, 36.9, 0.00, 0.00, 236.9, 0.0, 0.0, 236.9, 'Cash', 'Paid', 236.9, 0.00, 2);
INSERT INTO Appointment (MemberID, DoctorID, AppointmentDate, AppointmentTime, Symptoms, Status, Priority, TokenNumber) VALUES (230, 49, '2026-05-13', '10:30:00', 'Loose motions', 'Scheduled', 'Emergency', 215);
INSERT INTO Appointment (MemberID, DoctorID, AppointmentDate, AppointmentTime, Symptoms, Status, Priority, TokenNumber) VALUES (230, 43, '2025-04-18', '14:45:00', 'Skin rash', 'Completed', 'Normal', 224);
INSERT INTO Visit (MemberID, DoctorID, AppointmentID, VisitDate, VisitTime, ChiefComplaint, Diagnosis, VitalSigns, TreatmentNotes, FollowUpRequired, FollowUpDate, VisitType, Status) VALUES (230, 43, 470, '2025-04-18', '11:20:00', 'Skin rash', 'Generalised anxiety disorder', '{"bp":"138/73","temp":97.6}', 'Advised rest, medication prescribed', FALSE, NULL, 'Scheduled', 'Completed');
INSERT INTO Prescription (VisitID, MemberID, DoctorID, IssueDate, ValidUntil, Diagnosis, SpecialInstructions, Status) VALUES (251, 230, 43, '2025-04-18', '2025-04-28', 'Generalised anxiety disorder', 'Take medicines after meals', 'Active');
INSERT INTO PrescriptionItem (PrescriptionID, MedicineID, Dosage, Frequency, Duration, Quantity) VALUES (251, 16, '400mg', 'Twice daily', '5 days', 10);
INSERT INTO PrescriptionItem (PrescriptionID, MedicineID, Dosage, Frequency, Duration, Quantity) VALUES (251, 26, '5mg', 'Twice daily', '10 days', 3);
INSERT INTO PrescriptionItem (PrescriptionID, MedicineID, Dosage, Frequency, Duration, Quantity) VALUES (251, 3, '250mg', 'As needed', '10 days', 9);
INSERT INTO BillPayment (VisitID, BillDate, BillTime, ConsultationFee, MedicineCost, LabTestCost, OtherCharges, SubTotal, DiscountAmount, TaxAmount, TotalAmount, PaymentMethod, PaymentStatus, PaidAmount, BalanceAmount, BilledBy) VALUES (251, '2025-04-18', '13:15:00', 0, 116.07, 0.00, 0.00, 116.07, 0.0, 0.0, 116.07, 'UPI', 'Paid', 116.07, 0.00, 2);
INSERT INTO Appointment (MemberID, DoctorID, AppointmentDate, AppointmentTime, Symptoms, Status, Priority, TokenNumber) VALUES (231, 34, '2025-11-07', '13:00:00', 'Muscle cramps', 'Completed', 'Normal', 119);
INSERT INTO Visit (MemberID, DoctorID, AppointmentID, VisitDate, VisitTime, ChiefComplaint, Diagnosis, VitalSigns, TreatmentNotes, FollowUpRequired, FollowUpDate, VisitType, Status) VALUES (231, 34, 471, '2025-11-07', '10:35:00', 'Muscle cramps', 'Common cold', '{"bp":"120/90","temp":101.9}', 'Advised rest, medication prescribed', FALSE, NULL, 'Scheduled', 'Completed');
INSERT INTO Prescription (VisitID, MemberID, DoctorID, IssueDate, ValidUntil, Diagnosis, SpecialInstructions, Status) VALUES (252, 231, 34, '2025-11-07', '2025-11-17', 'Common cold', 'Take medicines after meals', 'Active');
INSERT INTO PrescriptionItem (PrescriptionID, MedicineID, Dosage, Frequency, Duration, Quantity) VALUES (252, 35, '10mg', 'Once daily', '7 days', 4);
INSERT INTO PrescriptionItem (PrescriptionID, MedicineID, Dosage, Frequency, Duration, Quantity) VALUES (252, 20, '500mg', 'Twice daily', '3 days', 5);
INSERT INTO PrescriptionItem (PrescriptionID, MedicineID, Dosage, Frequency, Duration, Quantity) VALUES (252, 27, '5mg', 'Twice daily', '3 days', 7);
INSERT INTO BillPayment (VisitID, BillDate, BillTime, ConsultationFee, MedicineCost, LabTestCost, OtherCharges, SubTotal, DiscountAmount, TaxAmount, TotalAmount, PaymentMethod, PaymentStatus, PaidAmount, BalanceAmount, BilledBy) VALUES (252, '2025-11-07', '15:15:00', 50, 156.25, 0.00, 0.00, 206.25, 0.0, 0.0, 206.25, 'UPI', 'Paid', 206.25, 0.00, 2);
INSERT INTO Appointment (MemberID, DoctorID, AppointmentDate, AppointmentTime, Symptoms, Status, Priority, TokenNumber) VALUES (231, 55, '2026-01-24', '13:30:00', 'Vomiting', 'Completed', 'Normal', 129);
INSERT INTO Visit (MemberID, DoctorID, AppointmentID, VisitDate, VisitTime, ChiefComplaint, Diagnosis, VitalSigns, TreatmentNotes, FollowUpRequired, FollowUpDate, VisitType, Status) VALUES (231, 55, 472, '2026-01-24', '12:20:00', 'Vomiting', 'Iron deficiency anaemia', '{"bp":"139/70","temp":100.2}', 'Advised rest, medication prescribed', FALSE, NULL, 'Scheduled', 'Completed');
INSERT INTO Prescription (VisitID, MemberID, DoctorID, IssueDate, ValidUntil, Diagnosis, SpecialInstructions, Status) VALUES (253, 231, 55, '2026-01-24', '2026-02-03', 'Iron deficiency anaemia', 'Take medicines after meals', 'Active');
INSERT INTO PrescriptionItem (PrescriptionID, MedicineID, Dosage, Frequency, Duration, Quantity) VALUES (253, 27, '5mg', 'Thrice daily', '3 days', 12);
INSERT INTO PrescriptionItem (PrescriptionID, MedicineID, Dosage, Frequency, Duration, Quantity) VALUES (253, 32, '250mg', 'Twice daily', '7 days', 12);
INSERT INTO BillPayment (VisitID, BillDate, BillTime, ConsultationFee, MedicineCost, LabTestCost, OtherCharges, SubTotal, DiscountAmount, TaxAmount, TotalAmount, PaymentMethod, PaymentStatus, PaidAmount, BalanceAmount, BilledBy) VALUES (253, '2026-01-24', '14:30:00', 200, 147.22, 0.00, 0.00, 347.22, 0.0, 0.0, 347.22, 'Card', 'Paid', 347.22, 0.00, 2);
INSERT INTO Appointment (MemberID, DoctorID, AppointmentDate, AppointmentTime, Symptoms, Status, Priority, TokenNumber) VALUES (232, 8, '2026-04-18', '14:45:00', 'Body pain', 'Scheduled', 'Urgent', 131);
INSERT INTO Appointment (MemberID, DoctorID, AppointmentDate, AppointmentTime, Symptoms, Status, Priority, TokenNumber) VALUES (232, 30, '2025-12-07', '09:45:00', 'Insomnia', 'Completed', 'Emergency', 130);
INSERT INTO Visit (MemberID, DoctorID, AppointmentID, VisitDate, VisitTime, ChiefComplaint, Diagnosis, VitalSigns, TreatmentNotes, FollowUpRequired, FollowUpDate, VisitType, Status) VALUES (232, 30, 474, '2025-12-07', '15:20:00', 'Insomnia', 'Pharyngitis', '{"bp":"134/71","temp":98.1}', 'Advised rest, medication prescribed', FALSE, NULL, 'Scheduled', 'Completed');
INSERT INTO Prescription (VisitID, MemberID, DoctorID, IssueDate, ValidUntil, Diagnosis, SpecialInstructions, Status) VALUES (254, 232, 30, '2025-12-07', '2025-12-17', 'Pharyngitis', 'Take medicines after meals', 'Active');
INSERT INTO PrescriptionItem (PrescriptionID, MedicineID, Dosage, Frequency, Duration, Quantity) VALUES (254, 33, '500mg', 'As needed', '5 days', 11);
INSERT INTO PrescriptionItem (PrescriptionID, MedicineID, Dosage, Frequency, Duration, Quantity) VALUES (254, 34, '5mg', 'As needed', '7 days', 11);
INSERT INTO BillPayment (VisitID, BillDate, BillTime, ConsultationFee, MedicineCost, LabTestCost, OtherCharges, SubTotal, DiscountAmount, TaxAmount, TotalAmount, PaymentMethod, PaymentStatus, PaidAmount, BalanceAmount, BilledBy) VALUES (254, '2025-12-07', '15:30:00', 50, 225.04, 0.00, 0.00, 275.04, 0.0, 0.0, 275.04, 'UPI', 'Paid', 275.04, 0.00, 2);
INSERT INTO Appointment (MemberID, DoctorID, AppointmentDate, AppointmentTime, Symptoms, Status, Priority, TokenNumber) VALUES (233, 49, '2026-03-10', '13:00:00', 'Dizziness', 'Completed', 'Normal', 254);
INSERT INTO Visit (MemberID, DoctorID, AppointmentID, VisitDate, VisitTime, ChiefComplaint, Diagnosis, VitalSigns, TreatmentNotes, FollowUpRequired, FollowUpDate, VisitType, Status) VALUES (233, 49, 475, '2026-03-10', '10:20:00', 'Dizziness', 'Viral fever', '{"bp":"137/83","temp":102.3}', 'Advised rest, medication prescribed', TRUE, '2026-04-14', 'Scheduled', 'Completed');
INSERT INTO Prescription (VisitID, MemberID, DoctorID, IssueDate, ValidUntil, Diagnosis, SpecialInstructions, Status) VALUES (255, 233, 49, '2026-03-10', '2026-03-20', 'Viral fever', 'Take medicines after meals', 'Active');
INSERT INTO PrescriptionItem (PrescriptionID, MedicineID, Dosage, Frequency, Duration, Quantity) VALUES (255, 35, '5mg', 'Twice daily', '7 days', 7);
INSERT INTO PrescriptionItem (PrescriptionID, MedicineID, Dosage, Frequency, Duration, Quantity) VALUES (255, 9, '250mg', 'Once daily', '7 days', 4);
INSERT INTO BillPayment (VisitID, BillDate, BillTime, ConsultationFee, MedicineCost, LabTestCost, OtherCharges, SubTotal, DiscountAmount, TaxAmount, TotalAmount, PaymentMethod, PaymentStatus, PaidAmount, BalanceAmount, BilledBy) VALUES (255, '2026-03-10', '10:00:00', 50, 261.46, 0.00, 0.00, 311.46, 0.0, 0.0, 311.46, 'UPI', 'Paid', 311.46, 0.00, 2);
INSERT INTO Appointment (MemberID, DoctorID, AppointmentDate, AppointmentTime, Symptoms, Status, Priority, TokenNumber) VALUES (233, 47, '2026-03-18', '16:45:00', 'Body pain', 'Scheduled', 'Normal', 294);
INSERT INTO Appointment (MemberID, DoctorID, AppointmentDate, AppointmentTime, Symptoms, Status, Priority, TokenNumber) VALUES (234, 18, '2026-02-17', '16:30:00', 'Sore throat', 'Completed', 'Normal', 140);
INSERT INTO Visit (MemberID, DoctorID, AppointmentID, VisitDate, VisitTime, ChiefComplaint, Diagnosis, VitalSigns, TreatmentNotes, FollowUpRequired, FollowUpDate, VisitType, Status) VALUES (234, 18, 477, '2026-02-17', '14:10:00', 'Sore throat', 'Lumbar spondylosis', '{"bp":"130/72","temp":97.3}', 'Advised rest, medication prescribed', FALSE, NULL, 'Scheduled', 'Completed');
INSERT INTO Prescription (VisitID, MemberID, DoctorID, IssueDate, ValidUntil, Diagnosis, SpecialInstructions, Status) VALUES (256, 234, 18, '2026-02-17', '2026-02-27', 'Lumbar spondylosis', 'Take medicines after meals', 'Active');
INSERT INTO PrescriptionItem (PrescriptionID, MedicineID, Dosage, Frequency, Duration, Quantity) VALUES (256, 20, '250mg', 'Thrice daily', '10 days', 3);
INSERT INTO PrescriptionItem (PrescriptionID, MedicineID, Dosage, Frequency, Duration, Quantity) VALUES (256, 7, '20mg', 'As needed', '5 days', 14);
INSERT INTO PrescriptionItem (PrescriptionID, MedicineID, Dosage, Frequency, Duration, Quantity) VALUES (256, 10, '5mg', 'Thrice daily', '10 days', 6);
INSERT INTO BillPayment (VisitID, BillDate, BillTime, ConsultationFee, MedicineCost, LabTestCost, OtherCharges, SubTotal, DiscountAmount, TaxAmount, TotalAmount, PaymentMethod, PaymentStatus, PaidAmount, BalanceAmount, BilledBy) VALUES (256, '2026-02-17', '16:30:00', 50, 69.69, 0.00, 0.00, 119.69, 0.0, 0.0, 119.69, 'Cash', 'Paid', 119.69, 0.00, 2);
INSERT INTO Appointment (MemberID, DoctorID, AppointmentDate, AppointmentTime, Symptoms, Status, Priority, TokenNumber) VALUES (234, 51, '2025-10-20', '09:30:00', 'Muscle cramps', 'Completed', 'Normal', 154);
INSERT INTO Visit (MemberID, DoctorID, AppointmentID, VisitDate, VisitTime, ChiefComplaint, Diagnosis, VitalSigns, TreatmentNotes, FollowUpRequired, FollowUpDate, VisitType, Status) VALUES (234, 51, 478, '2025-10-20', '15:05:00', 'Muscle cramps', 'Gastritis', '{"bp":"111/71","temp":98.1}', 'Advised rest, medication prescribed', TRUE, '2026-04-13', 'Scheduled', 'Completed');
INSERT INTO Prescription (VisitID, MemberID, DoctorID, IssueDate, ValidUntil, Diagnosis, SpecialInstructions, Status) VALUES (257, 234, 51, '2025-10-20', '2025-10-30', 'Gastritis', 'Take medicines after meals', 'Active');
INSERT INTO PrescriptionItem (PrescriptionID, MedicineID, Dosage, Frequency, Duration, Quantity) VALUES (257, 34, '400mg', 'As needed', '5 days', 3);
INSERT INTO PrescriptionItem (PrescriptionID, MedicineID, Dosage, Frequency, Duration, Quantity) VALUES (257, 28, '5mg', 'Once daily', '5 days', 11);
INSERT INTO PrescriptionItem (PrescriptionID, MedicineID, Dosage, Frequency, Duration, Quantity) VALUES (257, 7, '5mg', 'As needed', '5 days', 3);
INSERT INTO BillPayment (VisitID, BillDate, BillTime, ConsultationFee, MedicineCost, LabTestCost, OtherCharges, SubTotal, DiscountAmount, TaxAmount, TotalAmount, PaymentMethod, PaymentStatus, PaidAmount, BalanceAmount, BilledBy) VALUES (257, '2025-10-20', '14:15:00', 50, 238.13, 0.00, 0.00, 288.13, 0.0, 0.0, 288.13, 'Cash', 'Paid', 288.13, 0.00, 2);
INSERT INTO Appointment (MemberID, DoctorID, AppointmentDate, AppointmentTime, Symptoms, Status, Priority, TokenNumber) VALUES (235, 26, '2026-05-11', '11:00:00', 'Anxiety', 'Scheduled', 'Normal', 204);
INSERT INTO Appointment (MemberID, DoctorID, AppointmentDate, AppointmentTime, Symptoms, Status, Priority, TokenNumber) VALUES (235, 35, '2026-03-12', '14:45:00', 'Allergic reaction', 'Completed', 'Normal', 107);
INSERT INTO Visit (MemberID, DoctorID, AppointmentID, VisitDate, VisitTime, ChiefComplaint, Diagnosis, VitalSigns, TreatmentNotes, FollowUpRequired, FollowUpDate, VisitType, Status) VALUES (235, 35, 480, '2026-03-12', '10:35:00', 'Allergic reaction', 'Common cold', '{"bp":"140/88","temp":102.3}', 'Advised rest, medication prescribed', TRUE, '2026-04-04', 'Scheduled', 'Completed');
INSERT INTO Prescription (VisitID, MemberID, DoctorID, IssueDate, ValidUntil, Diagnosis, SpecialInstructions, Status) VALUES (258, 235, 35, '2026-03-12', '2026-03-22', 'Common cold', 'Take medicines after meals', 'Active');
INSERT INTO PrescriptionItem (PrescriptionID, MedicineID, Dosage, Frequency, Duration, Quantity) VALUES (258, 30, '20mg', 'As needed', '3 days', 6);
INSERT INTO PrescriptionItem (PrescriptionID, MedicineID, Dosage, Frequency, Duration, Quantity) VALUES (258, 14, '500mg', 'As needed', '5 days', 5);
INSERT INTO BillPayment (VisitID, BillDate, BillTime, ConsultationFee, MedicineCost, LabTestCost, OtherCharges, SubTotal, DiscountAmount, TaxAmount, TotalAmount, PaymentMethod, PaymentStatus, PaidAmount, BalanceAmount, BilledBy) VALUES (258, '2026-03-12', '09:45:00', 0, 50.56, 0.00, 0.00, 50.56, 0.0, 0.0, 50.56, 'Free', 'Paid', 50.56, 0.00, 2);
INSERT INTO Appointment (MemberID, DoctorID, AppointmentDate, AppointmentTime, Symptoms, Status, Priority, TokenNumber) VALUES (236, 5, '2026-03-18', '16:15:00', 'Stomach ache', 'Scheduled', 'Normal', 164);
INSERT INTO Appointment (MemberID, DoctorID, AppointmentDate, AppointmentTime, Symptoms, Status, Priority, TokenNumber) VALUES (236, 21, '2026-04-23', '15:00:00', 'Allergic reaction', 'Scheduled', 'Normal', 142);
INSERT INTO Appointment (MemberID, DoctorID, AppointmentDate, AppointmentTime, Symptoms, Status, Priority, TokenNumber) VALUES (237, 36, '2026-03-27', '16:00:00', 'Ear pain', 'Scheduled', 'Normal', 162);
INSERT INTO Appointment (MemberID, DoctorID, AppointmentDate, AppointmentTime, Symptoms, Status, Priority, TokenNumber) VALUES (237, 27, '2026-01-02', '12:30:00', 'Knee pain', 'Completed', 'Urgent', 133);
INSERT INTO Visit (MemberID, DoctorID, AppointmentID, VisitDate, VisitTime, ChiefComplaint, Diagnosis, VitalSigns, TreatmentNotes, FollowUpRequired, FollowUpDate, VisitType, Status) VALUES (237, 27, 484, '2026-01-02', '14:10:00', 'Knee pain', 'Gastritis', '{"bp":"110/74","temp":98.9}', 'Advised rest, medication prescribed', TRUE, '2026-04-06', 'Scheduled', 'Completed');
INSERT INTO Prescription (VisitID, MemberID, DoctorID, IssueDate, ValidUntil, Diagnosis, SpecialInstructions, Status) VALUES (259, 237, 27, '2026-01-02', '2026-01-12', 'Gastritis', 'Take medicines after meals', 'Active');
INSERT INTO PrescriptionItem (PrescriptionID, MedicineID, Dosage, Frequency, Duration, Quantity) VALUES (259, 18, '250mg', 'Once daily', '7 days', 7);
INSERT INTO PrescriptionItem (PrescriptionID, MedicineID, Dosage, Frequency, Duration, Quantity) VALUES (259, 6, '400mg', 'As needed', '10 days', 5);
INSERT INTO BillPayment (VisitID, BillDate, BillTime, ConsultationFee, MedicineCost, LabTestCost, OtherCharges, SubTotal, DiscountAmount, TaxAmount, TotalAmount, PaymentMethod, PaymentStatus, PaidAmount, BalanceAmount, BilledBy) VALUES (259, '2026-01-02', '11:45:00', 150, 192.77, 0.00, 0.00, 342.77, 0.0, 0.0, 342.77, 'UPI', 'Paid', 342.77, 0.00, 2);
INSERT INTO Appointment (MemberID, DoctorID, AppointmentDate, AppointmentTime, Symptoms, Status, Priority, TokenNumber) VALUES (238, 42, '2026-03-18', '14:00:00', 'Dizziness', 'Scheduled', 'Urgent', 220);
INSERT INTO Appointment (MemberID, DoctorID, AppointmentDate, AppointmentTime, Symptoms, Status, Priority, TokenNumber) VALUES (238, 27, '2025-07-22', '13:00:00', 'Vomiting', 'Completed', 'Normal', 188);
INSERT INTO Visit (MemberID, DoctorID, AppointmentID, VisitDate, VisitTime, ChiefComplaint, Diagnosis, VitalSigns, TreatmentNotes, FollowUpRequired, FollowUpDate, VisitType, Status) VALUES (238, 27, 486, '2025-07-22', '14:20:00', 'Vomiting', 'Electrolyte imbalance', '{"bp":"114/73","temp":97.6}', 'Advised rest, medication prescribed', TRUE, '2026-03-26', 'Scheduled', 'Completed');
INSERT INTO Prescription (VisitID, MemberID, DoctorID, IssueDate, ValidUntil, Diagnosis, SpecialInstructions, Status) VALUES (260, 238, 27, '2025-07-22', '2025-08-01', 'Electrolyte imbalance', 'Take medicines after meals', 'Active');
INSERT INTO PrescriptionItem (PrescriptionID, MedicineID, Dosage, Frequency, Duration, Quantity) VALUES (260, 21, '20mg', 'Once daily', '5 days', 15);
INSERT INTO PrescriptionItem (PrescriptionID, MedicineID, Dosage, Frequency, Duration, Quantity) VALUES (260, 35, '5mg', 'As needed', '7 days', 14);
INSERT INTO BillPayment (VisitID, BillDate, BillTime, ConsultationFee, MedicineCost, LabTestCost, OtherCharges, SubTotal, DiscountAmount, TaxAmount, TotalAmount, PaymentMethod, PaymentStatus, PaidAmount, BalanceAmount, BilledBy) VALUES (260, '2025-07-22', '13:45:00', 200, 244.65, 0.00, 0.00, 444.65, 0.0, 0.0, 444.65, 'Free', 'Paid', 444.65, 0.00, 2);
INSERT INTO Appointment (MemberID, DoctorID, AppointmentDate, AppointmentTime, Symptoms, Status, Priority, TokenNumber) VALUES (239, 36, '2025-06-27', '15:15:00', 'Nausea', 'Completed', 'Normal', 115);
INSERT INTO Visit (MemberID, DoctorID, AppointmentID, VisitDate, VisitTime, ChiefComplaint, Diagnosis, VitalSigns, TreatmentNotes, FollowUpRequired, FollowUpDate, VisitType, Status) VALUES (239, 36, 487, '2025-06-27', '13:20:00', 'Nausea', 'Viral fever', '{"bp":"110/86","temp":101.1}', 'Advised rest, medication prescribed', FALSE, NULL, 'Scheduled', 'Completed');
INSERT INTO Prescription (VisitID, MemberID, DoctorID, IssueDate, ValidUntil, Diagnosis, SpecialInstructions, Status) VALUES (261, 239, 36, '2025-06-27', '2025-07-07', 'Viral fever', 'Take medicines after meals', 'Active');
INSERT INTO PrescriptionItem (PrescriptionID, MedicineID, Dosage, Frequency, Duration, Quantity) VALUES (261, 6, '5mg', 'Thrice daily', '5 days', 4);
INSERT INTO PrescriptionItem (PrescriptionID, MedicineID, Dosage, Frequency, Duration, Quantity) VALUES (261, 8, '5mg', 'Thrice daily', '3 days', 3);
INSERT INTO PrescriptionItem (PrescriptionID, MedicineID, Dosage, Frequency, Duration, Quantity) VALUES (261, 3, '5mg', 'Twice daily', '10 days', 12);
INSERT INTO BillPayment (VisitID, BillDate, BillTime, ConsultationFee, MedicineCost, LabTestCost, OtherCharges, SubTotal, DiscountAmount, TaxAmount, TotalAmount, PaymentMethod, PaymentStatus, PaidAmount, BalanceAmount, BilledBy) VALUES (261, '2025-06-27', '12:30:00', 50, 253.41, 0.00, 0.00, 303.41, 0.0, 0.0, 303.41, 'Card', 'Paid', 303.41, 0.00, 2);
INSERT INTO Appointment (MemberID, DoctorID, AppointmentDate, AppointmentTime, Symptoms, Status, Priority, TokenNumber) VALUES (239, 35, '2025-08-06', '13:45:00', 'Cold and cough', 'Completed', 'Normal', 130);
INSERT INTO Visit (MemberID, DoctorID, AppointmentID, VisitDate, VisitTime, ChiefComplaint, Diagnosis, VitalSigns, TreatmentNotes, FollowUpRequired, FollowUpDate, VisitType, Status) VALUES (239, 35, 488, '2025-08-06', '15:20:00', 'Cold and cough', 'Vertigo', '{"bp":"114/70","temp":97.9}', 'Advised rest, medication prescribed', TRUE, '2026-03-30', 'Scheduled', 'Completed');
INSERT INTO Prescription (VisitID, MemberID, DoctorID, IssueDate, ValidUntil, Diagnosis, SpecialInstructions, Status) VALUES (262, 239, 35, '2025-08-06', '2025-08-16', 'Vertigo', 'Take medicines after meals', 'Active');
INSERT INTO PrescriptionItem (PrescriptionID, MedicineID, Dosage, Frequency, Duration, Quantity) VALUES (262, 13, '400mg', 'Twice daily', '3 days', 8);
INSERT INTO PrescriptionItem (PrescriptionID, MedicineID, Dosage, Frequency, Duration, Quantity) VALUES (262, 32, '10mg', 'Once daily', '5 days', 15);
INSERT INTO BillPayment (VisitID, BillDate, BillTime, ConsultationFee, MedicineCost, LabTestCost, OtherCharges, SubTotal, DiscountAmount, TaxAmount, TotalAmount, PaymentMethod, PaymentStatus, PaidAmount, BalanceAmount, BilledBy) VALUES (262, '2025-08-06', '09:45:00', 50, 20.55, 0.00, 0.00, 70.55, 0.0, 0.0, 70.55, 'Cash', 'Paid', 70.55, 0.00, 2);
INSERT INTO Appointment (MemberID, DoctorID, AppointmentDate, AppointmentTime, Symptoms, Status, Priority, TokenNumber) VALUES (240, 16, '2026-05-09', '16:15:00', 'Anxiety', 'Scheduled', 'Normal', 101);
INSERT INTO Appointment (MemberID, DoctorID, AppointmentDate, AppointmentTime, Symptoms, Status, Priority, TokenNumber) VALUES (240, 1, '2025-05-29', '10:00:00', 'Back pain', 'Completed', 'Normal', 100);
INSERT INTO Visit (MemberID, DoctorID, AppointmentID, VisitDate, VisitTime, ChiefComplaint, Diagnosis, VitalSigns, TreatmentNotes, FollowUpRequired, FollowUpDate, VisitType, Status) VALUES (240, 1, 490, '2025-05-29', '10:35:00', 'Back pain', 'Viral fever', '{"bp":"133/90","temp":97.8}', 'Advised rest, medication prescribed', FALSE, NULL, 'Scheduled', 'Completed');
INSERT INTO Prescription (VisitID, MemberID, DoctorID, IssueDate, ValidUntil, Diagnosis, SpecialInstructions, Status) VALUES (263, 240, 1, '2025-05-29', '2025-06-08', 'Viral fever', 'Take medicines after meals', 'Active');
INSERT INTO PrescriptionItem (PrescriptionID, MedicineID, Dosage, Frequency, Duration, Quantity) VALUES (263, 9, '250mg', 'As needed', '10 days', 14);
INSERT INTO PrescriptionItem (PrescriptionID, MedicineID, Dosage, Frequency, Duration, Quantity) VALUES (263, 32, '400mg', 'Once daily', '10 days', 3);
INSERT INTO BillPayment (VisitID, BillDate, BillTime, ConsultationFee, MedicineCost, LabTestCost, OtherCharges, SubTotal, DiscountAmount, TaxAmount, TotalAmount, PaymentMethod, PaymentStatus, PaidAmount, BalanceAmount, BilledBy) VALUES (263, '2025-05-29', '13:00:00', 200, 242.64, 0.00, 0.00, 442.64, 0.0, 0.0, 442.64, 'Card', 'Paid', 442.64, 0.00, 2);
INSERT INTO Appointment (MemberID, DoctorID, AppointmentDate, AppointmentTime, Symptoms, Status, Priority, TokenNumber) VALUES (241, 55, '2026-05-28', '15:45:00', 'Back pain', 'Scheduled', 'Normal', 110);
INSERT INTO Appointment (MemberID, DoctorID, AppointmentDate, AppointmentTime, Symptoms, Status, Priority, TokenNumber) VALUES (241, 4, '2025-05-16', '13:15:00', 'Dizziness', 'Completed', 'Normal', 124);
INSERT INTO Visit (MemberID, DoctorID, AppointmentID, VisitDate, VisitTime, ChiefComplaint, Diagnosis, VitalSigns, TreatmentNotes, FollowUpRequired, FollowUpDate, VisitType, Status) VALUES (241, 4, 492, '2025-05-16', '12:35:00', 'Dizziness', 'Vitamin D deficiency', '{"bp":"126/72","temp":98.8}', 'Advised rest, medication prescribed', TRUE, '2026-03-28', 'Scheduled', 'Completed');
INSERT INTO Prescription (VisitID, MemberID, DoctorID, IssueDate, ValidUntil, Diagnosis, SpecialInstructions, Status) VALUES (264, 241, 4, '2025-05-16', '2025-05-26', 'Vitamin D deficiency', 'Take medicines after meals', 'Active');
INSERT INTO PrescriptionItem (PrescriptionID, MedicineID, Dosage, Frequency, Duration, Quantity) VALUES (264, 17, '250mg', 'Thrice daily', '5 days', 3);
INSERT INTO PrescriptionItem (PrescriptionID, MedicineID, Dosage, Frequency, Duration, Quantity) VALUES (264, 22, '250mg', 'Thrice daily', '3 days', 4);
INSERT INTO PrescriptionItem (PrescriptionID, MedicineID, Dosage, Frequency, Duration, Quantity) VALUES (264, 33, '10mg', 'Twice daily', '7 days', 15);
INSERT INTO BillPayment (VisitID, BillDate, BillTime, ConsultationFee, MedicineCost, LabTestCost, OtherCharges, SubTotal, DiscountAmount, TaxAmount, TotalAmount, PaymentMethod, PaymentStatus, PaidAmount, BalanceAmount, BilledBy) VALUES (264, '2025-05-16', '09:45:00', 50, 97.77, 0.00, 0.00, 147.77, 0.0, 0.0, 147.77, 'Free', 'Paid', 147.77, 0.00, 2);
INSERT INTO Appointment (MemberID, DoctorID, AppointmentDate, AppointmentTime, Symptoms, Status, Priority, TokenNumber) VALUES (242, 21, '2025-05-27', '13:30:00', 'Anxiety', 'Completed', 'Urgent', 169);
INSERT INTO Visit (MemberID, DoctorID, AppointmentID, VisitDate, VisitTime, ChiefComplaint, Diagnosis, VitalSigns, TreatmentNotes, FollowUpRequired, FollowUpDate, VisitType, Status) VALUES (242, 21, 493, '2025-05-27', '15:35:00', 'Anxiety', 'Contact dermatitis', '{"bp":"113/71","temp":100.0}', 'Advised rest, medication prescribed', TRUE, '2026-03-26', 'Scheduled', 'Completed');
INSERT INTO Prescription (VisitID, MemberID, DoctorID, IssueDate, ValidUntil, Diagnosis, SpecialInstructions, Status) VALUES (265, 242, 21, '2025-05-27', '2025-06-06', 'Contact dermatitis', 'Take medicines after meals', 'Active');
INSERT INTO PrescriptionItem (PrescriptionID, MedicineID, Dosage, Frequency, Duration, Quantity) VALUES (265, 2, '500mg', 'Twice daily', '5 days', 13);
INSERT INTO PrescriptionItem (PrescriptionID, MedicineID, Dosage, Frequency, Duration, Quantity) VALUES (265, 9, '250mg', 'As needed', '7 days', 3);
INSERT INTO PrescriptionItem (PrescriptionID, MedicineID, Dosage, Frequency, Duration, Quantity) VALUES (265, 35, '250mg', 'As needed', '5 days', 3);
INSERT INTO BillPayment (VisitID, BillDate, BillTime, ConsultationFee, MedicineCost, LabTestCost, OtherCharges, SubTotal, DiscountAmount, TaxAmount, TotalAmount, PaymentMethod, PaymentStatus, PaidAmount, BalanceAmount, BilledBy) VALUES (265, '2025-05-27', '16:30:00', 200, 117.06, 0.00, 0.00, 317.06, 0.0, 0.0, 317.06, 'Cash', 'Paid', 317.06, 0.00, 2);
INSERT INTO Appointment (MemberID, DoctorID, AppointmentDate, AppointmentTime, Symptoms, Status, Priority, TokenNumber) VALUES (242, 45, '2026-01-07', '16:15:00', 'Shortness of breath', 'Completed', 'Normal', 149);
INSERT INTO Visit (MemberID, DoctorID, AppointmentID, VisitDate, VisitTime, ChiefComplaint, Diagnosis, VitalSigns, TreatmentNotes, FollowUpRequired, FollowUpDate, VisitType, Status) VALUES (242, 45, 494, '2026-01-07', '13:10:00', 'Shortness of breath', 'Conjunctivitis', '{"bp":"117/81","temp":102.5}', 'Advised rest, medication prescribed', FALSE, NULL, 'Scheduled', 'Completed');
INSERT INTO Prescription (VisitID, MemberID, DoctorID, IssueDate, ValidUntil, Diagnosis, SpecialInstructions, Status) VALUES (266, 242, 45, '2026-01-07', '2026-01-17', 'Conjunctivitis', 'Take medicines after meals', 'Active');
INSERT INTO PrescriptionItem (PrescriptionID, MedicineID, Dosage, Frequency, Duration, Quantity) VALUES (266, 1, '500mg', 'Twice daily', '3 days', 15);
INSERT INTO PrescriptionItem (PrescriptionID, MedicineID, Dosage, Frequency, Duration, Quantity) VALUES (266, 19, '20mg', 'Twice daily', '7 days', 4);
INSERT INTO BillPayment (VisitID, BillDate, BillTime, ConsultationFee, MedicineCost, LabTestCost, OtherCharges, SubTotal, DiscountAmount, TaxAmount, TotalAmount, PaymentMethod, PaymentStatus, PaidAmount, BalanceAmount, BilledBy) VALUES (266, '2026-01-07', '10:15:00', 200, 52.53, 0.00, 0.00, 252.53, 0.0, 0.0, 252.53, 'Free', 'Paid', 252.53, 0.00, 2);
INSERT INTO Appointment (MemberID, DoctorID, AppointmentDate, AppointmentTime, Symptoms, Status, Priority, TokenNumber) VALUES (243, 51, '2026-03-18', '14:30:00', 'Anxiety', 'Scheduled', 'Normal', 270);
INSERT INTO Appointment (MemberID, DoctorID, AppointmentDate, AppointmentTime, Symptoms, Status, Priority, TokenNumber) VALUES (243, 26, '2026-03-01', '09:45:00', 'Acid reflux', 'Completed', 'Normal', 114);
INSERT INTO Visit (MemberID, DoctorID, AppointmentID, VisitDate, VisitTime, ChiefComplaint, Diagnosis, VitalSigns, TreatmentNotes, FollowUpRequired, FollowUpDate, VisitType, Status) VALUES (243, 26, 496, '2026-03-01', '15:35:00', 'Acid reflux', 'Lumbar spondylosis', '{"bp":"114/87","temp":98.3}', 'Advised rest, medication prescribed', TRUE, '2026-03-27', 'Scheduled', 'Completed');
INSERT INTO Prescription (VisitID, MemberID, DoctorID, IssueDate, ValidUntil, Diagnosis, SpecialInstructions, Status) VALUES (267, 243, 26, '2026-03-01', '2026-03-11', 'Lumbar spondylosis', 'Take medicines after meals', 'Active');
INSERT INTO PrescriptionItem (PrescriptionID, MedicineID, Dosage, Frequency, Duration, Quantity) VALUES (267, 30, '500mg', 'Once daily', '5 days', 6);
INSERT INTO PrescriptionItem (PrescriptionID, MedicineID, Dosage, Frequency, Duration, Quantity) VALUES (267, 6, '250mg', 'As needed', '3 days', 8);
INSERT INTO BillPayment (VisitID, BillDate, BillTime, ConsultationFee, MedicineCost, LabTestCost, OtherCharges, SubTotal, DiscountAmount, TaxAmount, TotalAmount, PaymentMethod, PaymentStatus, PaidAmount, BalanceAmount, BilledBy) VALUES (267, '2026-03-01', '17:30:00', 0, 55.03, 0.00, 0.00, 55.03, 0.0, 0.0, 55.03, 'Card', 'Paid', 55.03, 0.00, 2);
INSERT INTO Appointment (MemberID, DoctorID, AppointmentDate, AppointmentTime, Symptoms, Status, Priority, TokenNumber) VALUES (244, 1, '2025-08-10', '15:30:00', 'Dizziness', 'Completed', 'Emergency', 297);
INSERT INTO Visit (MemberID, DoctorID, AppointmentID, VisitDate, VisitTime, ChiefComplaint, Diagnosis, VitalSigns, TreatmentNotes, FollowUpRequired, FollowUpDate, VisitType, Status) VALUES (244, 1, 497, '2025-08-10', '13:20:00', 'Dizziness', 'Vitamin D deficiency', '{"bp":"111/79","temp":100.6}', 'Advised rest, medication prescribed', FALSE, NULL, 'Scheduled', 'Completed');
INSERT INTO Prescription (VisitID, MemberID, DoctorID, IssueDate, ValidUntil, Diagnosis, SpecialInstructions, Status) VALUES (268, 244, 1, '2025-08-10', '2025-08-20', 'Vitamin D deficiency', 'Take medicines after meals', 'Active');
INSERT INTO PrescriptionItem (PrescriptionID, MedicineID, Dosage, Frequency, Duration, Quantity) VALUES (268, 29, '250mg', 'Thrice daily', '10 days', 3);
INSERT INTO PrescriptionItem (PrescriptionID, MedicineID, Dosage, Frequency, Duration, Quantity) VALUES (268, 27, '500mg', 'Once daily', '7 days', 6);
INSERT INTO BillPayment (VisitID, BillDate, BillTime, ConsultationFee, MedicineCost, LabTestCost, OtherCharges, SubTotal, DiscountAmount, TaxAmount, TotalAmount, PaymentMethod, PaymentStatus, PaidAmount, BalanceAmount, BilledBy) VALUES (268, '2025-08-10', '13:45:00', 0, 122.47, 0.00, 0.00, 122.47, 0.0, 0.0, 122.47, 'UPI', 'Paid', 122.47, 0.00, 2);
INSERT INTO Appointment (MemberID, DoctorID, AppointmentDate, AppointmentTime, Symptoms, Status, Priority, TokenNumber) VALUES (244, 55, '2025-11-17', '14:45:00', 'Headache', 'Completed', 'Normal', 204);
INSERT INTO Visit (MemberID, DoctorID, AppointmentID, VisitDate, VisitTime, ChiefComplaint, Diagnosis, VitalSigns, TreatmentNotes, FollowUpRequired, FollowUpDate, VisitType, Status) VALUES (244, 55, 498, '2025-11-17', '11:10:00', 'Headache', 'Insomnia', '{"bp":"134/73","temp":101.1}', 'Advised rest, medication prescribed', FALSE, NULL, 'Scheduled', 'Completed');
INSERT INTO Prescription (VisitID, MemberID, DoctorID, IssueDate, ValidUntil, Diagnosis, SpecialInstructions, Status) VALUES (269, 244, 55, '2025-11-17', '2025-11-27', 'Insomnia', 'Take medicines after meals', 'Active');
INSERT INTO PrescriptionItem (PrescriptionID, MedicineID, Dosage, Frequency, Duration, Quantity) VALUES (269, 30, '5mg', 'As needed', '3 days', 11);
INSERT INTO PrescriptionItem (PrescriptionID, MedicineID, Dosage, Frequency, Duration, Quantity) VALUES (269, 12, '5mg', 'As needed', '10 days', 8);
INSERT INTO BillPayment (VisitID, BillDate, BillTime, ConsultationFee, MedicineCost, LabTestCost, OtherCharges, SubTotal, DiscountAmount, TaxAmount, TotalAmount, PaymentMethod, PaymentStatus, PaidAmount, BalanceAmount, BilledBy) VALUES (269, '2025-11-17', '13:00:00', 150, 286.76, 0.00, 0.00, 436.76, 0.0, 0.0, 436.76, 'UPI', 'Paid', 436.76, 0.00, 2);
INSERT INTO Appointment (MemberID, DoctorID, AppointmentDate, AppointmentTime, Symptoms, Status, Priority, TokenNumber) VALUES (245, 40, '2026-05-10', '16:30:00', 'Acid reflux', 'Scheduled', 'Normal', 219);
INSERT INTO Appointment (MemberID, DoctorID, AppointmentDate, AppointmentTime, Symptoms, Status, Priority, TokenNumber) VALUES (245, 54, '2025-12-26', '09:15:00', 'Shortness of breath', 'Completed', 'Normal', 205);
INSERT INTO Visit (MemberID, DoctorID, AppointmentID, VisitDate, VisitTime, ChiefComplaint, Diagnosis, VitalSigns, TreatmentNotes, FollowUpRequired, FollowUpDate, VisitType, Status) VALUES (245, 54, 500, '2025-12-26', '13:35:00', 'Shortness of breath', 'Pharyngitis', '{"bp":"114/74","temp":98.3}', 'Advised rest, medication prescribed', FALSE, NULL, 'Scheduled', 'Completed');
INSERT INTO Prescription (VisitID, MemberID, DoctorID, IssueDate, ValidUntil, Diagnosis, SpecialInstructions, Status) VALUES (270, 245, 54, '2025-12-26', '2026-01-05', 'Pharyngitis', 'Take medicines after meals', 'Active');
INSERT INTO PrescriptionItem (PrescriptionID, MedicineID, Dosage, Frequency, Duration, Quantity) VALUES (270, 14, '10mg', 'As needed', '10 days', 11);
INSERT INTO PrescriptionItem (PrescriptionID, MedicineID, Dosage, Frequency, Duration, Quantity) VALUES (270, 20, '250mg', 'Once daily', '5 days', 4);
INSERT INTO PrescriptionItem (PrescriptionID, MedicineID, Dosage, Frequency, Duration, Quantity) VALUES (270, 4, '10mg', 'As needed', '7 days', 12);
INSERT INTO BillPayment (VisitID, BillDate, BillTime, ConsultationFee, MedicineCost, LabTestCost, OtherCharges, SubTotal, DiscountAmount, TaxAmount, TotalAmount, PaymentMethod, PaymentStatus, PaidAmount, BalanceAmount, BilledBy) VALUES (270, '2025-12-26', '11:00:00', 100, 65.82, 0.00, 0.00, 165.82, 0.0, 0.0, 165.82, 'Card', 'Paid', 165.82, 0.00, 2);
INSERT INTO Appointment (MemberID, DoctorID, AppointmentDate, AppointmentTime, Symptoms, Status, Priority, TokenNumber) VALUES (246, 26, '2026-03-18', '13:30:00', 'Loose motions', 'Scheduled', 'Urgent', 296);
INSERT INTO Appointment (MemberID, DoctorID, AppointmentDate, AppointmentTime, Symptoms, Status, Priority, TokenNumber) VALUES (246, 8, '2025-03-19', '16:15:00', 'Insomnia', 'Completed', 'Normal', 235);
INSERT INTO Visit (MemberID, DoctorID, AppointmentID, VisitDate, VisitTime, ChiefComplaint, Diagnosis, VitalSigns, TreatmentNotes, FollowUpRequired, FollowUpDate, VisitType, Status) VALUES (246, 8, 502, '2025-03-19', '16:10:00', 'Insomnia', 'Myalgia', '{"bp":"123/77","temp":98.7}', 'Advised rest, medication prescribed', TRUE, '2026-04-15', 'Scheduled', 'Completed');
INSERT INTO Prescription (VisitID, MemberID, DoctorID, IssueDate, ValidUntil, Diagnosis, SpecialInstructions, Status) VALUES (271, 246, 8, '2025-03-19', '2025-03-29', 'Myalgia', 'Take medicines after meals', 'Active');
INSERT INTO PrescriptionItem (PrescriptionID, MedicineID, Dosage, Frequency, Duration, Quantity) VALUES (271, 19, '400mg', 'Once daily', '7 days', 12);
INSERT INTO PrescriptionItem (PrescriptionID, MedicineID, Dosage, Frequency, Duration, Quantity) VALUES (271, 33, '5mg', 'Once daily', '10 days', 9);
INSERT INTO PrescriptionItem (PrescriptionID, MedicineID, Dosage, Frequency, Duration, Quantity) VALUES (271, 12, '10mg', 'Once daily', '7 days', 4);
INSERT INTO BillPayment (VisitID, BillDate, BillTime, ConsultationFee, MedicineCost, LabTestCost, OtherCharges, SubTotal, DiscountAmount, TaxAmount, TotalAmount, PaymentMethod, PaymentStatus, PaidAmount, BalanceAmount, BilledBy) VALUES (271, '2025-03-19', '10:15:00', 0, 298.03, 0.00, 0.00, 298.03, 0.0, 0.0, 298.03, 'UPI', 'Paid', 298.03, 0.00, 2);
INSERT INTO Appointment (MemberID, DoctorID, AppointmentDate, AppointmentTime, Symptoms, Status, Priority, TokenNumber) VALUES (247, 53, '2026-04-27', '12:30:00', 'Headache', 'Scheduled', 'Urgent', 147);
INSERT INTO Appointment (MemberID, DoctorID, AppointmentDate, AppointmentTime, Symptoms, Status, Priority, TokenNumber) VALUES (247, 16, '2026-04-03', '15:00:00', 'Knee pain', 'Scheduled', 'Normal', 235);
INSERT INTO Appointment (MemberID, DoctorID, AppointmentDate, AppointmentTime, Symptoms, Status, Priority, TokenNumber) VALUES (248, 28, '2025-11-15', '16:15:00', 'Sore throat', 'Completed', 'Normal', 264);
INSERT INTO Visit (MemberID, DoctorID, AppointmentID, VisitDate, VisitTime, ChiefComplaint, Diagnosis, VitalSigns, TreatmentNotes, FollowUpRequired, FollowUpDate, VisitType, Status) VALUES (248, 28, 505, '2025-11-15', '15:05:00', 'Sore throat', 'Iron deficiency anaemia', '{"bp":"116/75","temp":97.3}', 'Advised rest, medication prescribed', FALSE, NULL, 'Scheduled', 'Completed');
INSERT INTO Prescription (VisitID, MemberID, DoctorID, IssueDate, ValidUntil, Diagnosis, SpecialInstructions, Status) VALUES (272, 248, 28, '2025-11-15', '2025-11-25', 'Iron deficiency anaemia', 'Take medicines after meals', 'Active');
INSERT INTO PrescriptionItem (PrescriptionID, MedicineID, Dosage, Frequency, Duration, Quantity) VALUES (272, 7, '20mg', 'Once daily', '3 days', 4);
INSERT INTO PrescriptionItem (PrescriptionID, MedicineID, Dosage, Frequency, Duration, Quantity) VALUES (272, 29, '10mg', 'Once daily', '3 days', 6);
INSERT INTO BillPayment (VisitID, BillDate, BillTime, ConsultationFee, MedicineCost, LabTestCost, OtherCharges, SubTotal, DiscountAmount, TaxAmount, TotalAmount, PaymentMethod, PaymentStatus, PaidAmount, BalanceAmount, BilledBy) VALUES (272, '2025-11-15', '10:15:00', 100, 277.32, 0.00, 0.00, 377.32, 0.0, 0.0, 377.32, 'Free', 'Paid', 377.32, 0.00, 2);
INSERT INTO Appointment (MemberID, DoctorID, AppointmentDate, AppointmentTime, Symptoms, Status, Priority, TokenNumber) VALUES (248, 7, '2026-05-21', '10:45:00', 'Loose motions', 'Scheduled', 'Normal', 111);
INSERT INTO Appointment (MemberID, DoctorID, AppointmentDate, AppointmentTime, Symptoms, Status, Priority, TokenNumber) VALUES (249, 50, '2026-06-07', '15:15:00', 'Shortness of breath', 'Scheduled', 'Normal', 257);
INSERT INTO Appointment (MemberID, DoctorID, AppointmentDate, AppointmentTime, Symptoms, Status, Priority, TokenNumber) VALUES (249, 49, '2026-05-22', '13:00:00', 'Anxiety', 'Scheduled', 'Normal', 262);
INSERT INTO Appointment (MemberID, DoctorID, AppointmentDate, AppointmentTime, Symptoms, Status, Priority, TokenNumber) VALUES (250, 30, '2026-04-30', '14:00:00', 'Loose motions', 'Scheduled', 'Normal', 152);
INSERT INTO Appointment (MemberID, DoctorID, AppointmentDate, AppointmentTime, Symptoms, Status, Priority, TokenNumber) VALUES (250, 29, '2025-09-26', '11:00:00', 'Fever', 'Completed', 'Normal', 142);
INSERT INTO Visit (MemberID, DoctorID, AppointmentID, VisitDate, VisitTime, ChiefComplaint, Diagnosis, VitalSigns, TreatmentNotes, FollowUpRequired, FollowUpDate, VisitType, Status) VALUES (250, 29, 510, '2025-09-26', '16:05:00', 'Fever', 'Insomnia', '{"bp":"134/84","temp":100.3}', 'Advised rest, medication prescribed', FALSE, NULL, 'Scheduled', 'Completed');
INSERT INTO Prescription (VisitID, MemberID, DoctorID, IssueDate, ValidUntil, Diagnosis, SpecialInstructions, Status) VALUES (273, 250, 29, '2025-09-26', '2025-10-06', 'Insomnia', 'Take medicines after meals', 'Active');
INSERT INTO PrescriptionItem (PrescriptionID, MedicineID, Dosage, Frequency, Duration, Quantity) VALUES (273, 15, '500mg', 'As needed', '3 days', 9);
INSERT INTO PrescriptionItem (PrescriptionID, MedicineID, Dosage, Frequency, Duration, Quantity) VALUES (273, 30, '500mg', 'Once daily', '10 days', 5);
INSERT INTO BillPayment (VisitID, BillDate, BillTime, ConsultationFee, MedicineCost, LabTestCost, OtherCharges, SubTotal, DiscountAmount, TaxAmount, TotalAmount, PaymentMethod, PaymentStatus, PaidAmount, BalanceAmount, BilledBy) VALUES (273, '2025-09-26', '13:45:00', 50, 270.25, 0.00, 0.00, 320.25, 0.0, 0.0, 320.25, 'Free', 'Paid', 320.25, 0.00, 2);
INSERT INTO Appointment (MemberID, DoctorID, AppointmentDate, AppointmentTime, Symptoms, Status, Priority, TokenNumber) VALUES (251, 32, '2026-05-26', '12:45:00', 'Chest pain', 'Scheduled', 'Urgent', 110);
INSERT INTO Appointment (MemberID, DoctorID, AppointmentDate, AppointmentTime, Symptoms, Status, Priority, TokenNumber) VALUES (251, 29, '2026-05-29', '10:00:00', 'Stomach ache', 'Scheduled', 'Normal', 240);
INSERT INTO Appointment (MemberID, DoctorID, AppointmentDate, AppointmentTime, Symptoms, Status, Priority, TokenNumber) VALUES (252, 1, '2026-03-18', '14:30:00', 'Ear pain', 'Scheduled', 'Urgent', 228);
INSERT INTO Appointment (MemberID, DoctorID, AppointmentDate, AppointmentTime, Symptoms, Status, Priority, TokenNumber) VALUES (252, 3, '2025-04-18', '13:30:00', 'Nausea', 'Completed', 'Normal', 134);
INSERT INTO Visit (MemberID, DoctorID, AppointmentID, VisitDate, VisitTime, ChiefComplaint, Diagnosis, VitalSigns, TreatmentNotes, FollowUpRequired, FollowUpDate, VisitType, Status) VALUES (252, 3, 514, '2025-04-18', '15:10:00', 'Nausea', 'Nausea and vomiting', '{"bp":"122/88","temp":97.2}', 'Advised rest, medication prescribed', TRUE, '2026-03-28', 'Scheduled', 'Completed');
INSERT INTO Prescription (VisitID, MemberID, DoctorID, IssueDate, ValidUntil, Diagnosis, SpecialInstructions, Status) VALUES (274, 252, 3, '2025-04-18', '2025-04-28', 'Nausea and vomiting', 'Take medicines after meals', 'Active');
INSERT INTO PrescriptionItem (PrescriptionID, MedicineID, Dosage, Frequency, Duration, Quantity) VALUES (274, 25, '10mg', 'As needed', '10 days', 3);
INSERT INTO PrescriptionItem (PrescriptionID, MedicineID, Dosage, Frequency, Duration, Quantity) VALUES (274, 23, '5mg', 'As needed', '7 days', 4);
INSERT INTO PrescriptionItem (PrescriptionID, MedicineID, Dosage, Frequency, Duration, Quantity) VALUES (274, 30, '5mg', 'Once daily', '5 days', 12);
INSERT INTO BillPayment (VisitID, BillDate, BillTime, ConsultationFee, MedicineCost, LabTestCost, OtherCharges, SubTotal, DiscountAmount, TaxAmount, TotalAmount, PaymentMethod, PaymentStatus, PaidAmount, BalanceAmount, BilledBy) VALUES (274, '2025-04-18', '10:30:00', 100, 215.15, 0.00, 0.00, 315.15, 0.0, 0.0, 315.15, 'UPI', 'Paid', 315.15, 0.00, 2);
INSERT INTO Appointment (MemberID, DoctorID, AppointmentDate, AppointmentTime, Symptoms, Status, Priority, TokenNumber) VALUES (253, 4, '2026-05-10', '13:15:00', 'Skin rash', 'Scheduled', 'Normal', 222);
INSERT INTO Appointment (MemberID, DoctorID, AppointmentDate, AppointmentTime, Symptoms, Status, Priority, TokenNumber) VALUES (253, 1, '2025-09-12', '09:30:00', 'Stomach ache', 'Completed', 'Normal', 154);
INSERT INTO Visit (MemberID, DoctorID, AppointmentID, VisitDate, VisitTime, ChiefComplaint, Diagnosis, VitalSigns, TreatmentNotes, FollowUpRequired, FollowUpDate, VisitType, Status) VALUES (253, 1, 516, '2025-09-12', '10:10:00', 'Stomach ache', 'Electrolyte imbalance', '{"bp":"119/87","temp":101.7}', 'Advised rest, medication prescribed', FALSE, NULL, 'Scheduled', 'Completed');
INSERT INTO Prescription (VisitID, MemberID, DoctorID, IssueDate, ValidUntil, Diagnosis, SpecialInstructions, Status) VALUES (275, 253, 1, '2025-09-12', '2025-09-22', 'Electrolyte imbalance', 'Take medicines after meals', 'Active');
INSERT INTO PrescriptionItem (PrescriptionID, MedicineID, Dosage, Frequency, Duration, Quantity) VALUES (275, 15, '500mg', 'Thrice daily', '3 days', 14);
INSERT INTO PrescriptionItem (PrescriptionID, MedicineID, Dosage, Frequency, Duration, Quantity) VALUES (275, 2, '5mg', 'Once daily', '3 days', 8);
INSERT INTO BillPayment (VisitID, BillDate, BillTime, ConsultationFee, MedicineCost, LabTestCost, OtherCharges, SubTotal, DiscountAmount, TaxAmount, TotalAmount, PaymentMethod, PaymentStatus, PaidAmount, BalanceAmount, BilledBy) VALUES (275, '2025-09-12', '14:00:00', 50, 33.12, 0.00, 0.00, 83.12, 0.0, 0.0, 83.12, 'Cash', 'Paid', 83.12, 0.00, 2);
INSERT INTO Appointment (MemberID, DoctorID, AppointmentDate, AppointmentTime, Symptoms, Status, Priority, TokenNumber) VALUES (254, 25, '2025-09-12', '15:30:00', 'Skin rash', 'Completed', 'Normal', 162);
INSERT INTO Visit (MemberID, DoctorID, AppointmentID, VisitDate, VisitTime, ChiefComplaint, Diagnosis, VitalSigns, TreatmentNotes, FollowUpRequired, FollowUpDate, VisitType, Status) VALUES (254, 25, 517, '2025-09-12', '14:10:00', 'Skin rash', 'Vertigo', '{"bp":"112/72","temp":97.0}', 'Advised rest, medication prescribed', FALSE, NULL, 'Scheduled', 'Completed');
INSERT INTO Prescription (VisitID, MemberID, DoctorID, IssueDate, ValidUntil, Diagnosis, SpecialInstructions, Status) VALUES (276, 254, 25, '2025-09-12', '2025-09-22', 'Vertigo', 'Take medicines after meals', 'Active');
INSERT INTO PrescriptionItem (PrescriptionID, MedicineID, Dosage, Frequency, Duration, Quantity) VALUES (276, 8, '5mg', 'As needed', '7 days', 15);
INSERT INTO PrescriptionItem (PrescriptionID, MedicineID, Dosage, Frequency, Duration, Quantity) VALUES (276, 18, '250mg', 'As needed', '10 days', 4);
INSERT INTO BillPayment (VisitID, BillDate, BillTime, ConsultationFee, MedicineCost, LabTestCost, OtherCharges, SubTotal, DiscountAmount, TaxAmount, TotalAmount, PaymentMethod, PaymentStatus, PaidAmount, BalanceAmount, BilledBy) VALUES (276, '2025-09-12', '14:00:00', 100, 152.29, 0.00, 0.00, 252.29, 0.0, 0.0, 252.29, 'Card', 'Paid', 252.29, 0.00, 2);
INSERT INTO Appointment (MemberID, DoctorID, AppointmentDate, AppointmentTime, Symptoms, Status, Priority, TokenNumber) VALUES (254, 9, '2026-02-06', '16:45:00', 'Chest pain', 'Completed', 'Urgent', 134);
INSERT INTO Visit (MemberID, DoctorID, AppointmentID, VisitDate, VisitTime, ChiefComplaint, Diagnosis, VitalSigns, TreatmentNotes, FollowUpRequired, FollowUpDate, VisitType, Status) VALUES (254, 9, 518, '2026-02-06', '14:35:00', 'Chest pain', 'Vertigo', '{"bp":"120/81","temp":98.4}', 'Advised rest, medication prescribed', FALSE, NULL, 'Scheduled', 'Completed');
INSERT INTO Prescription (VisitID, MemberID, DoctorID, IssueDate, ValidUntil, Diagnosis, SpecialInstructions, Status) VALUES (277, 254, 9, '2026-02-06', '2026-02-16', 'Vertigo', 'Take medicines after meals', 'Active');
INSERT INTO PrescriptionItem (PrescriptionID, MedicineID, Dosage, Frequency, Duration, Quantity) VALUES (277, 3, '250mg', 'As needed', '3 days', 5);
INSERT INTO PrescriptionItem (PrescriptionID, MedicineID, Dosage, Frequency, Duration, Quantity) VALUES (277, 30, '10mg', 'Thrice daily', '10 days', 15);
INSERT INTO PrescriptionItem (PrescriptionID, MedicineID, Dosage, Frequency, Duration, Quantity) VALUES (277, 11, '400mg', 'Thrice daily', '7 days', 9);
INSERT INTO BillPayment (VisitID, BillDate, BillTime, ConsultationFee, MedicineCost, LabTestCost, OtherCharges, SubTotal, DiscountAmount, TaxAmount, TotalAmount, PaymentMethod, PaymentStatus, PaidAmount, BalanceAmount, BilledBy) VALUES (277, '2026-02-06', '14:00:00', 150, 151.2, 0.00, 0.00, 301.2, 0.0, 0.0, 301.2, 'Cash', 'Paid', 301.2, 0.00, 2);
INSERT INTO Appointment (MemberID, DoctorID, AppointmentDate, AppointmentTime, Symptoms, Status, Priority, TokenNumber) VALUES (255, 29, '2025-07-25', '12:00:00', 'Fatigue', 'Completed', 'Normal', 192);
INSERT INTO Visit (MemberID, DoctorID, AppointmentID, VisitDate, VisitTime, ChiefComplaint, Diagnosis, VitalSigns, TreatmentNotes, FollowUpRequired, FollowUpDate, VisitType, Status) VALUES (255, 29, 519, '2025-07-25', '13:35:00', 'Fatigue', 'Contact dermatitis', '{"bp":"130/77","temp":99.6}', 'Advised rest, medication prescribed', FALSE, NULL, 'Scheduled', 'Completed');
INSERT INTO Prescription (VisitID, MemberID, DoctorID, IssueDate, ValidUntil, Diagnosis, SpecialInstructions, Status) VALUES (278, 255, 29, '2025-07-25', '2025-08-04', 'Contact dermatitis', 'Take medicines after meals', 'Active');
INSERT INTO PrescriptionItem (PrescriptionID, MedicineID, Dosage, Frequency, Duration, Quantity) VALUES (278, 14, '5mg', 'Thrice daily', '7 days', 6);
INSERT INTO PrescriptionItem (PrescriptionID, MedicineID, Dosage, Frequency, Duration, Quantity) VALUES (278, 7, '20mg', 'Once daily', '5 days', 10);
INSERT INTO BillPayment (VisitID, BillDate, BillTime, ConsultationFee, MedicineCost, LabTestCost, OtherCharges, SubTotal, DiscountAmount, TaxAmount, TotalAmount, PaymentMethod, PaymentStatus, PaidAmount, BalanceAmount, BilledBy) VALUES (278, '2025-07-25', '17:30:00', 100, 249.97, 0.00, 0.00, 349.97, 0.0, 0.0, 349.97, 'Card', 'Paid', 349.97, 0.00, 2);
INSERT INTO Appointment (MemberID, DoctorID, AppointmentDate, AppointmentTime, Symptoms, Status, Priority, TokenNumber) VALUES (255, 46, '2025-12-15', '15:00:00', 'Stomach ache', 'Completed', 'Normal', 185);
INSERT INTO Visit (MemberID, DoctorID, AppointmentID, VisitDate, VisitTime, ChiefComplaint, Diagnosis, VitalSigns, TreatmentNotes, FollowUpRequired, FollowUpDate, VisitType, Status) VALUES (255, 46, 520, '2025-12-15', '15:35:00', 'Stomach ache', 'Lumbar spondylosis', '{"bp":"138/84","temp":98.0}', 'Advised rest, medication prescribed', FALSE, NULL, 'Scheduled', 'Completed');
INSERT INTO Prescription (VisitID, MemberID, DoctorID, IssueDate, ValidUntil, Diagnosis, SpecialInstructions, Status) VALUES (279, 255, 46, '2025-12-15', '2025-12-25', 'Lumbar spondylosis', 'Take medicines after meals', 'Active');
INSERT INTO PrescriptionItem (PrescriptionID, MedicineID, Dosage, Frequency, Duration, Quantity) VALUES (279, 3, '5mg', 'Thrice daily', '5 days', 3);
INSERT INTO PrescriptionItem (PrescriptionID, MedicineID, Dosage, Frequency, Duration, Quantity) VALUES (279, 29, '5mg', 'As needed', '5 days', 5);
INSERT INTO PrescriptionItem (PrescriptionID, MedicineID, Dosage, Frequency, Duration, Quantity) VALUES (279, 27, '5mg', 'Once daily', '5 days', 8);
INSERT INTO BillPayment (VisitID, BillDate, BillTime, ConsultationFee, MedicineCost, LabTestCost, OtherCharges, SubTotal, DiscountAmount, TaxAmount, TotalAmount, PaymentMethod, PaymentStatus, PaidAmount, BalanceAmount, BilledBy) VALUES (279, '2025-12-15', '16:45:00', 50, 223.46, 0.00, 0.00, 273.46, 0.0, 0.0, 273.46, 'Free', 'Paid', 273.46, 0.00, 2);
INSERT INTO Appointment (MemberID, DoctorID, AppointmentDate, AppointmentTime, Symptoms, Status, Priority, TokenNumber) VALUES (256, 45, '2025-05-12', '11:15:00', 'Fatigue', 'Completed', 'Normal', 229);
INSERT INTO Visit (MemberID, DoctorID, AppointmentID, VisitDate, VisitTime, ChiefComplaint, Diagnosis, VitalSigns, TreatmentNotes, FollowUpRequired, FollowUpDate, VisitType, Status) VALUES (256, 45, 521, '2025-05-12', '09:35:00', 'Fatigue', 'Allergic rhinitis', '{"bp":"132/70","temp":101.4}', 'Advised rest, medication prescribed', FALSE, NULL, 'Scheduled', 'Completed');
INSERT INTO Prescription (VisitID, MemberID, DoctorID, IssueDate, ValidUntil, Diagnosis, SpecialInstructions, Status) VALUES (280, 256, 45, '2025-05-12', '2025-05-22', 'Allergic rhinitis', 'Take medicines after meals', 'Active');
INSERT INTO PrescriptionItem (PrescriptionID, MedicineID, Dosage, Frequency, Duration, Quantity) VALUES (280, 15, '400mg', 'Thrice daily', '7 days', 15);
INSERT INTO PrescriptionItem (PrescriptionID, MedicineID, Dosage, Frequency, Duration, Quantity) VALUES (280, 12, '250mg', 'Thrice daily', '3 days', 8);
INSERT INTO PrescriptionItem (PrescriptionID, MedicineID, Dosage, Frequency, Duration, Quantity) VALUES (280, 4, '500mg', 'Twice daily', '10 days', 6);
INSERT INTO BillPayment (VisitID, BillDate, BillTime, ConsultationFee, MedicineCost, LabTestCost, OtherCharges, SubTotal, DiscountAmount, TaxAmount, TotalAmount, PaymentMethod, PaymentStatus, PaidAmount, BalanceAmount, BilledBy) VALUES (280, '2025-05-12', '14:45:00', 200, 137.07, 0.00, 0.00, 337.07, 0.0, 0.0, 337.07, 'Cash', 'Paid', 337.07, 0.00, 2);
INSERT INTO Appointment (MemberID, DoctorID, AppointmentDate, AppointmentTime, Symptoms, Status, Priority, TokenNumber) VALUES (256, 28, '2026-03-20', '14:15:00', 'Vomiting', 'Scheduled', 'Normal', 182);
INSERT INTO Appointment (MemberID, DoctorID, AppointmentDate, AppointmentTime, Symptoms, Status, Priority, TokenNumber) VALUES (257, 27, '2025-07-18', '16:45:00', 'Muscle cramps', 'Completed', 'Normal', 165);
INSERT INTO Visit (MemberID, DoctorID, AppointmentID, VisitDate, VisitTime, ChiefComplaint, Diagnosis, VitalSigns, TreatmentNotes, FollowUpRequired, FollowUpDate, VisitType, Status) VALUES (257, 27, 523, '2025-07-18', '15:05:00', 'Muscle cramps', 'Gastritis', '{"bp":"137/70","temp":98.3}', 'Advised rest, medication prescribed', FALSE, NULL, 'Scheduled', 'Completed');
INSERT INTO Prescription (VisitID, MemberID, DoctorID, IssueDate, ValidUntil, Diagnosis, SpecialInstructions, Status) VALUES (281, 257, 27, '2025-07-18', '2025-07-28', 'Gastritis', 'Take medicines after meals', 'Active');
INSERT INTO PrescriptionItem (PrescriptionID, MedicineID, Dosage, Frequency, Duration, Quantity) VALUES (281, 10, '250mg', 'As needed', '5 days', 10);
INSERT INTO PrescriptionItem (PrescriptionID, MedicineID, Dosage, Frequency, Duration, Quantity) VALUES (281, 12, '400mg', 'Twice daily', '5 days', 3);
INSERT INTO PrescriptionItem (PrescriptionID, MedicineID, Dosage, Frequency, Duration, Quantity) VALUES (281, 31, '400mg', 'Twice daily', '5 days', 13);
INSERT INTO BillPayment (VisitID, BillDate, BillTime, ConsultationFee, MedicineCost, LabTestCost, OtherCharges, SubTotal, DiscountAmount, TaxAmount, TotalAmount, PaymentMethod, PaymentStatus, PaidAmount, BalanceAmount, BilledBy) VALUES (281, '2025-07-18', '10:45:00', 50, 155.0, 0.00, 0.00, 205.0, 0.0, 0.0, 205.0, 'Cash', 'Paid', 205.0, 0.00, 2);
INSERT INTO Appointment (MemberID, DoctorID, AppointmentDate, AppointmentTime, Symptoms, Status, Priority, TokenNumber) VALUES (257, 54, '2025-07-10', '15:00:00', 'Allergic reaction', 'Completed', 'Normal', 142);
INSERT INTO Visit (MemberID, DoctorID, AppointmentID, VisitDate, VisitTime, ChiefComplaint, Diagnosis, VitalSigns, TreatmentNotes, FollowUpRequired, FollowUpDate, VisitType, Status) VALUES (257, 54, 524, '2025-07-10', '13:10:00', 'Allergic reaction', 'Common cold', '{"bp":"127/81","temp":97.6}', 'Advised rest, medication prescribed', FALSE, NULL, 'Scheduled', 'Completed');
INSERT INTO Prescription (VisitID, MemberID, DoctorID, IssueDate, ValidUntil, Diagnosis, SpecialInstructions, Status) VALUES (282, 257, 54, '2025-07-10', '2025-07-20', 'Common cold', 'Take medicines after meals', 'Active');
INSERT INTO PrescriptionItem (PrescriptionID, MedicineID, Dosage, Frequency, Duration, Quantity) VALUES (282, 26, '10mg', 'Twice daily', '3 days', 9);
INSERT INTO PrescriptionItem (PrescriptionID, MedicineID, Dosage, Frequency, Duration, Quantity) VALUES (282, 15, '20mg', 'Once daily', '5 days', 12);
INSERT INTO PrescriptionItem (PrescriptionID, MedicineID, Dosage, Frequency, Duration, Quantity) VALUES (282, 3, '250mg', 'Twice daily', '3 days', 5);
INSERT INTO BillPayment (VisitID, BillDate, BillTime, ConsultationFee, MedicineCost, LabTestCost, OtherCharges, SubTotal, DiscountAmount, TaxAmount, TotalAmount, PaymentMethod, PaymentStatus, PaidAmount, BalanceAmount, BilledBy) VALUES (282, '2025-07-10', '10:30:00', 150, 298.57, 0.00, 0.00, 448.57, 0.0, 0.0, 448.57, 'Cash', 'Paid', 448.57, 0.00, 2);
INSERT INTO Appointment (MemberID, DoctorID, AppointmentDate, AppointmentTime, Symptoms, Status, Priority, TokenNumber) VALUES (258, 12, '2026-03-18', '13:45:00', 'Headache', 'Scheduled', 'Normal', 239);
INSERT INTO Appointment (MemberID, DoctorID, AppointmentDate, AppointmentTime, Symptoms, Status, Priority, TokenNumber) VALUES (258, 2, '2026-05-15', '16:00:00', 'Nausea', 'Scheduled', 'Urgent', 120);
INSERT INTO Appointment (MemberID, DoctorID, AppointmentDate, AppointmentTime, Symptoms, Status, Priority, TokenNumber) VALUES (259, 26, '2026-05-15', '09:30:00', 'Vomiting', 'Scheduled', 'Normal', 108);
INSERT INTO Appointment (MemberID, DoctorID, AppointmentDate, AppointmentTime, Symptoms, Status, Priority, TokenNumber) VALUES (259, 19, '2025-12-01', '11:45:00', 'Ear pain', 'Completed', 'Normal', 171);
INSERT INTO Visit (MemberID, DoctorID, AppointmentID, VisitDate, VisitTime, ChiefComplaint, Diagnosis, VitalSigns, TreatmentNotes, FollowUpRequired, FollowUpDate, VisitType, Status) VALUES (259, 19, 528, '2025-12-01', '12:05:00', 'Ear pain', 'Contact dermatitis', '{"bp":"124/75","temp":100.1}', 'Advised rest, medication prescribed', FALSE, NULL, 'Scheduled', 'Completed');
INSERT INTO Prescription (VisitID, MemberID, DoctorID, IssueDate, ValidUntil, Diagnosis, SpecialInstructions, Status) VALUES (283, 259, 19, '2025-12-01', '2025-12-11', 'Contact dermatitis', 'Take medicines after meals', 'Active');
INSERT INTO PrescriptionItem (PrescriptionID, MedicineID, Dosage, Frequency, Duration, Quantity) VALUES (283, 28, '20mg', 'Twice daily', '3 days', 14);
INSERT INTO PrescriptionItem (PrescriptionID, MedicineID, Dosage, Frequency, Duration, Quantity) VALUES (283, 16, '5mg', 'Thrice daily', '7 days', 3);
INSERT INTO PrescriptionItem (PrescriptionID, MedicineID, Dosage, Frequency, Duration, Quantity) VALUES (283, 1, '250mg', 'Thrice daily', '7 days', 4);
INSERT INTO BillPayment (VisitID, BillDate, BillTime, ConsultationFee, MedicineCost, LabTestCost, OtherCharges, SubTotal, DiscountAmount, TaxAmount, TotalAmount, PaymentMethod, PaymentStatus, PaidAmount, BalanceAmount, BilledBy) VALUES (283, '2025-12-01', '11:45:00', 200, 81.32, 0.00, 0.00, 281.32, 0.0, 0.0, 281.32, 'UPI', 'Paid', 281.32, 0.00, 2);
INSERT INTO Appointment (MemberID, DoctorID, AppointmentDate, AppointmentTime, Symptoms, Status, Priority, TokenNumber) VALUES (260, 45, '2025-07-08', '11:00:00', 'Stomach ache', 'Completed', 'Urgent', 130);
INSERT INTO Visit (MemberID, DoctorID, AppointmentID, VisitDate, VisitTime, ChiefComplaint, Diagnosis, VitalSigns, TreatmentNotes, FollowUpRequired, FollowUpDate, VisitType, Status) VALUES (260, 45, 529, '2025-07-08', '12:20:00', 'Stomach ache', 'Contact dermatitis', '{"bp":"119/88","temp":101.5}', 'Advised rest, medication prescribed', FALSE, NULL, 'Scheduled', 'Completed');
INSERT INTO Prescription (VisitID, MemberID, DoctorID, IssueDate, ValidUntil, Diagnosis, SpecialInstructions, Status) VALUES (284, 260, 45, '2025-07-08', '2025-07-18', 'Contact dermatitis', 'Take medicines after meals', 'Active');
INSERT INTO PrescriptionItem (PrescriptionID, MedicineID, Dosage, Frequency, Duration, Quantity) VALUES (284, 9, '400mg', 'As needed', '10 days', 9);
INSERT INTO PrescriptionItem (PrescriptionID, MedicineID, Dosage, Frequency, Duration, Quantity) VALUES (284, 28, '400mg', 'Thrice daily', '5 days', 10);
INSERT INTO BillPayment (VisitID, BillDate, BillTime, ConsultationFee, MedicineCost, LabTestCost, OtherCharges, SubTotal, DiscountAmount, TaxAmount, TotalAmount, PaymentMethod, PaymentStatus, PaidAmount, BalanceAmount, BilledBy) VALUES (284, '2025-07-08', '14:15:00', 50, 174.83, 0.00, 0.00, 224.83, 0.0, 0.0, 224.83, 'Card', 'Paid', 224.83, 0.00, 2);
INSERT INTO Appointment (MemberID, DoctorID, AppointmentDate, AppointmentTime, Symptoms, Status, Priority, TokenNumber) VALUES (260, 38, '2025-05-02', '14:00:00', 'Ear pain', 'Completed', 'Normal', 229);
INSERT INTO Visit (MemberID, DoctorID, AppointmentID, VisitDate, VisitTime, ChiefComplaint, Diagnosis, VitalSigns, TreatmentNotes, FollowUpRequired, FollowUpDate, VisitType, Status) VALUES (260, 38, 530, '2025-05-02', '15:20:00', 'Ear pain', 'Insomnia', '{"bp":"123/85","temp":102.5}', 'Advised rest, medication prescribed', FALSE, NULL, 'Scheduled', 'Completed');
INSERT INTO Prescription (VisitID, MemberID, DoctorID, IssueDate, ValidUntil, Diagnosis, SpecialInstructions, Status) VALUES (285, 260, 38, '2025-05-02', '2025-05-12', 'Insomnia', 'Take medicines after meals', 'Active');
INSERT INTO PrescriptionItem (PrescriptionID, MedicineID, Dosage, Frequency, Duration, Quantity) VALUES (285, 2, '20mg', 'Once daily', '3 days', 12);
INSERT INTO PrescriptionItem (PrescriptionID, MedicineID, Dosage, Frequency, Duration, Quantity) VALUES (285, 11, '250mg', 'Once daily', '5 days', 5);
INSERT INTO PrescriptionItem (PrescriptionID, MedicineID, Dosage, Frequency, Duration, Quantity) VALUES (285, 3, '500mg', 'Thrice daily', '7 days', 6);
INSERT INTO BillPayment (VisitID, BillDate, BillTime, ConsultationFee, MedicineCost, LabTestCost, OtherCharges, SubTotal, DiscountAmount, TaxAmount, TotalAmount, PaymentMethod, PaymentStatus, PaidAmount, BalanceAmount, BilledBy) VALUES (285, '2025-05-02', '17:00:00', 200, 29.12, 0.00, 0.00, 229.12, 0.0, 0.0, 229.12, 'Card', 'Paid', 229.12, 0.00, 2);

SET FOREIGN_KEY_CHECKS=1;

-- Recreate appointment date triggers
DELIMITER //

CREATE TRIGGER trg_check_appointment_date
BEFORE INSERT ON Appointment
FOR EACH ROW
BEGIN
    IF NEW.AppointmentDate < CURDATE() THEN
        SIGNAL SQLSTATE '45000'
        SET MESSAGE_TEXT = 'Appointment date cannot be in the past';
    END IF;
END//

CREATE TRIGGER trg_update_appointment_date
BEFORE UPDATE ON Appointment
FOR EACH ROW
BEGIN
    IF NEW.AppointmentDate < CURDATE() THEN
        SIGNAL SQLSTATE '45000'
        SET MESSAGE_TEXT = 'Appointment date cannot be in the past';
    END IF;
END//

DELIMITER ;


-- Verification counts
SELECT 'SuperAdmin' AS tbl, COUNT(*) AS cnt FROM SuperAdmin
UNION ALL SELECT 'Doctor', COUNT(*) FROM Doctor
UNION ALL SELECT 'StaffEmployee', COUNT(*) FROM StaffEmployee
UNION ALL SELECT 'Member', COUNT(*) FROM Member
UNION ALL SELECT 'Medicine', COUNT(*) FROM Medicine
UNION ALL SELECT 'Inventory', COUNT(*) FROM Inventory
UNION ALL SELECT 'MedicalHistory', COUNT(*) FROM MedicalHistory
UNION ALL SELECT 'Appointment', COUNT(*) FROM Appointment
UNION ALL SELECT 'Visit', COUNT(*) FROM Visit
UNION ALL SELECT 'Prescription', COUNT(*) FROM Prescription
UNION ALL SELECT 'PrescriptionItem', COUNT(*) FROM PrescriptionItem
UNION ALL SELECT 'BillPayment', COUNT(*) FROM BillPayment;